{"stats":{"minecraft:custom":{"minecraft:animals_bred":1,"minecraft:interact_with_crafting_table":177,"minecraft:open_barrel":36,"minecraft:open_shulker_box":40,"minecraft:bell_ring":40,"minecraft:leave_game":54,"minecraft:time_since_death":1467194,"minecraft:sprint_one_cm":3160206,"minecraft:drop":570,"minecraft:talked_to_villager":55,"minecraft:play_time":1467194,"minecraft:jump":19239,"minecraft:interact_with_brewingstand":1,"minecraft:walk_on_water_one_cm":172758,"minecraft:interact_with_furnace":156,"minecraft:traded_with_villager":1,"minecraft:interact_with_loom":4,"minecraft:sleep_in_bed":57,"minecraft:open_enderchest":1,"minecraft:damage_dealt":1340,"minecraft:crouch_one_cm":124174,"minecraft:horse_one_cm":418958,"minecraft:interact_with_anvil":1,"minecraft:mob_kills":17,"minecraft:inspect_hopper":2,"minecraft:climb_one_cm":104016,"minecraft:walk_one_cm":1780995,"minecraft:sneak_time":53016,"minecraft:walk_under_water_one_cm":268706,"minecraft:boat_one_cm":270180,"minecraft:total_world_time":1467194,"minecraft:pot_flower":1,"minecraft:interact_with_stonecutter":8,"minecraft:interact_with_grindstone":2,"minecraft:time_since_rest":33874,"minecraft:damage_taken":7538,"minecraft:fly_one_cm":3864894,"minecraft:swim_one_cm":592219,"minecraft:open_chest":603,"minecraft:aviate_one_cm":1300069,"minecraft:fall_one_cm":464547},"minecraft:picked_up":{"minecraft:shulker_shell":3,"minecraft:iron_chestplate":1,"minecraft:lead":9,"minecraft:diamond_sword":1,"minecraft:enchanted_book":6,"create:copper_diving_boots":1,"minecraft:string":1,"minecraft:raw_copper":35,"create:limestone":4,"minecraft:purple_banner":6,"create:water_wheel":11,"minecraft:cobbled_deepslate":57,"minecraft:bucket":2,"minecraft:dark_oak_leaves":7,"minecraft:spruce_planks":47,"minecraft:eye_armor_trim_smithing_template":6,"minecraft:white_tulip":3,"minecraft:rose_bush":8,"minecraft:azalea":1,"minecraft:iron_pickaxe":2,"minecraft:melon_slice":7,"minecraft:iron_boots":1,"minecraft:stick":50,"minecraft:oak_fence":1,"create:andesite_casing":2,"minecraft:spruce_stairs":42,"minecraft:porkchop":4,"minecraft:vine":13,"minecraft:yellow_banner":15,"minecraft:cactus":22,"minecraft:carved_pumpkin":2,"create:veridium":4,"minecraft:obsidian":30,"minecraft:cobblestone":10,"minecraft:birch_log":13,"minecraft:dune_armor_trim_smithing_template":6,"minecraft:feather":2,"minecraft:andesite":13,"minecraft:jungle_log":2,"minecraft:brown_wool":4,"minecraft:potato":8,"minecraft:flint":171,"minecraft:tuff":1,"create:raw_zinc":6,"minecraft:lapis_lazuli":3,"minecraft:dirt":193,"minecraft:glass":52,"minecraft:bone":4,"minecraft:orange_tulip":5,"minecraft:wheat_seeds":2,"minecraft:light_blue_dye":1,"minecraft:rabbit":1,"minecraft:oak_planks":11,"minecraft:glow_lichen":133,"create:cuckoo_clock":3,"minecraft:jungle_planks":3,"minecraft:sand":481,"minecraft:stripped_spruce_log":5,"minecraft:loom":2,"minecraft:cyan_bed":1,"minecraft:dark_oak_log":20,"minecraft:shulker_box":21,"create:crimsite":60,"minecraft:diamond":78,"minecraft:soul_lantern":2,"minecraft:writable_book":1,"minecraft:bone_meal":1,"minecraft:golden_horse_armor":1,"minecraft:blue_banner":4,"minecraft:rooted_dirt":1,"minecraft:oak_sapling":47,"minecraft:chorus_fruit":22,"minecraft:netherrack":2,"minecraft:bricks":4,"minecraft:oak_leaves":14,"minecraft:end_stone_bricks":1,"minecraft:cocoa_beans":3,"minecraft:crafting_table":1,"minecraft:allium":27,"minecraft:chicken":4,"minecraft:ladder":7,"minecraft:leather_leggings":2,"minecraft:cornflower":29,"minecraft:elytra":1,"minecraft:moss_carpet":1,"minecraft:item_frame":2,"create:deepslate_zinc_ore":3,"minecraft:cyan_carpet":9,"minecraft:blackstone":6,"minecraft:beef":5,"minecraft:player_head":2,"minecraft:cyan_wool":13,"minecraft:iron_nugget":98,"minecraft:poppy":12,"minecraft:sugar_cane":58,"minecraft:chest":3,"minecraft:birch_sapling":4,"minecraft:spruce_trapdoor":12,"minecraft:egg":44,"minecraft:raw_iron":4,"minecraft:sandstone":6,"minecraft:end_stone":1,"minecraft:stone":2,"minecraft:glow_item_frame":1,"create:copper_backtank":9,"minecraft:redstone":1,"minecraft:arrow":1,"minecraft:peony":1,"minecraft:shears":1,"minecraft:saddle":2,"minecraft:black_banner":1,"minecraft:glow_berries":7,"minecraft:mutton":7,"minecraft:rail":3,"minecraft:white_wool":81,"minecraft:purple_dye":11,"minecraft:jungle_boat":1,"minecraft:tripwire_hook":1,"minecraft:magenta_banner":2,"minecraft:leather":3,"minecraft:red_mushroom":5,"minecraft:filled_map":1,"minecraft:birch_planks":1,"minecraft:oak_log":132,"create:andesite_alloy":4,"minecraft:cobbled_deepslate_stairs":1,"minecraft:gunpowder":1,"minecraft:cobblestone_stairs":1,"minecraft:red_carpet":1,"minecraft:apple":49,"minecraft:gray_carpet":6,"minecraft:rabbit_hide":1,"minecraft:spore_blossom":1,"minecraft:iron_ingot":1,"minecraft:stone_pickaxe":1,"minecraft:book":6,"minecraft:pumpkin":5,"minecraft:gravel":64,"minecraft:dead_fire_coral_block":1,"minecraft:red_banner":3,"minecraft:spruce_sapling":29,"minecraft:white_bed":1,"minecraft:spruce_log":123,"minecraft:spruce_door":1,"minecraft:dragon_egg":1,"create:copper_diving_helmet":1,"create:millstone":1,"minecraft:firework_rocket":21,"minecraft:slime_ball":11,"minecraft:stone_axe":1,"minecraft:iron_helmet":1,"minecraft:gray_wool":1,"minecraft:black_wool":5},"minecraft:crafted":{"minecraft:black_dye":1,"minecraft:oak_planks":16,"create:copper_diving_boots":1,"minecraft:magenta_banner":1,"minecraft:diamond_shovel":1,"minecraft:cooked_mutton":2,"minecraft:shulker_box":1,"minecraft:green_dye":27,"minecraft:glass":16,"minecraft:iron_boots":1,"minecraft:chest":5,"minecraft:copper_block":1,"create:cuckoo_clock":1,"minecraft:magenta_dye":8,"create:cogwheel":1,"minecraft:name_tag":1,"minecraft:diamond_axe":1,"minecraft:crafting_table":2,"minecraft:spruce_planks":299,"minecraft:jungle_boat":1,"minecraft:iron_helmet":1,"minecraft:wooden_pickaxe":1,"minecraft:baked_potato":25,"minecraft:spruce_door":3,"minecraft:clock":1,"minecraft:copper_ingot":19,"minecraft:purple_banner":1,"minecraft:birch_planks":20,"minecraft:spruce_trapdoor":12,"create:water_wheel":1,"minecraft:charcoal":5,"minecraft:string":20,"minecraft:diamond_pickaxe":1,"minecraft:iron_chestplate":1,"minecraft:paper":6,"minecraft:purple_dye":18,"minecraft:stick":73,"minecraft:iron_ingot":9,"minecraft:iron_pickaxe":1,"minecraft:gold_ingot":6,"minecraft:light_gray_dye":3,"minecraft:cyan_carpet":3,"minecraft:green_carpet":8,"minecraft:cyan_wool":39,"minecraft:shears":1,"minecraft:purple_wool":6,"minecraft:magenta_wool":6,"minecraft:iron_nugget":18,"minecraft:player_head":8,"minecraft:cobbled_deepslate":3,"create:copper_backtank":1,"minecraft:white_carpet":12,"minecraft:diamond_block":6,"minecraft:glass_pane":80,"minecraft:spruce_stairs":72,"minecraft:ladder":24,"create:millstone":1,"minecraft:stone_pickaxe":1,"minecraft:diamond_boots":1,"minecraft:cobbled_deepslate_stairs":8,"minecraft:red_dye":19,"create:andesite_alloy":6,"minecraft:cyan_dye":40,"minecraft:cyan_bed":2,"create:goggles":1,"minecraft:bucket":2,"minecraft:orange_dye":1,"minecraft:bread":27,"minecraft:air":0,"minecraft:jungle_planks":8,"minecraft:blue_dye":29,"minecraft:white_dye":1,"minecraft:wooden_axe":1,"minecraft:iron_leggings":1,"create:shaft":8,"create:copper_diving_helmet":1,"create:zinc_ingot":3,"minecraft:trapped_chest":1,"minecraft:firework_rocket":9},"minecraft:mined":{"minecraft:spruce_planks":43,"minecraft:white_bed":1,"minecraft:cobbled_deepslate_stairs":1,"minecraft:magenta_banner":2,"create:andesite_casing":2,"minecraft:cobblestone_stairs":1,"minecraft:carved_pumpkin":1,"minecraft:obsidian":19,"minecraft:spruce_trapdoor":12,"minecraft:cave_vines_plant":6,"minecraft:grass_block":1,"minecraft:brown_wool":1,"minecraft:jungle_log":2,"minecraft:fire":8,"minecraft:iron_ore":5,"minecraft:cobbled_deepslate":37,"minecraft:pumpkin":5,"minecraft:cave_vines":5,"create:veridium":3,"minecraft:cut_sandstone":2,"minecraft:blue_wall_banner":4,"minecraft:blackstone":6,"minecraft:poppy":12,"minecraft:chest":3,"minecraft:dead_bush":1,"minecraft:glass":6,"minecraft:cyan_bed":1,"minecraft:sugar_cane":23,"minecraft:oak_planks":4,"create:cuckoo_clock":3,"minecraft:seagrass":1,"minecraft:cyan_wool":13,"minecraft:blue_terracotta":1,"minecraft:birch_log":13,"minecraft:purple_banner":2,"minecraft:orange_tulip":4,"minecraft:grass":26,"create:vertical_framed_glass_pane":1,"minecraft:oak_log":9,"minecraft:loom":2,"minecraft:sand":384,"minecraft:tripwire_hook":1,"create:crimsite":31,"minecraft:oak_leaves":25,"minecraft:deepslate":11,"create:zinc_ore":6,"minecraft:yellow_terracotta":2,"create:copper_backtank":8,"minecraft:yellow_wall_banner":15,"create:millstone":2,"minecraft:dark_oak_leaves":8,"minecraft:dark_oak_log":20,"minecraft:end_stone":1,"minecraft:shulker_box":20,"minecraft:glow_lichen":111,"minecraft:ladder":6,"minecraft:allium":15,"minecraft:black_banner":1,"minecraft:jungle_planks":3,"minecraft:spruce_leaves":17,"minecraft:red_mushroom":6,"minecraft:rooted_dirt":1,"minecraft:sandstone":7,"minecraft:large_fern":1,"minecraft:spore_blossom":1,"minecraft:andesite":4,"minecraft:stripped_spruce_log":5,"minecraft:peony":1,"minecraft:vine":14,"minecraft:chorus_plant":1,"minecraft:stone":4,"minecraft:white_tulip":3,"minecraft:fire_coral_block":1,"minecraft:white_wool":2,"minecraft:glass_pane":2,"minecraft:crafting_table":1,"minecraft:cornflower":26,"minecraft:purple_wall_banner":1,"minecraft:rose_bush":8,"create:water_wheel":10,"minecraft:lectern":1,"minecraft:tall_grass":1,"minecraft:copper_ore":10,"minecraft:spruce_stairs":42,"minecraft:birch_planks":1,"minecraft:cactus":10,"minecraft:spruce_log":122,"minecraft:birch_leaves":2,"minecraft:red_wall_banner":3,"minecraft:black_wool":2,"minecraft:cocoa":1,"minecraft:cyan_carpet":2,"minecraft:gray_carpet":4,"minecraft:small_dripleaf":1,"minecraft:fern":2},"minecraft:killed":{"minecraft:skeleton":1,"minecraft:chicken":5,"minecraft:pig":2,"minecraft:sheep":6,"minecraft:zombie":1,"minecraft:cow":2},"minecraft:dropped":{"minecraft:birch_planks":1,"minecraft:chorus_fruit":1,"minecraft:oak_log":119,"minecraft:diamond":4,"minecraft:saddle":1,"create:deepslate_zinc_ore":3,"minecraft:rail":3,"minecraft:red_mushroom":5,"minecraft:red_carpet":1,"minecraft:flint":171,"minecraft:dirt":192,"minecraft:cornflower":3,"minecraft:sand":42,"minecraft:iron_pickaxe":1,"minecraft:birch_log":5,"minecraft:gravel":64,"minecraft:sugar_cane":25,"minecraft:iron_nugget":83,"minecraft:cobbled_deepslate":7,"minecraft:birch_sapling":2,"minecraft:soul_lantern":2,"minecraft:shulker_shell":1,"minecraft:charcoal":4,"minecraft:ladder":1,"minecraft:glass":63,"create:andesite_alloy":2,"minecraft:egg":2,"minecraft:iron_ingot":2,"minecraft:vine":1,"minecraft:wheat_seeds":1,"minecraft:feather":1,"minecraft:cobblestone":7,"minecraft:apple":4,"minecraft:copper_ingot":7,"minecraft:spruce_door":1,"minecraft:stick":19,"minecraft:dark_oak_leaves":2,"minecraft:cactus":1,"minecraft:string":4,"minecraft:bucket":1,"minecraft:gray_carpet":1,"minecraft:bricks":4,"minecraft:cocoa_beans":2,"minecraft:tuff":1,"minecraft:chicken":1,"minecraft:iron_boots":1,"minecraft:glow_lichen":4,"minecraft:shulker_box":1,"minecraft:potato":8,"minecraft:stone":2,"minecraft:allium":4,"minecraft:spruce_planks":1,"minecraft:dragon_egg":1,"minecraft:oak_sapling":46,"minecraft:stone_pickaxe":1,"minecraft:black_wool":2},"minecraft:used":{"minecraft:beetroot":3,"minecraft:poppy":9,"minecraft:ladder":6,"minecraft:elytra":1,"minecraft:chest":3,"minecraft:player_head":1,"minecraft:iron_chestplate":1,"minecraft:mutton":13,"minecraft:cocoa_beans":1,"minecraft:jungle_planks":3,"minecraft:cyan_wool":39,"minecraft:obsidian":16,"minecraft:glass":185,"minecraft:birch_sapling":2,"minecraft:iron_helmet":3,"minecraft:dark_oak_leaves":2,"create:millstone":2,"minecraft:item_frame":6,"minecraft:bow":1,"minecraft:sweet_berries":2,"minecraft:oak_sapling":1,"minecraft:egg":40,"create:copper_diving_boots":1,"minecraft:potato":36,"minecraft:diamond_boots":1,"minecraft:end_stone_bricks":1,"minecraft:spruce_door":2,"minecraft:stone_pickaxe":40,"minecraft:gray_carpet":20,"minecraft:chorus_fruit":13,"minecraft:oak_planks":5,"minecraft:blackstone":6,"create:crimsite":2,"minecraft:wooden_pickaxe":3,"minecraft:sandstone":6,"minecraft:diamond_axe":16,"create:copper_diving_helmet":1,"minecraft:jungle_boat":2,"minecraft:oak_leaves":14,"minecraft:glow_berries":11,"minecraft:white_wool":7,"minecraft:golden_apple":2,"minecraft:sand":105,"minecraft:loom":1,"minecraft:black_banner":1,"minecraft:shears":36,"minecraft:end_stone":1,"minecraft:cobbled_deepslate_stairs":5,"minecraft:dark_oak_log":20,"minecraft:firework_rocket":8,"create:copper_backtank":12,"minecraft:cyan_bed":3,"minecraft:brown_wool":1,"minecraft:bread":98,"minecraft:cyan_carpet":12,"minecraft:lime_carpet":9,"minecraft:melon_slice":15,"minecraft:diamond_sword":8,"minecraft:flint_and_steel":1,"minecraft:carved_pumpkin":1,"create:veridium":1,"minecraft:spruce_planks":208,"create:cuckoo_clock":3,"minecraft:dirt":1,"minecraft:spruce_stairs":110,"minecraft:shulker_box":20,"minecraft:glow_lichen":94,"minecraft:purple_banner":4,"minecraft:wooden_axe":44,"minecraft:rooted_dirt":1,"minecraft:golden_carrot":3,"minecraft:beef":12,"minecraft:cooked_beef":5,"minecraft:cobbled_deepslate":177,"minecraft:pumpkin":3,"minecraft:iron_leggings":1,"minecraft:cooked_mutton":2,"minecraft:yellow_banner":11,"minecraft:water_bucket":13,"minecraft:lead":3,"minecraft:rabbit":1,"minecraft:birch_planks":3,"minecraft:baked_potato":25,"minecraft:glow_item_frame":2,"minecraft:vine":12,"minecraft:crafting_table":2,"minecraft:dead_fire_coral_block":1,"minecraft:white_bed":1,"minecraft:spruce_log":37,"minecraft:black_wool":2,"minecraft:diamond_pickaxe":46,"minecraft:apple":191,"minecraft:chicken":3,"minecraft:iron_pickaxe":119,"create:water_wheel":11,"minecraft:spruce_trapdoor":14,"minecraft:spruce_sapling":3,"minecraft:stone_axe":76,"minecraft:magenta_banner":2,"minecraft:green_carpet":13,"minecraft:porkchop":11,"minecraft:red_banner":3,"minecraft:bucket":13,"minecraft:glass_pane":24},"minecraft:broken":{"minecraft:stone_axe":1,"minecraft:wooden_axe":1}},"DataVersion":3465}