{"stats":{"minecraft:used":{"minecraft:stone_sword":5,"create:limestone":34,"minecraft:acacia_log":6,"minecraft:stone_shovel":205,"minecraft:chest":5,"minecraft:netherrack":11,"minecraft:stone_hoe":28,"minecraft:iron_chestplate":1,"minecraft:torch":58,"minecraft:dirt":105,"minecraft:mutton":8,"minecraft:brick_slab":9,"minecraft:acacia_sapling":2,"minecraft:granite":189,"minecraft:wooden_axe":18,"minecraft:bricks":68,"minecraft:iron_helmet":1,"minecraft:iron_boots":1,"minecraft:stone_bricks":2,"minecraft:golden_sword":129,"minecraft:beef":3,"minecraft:furnace":3,"minecraft:gray_bed":3,"minecraft:acacia_planks":231,"minecraft:golden_axe":34,"minecraft:iron_leggings":1,"minecraft:quartz_bricks":1,"minecraft:wheat_seeds":18,"minecraft:cooked_mutton":17,"minecraft:acacia_boat":8,"minecraft:water_bucket":79,"minecraft:acacia_trapdoor":3,"minecraft:stone_pickaxe":832,"minecraft:oak_planks":16,"minecraft:ender_pearl":2,"minecraft:wooden_pickaxe":31,"minecraft:white_wool":1,"minecraft:golden_hoe":32,"minecraft:sand":1,"minecraft:crafting_table":16,"minecraft:loom":1,"minecraft:blast_furnace":2,"minecraft:smoker":1,"minecraft:diamond_pickaxe":17,"minecraft:apple":2,"minecraft:acacia_door":18,"minecraft:bread":19,"minecraft:iron_pickaxe":261,"minecraft:spruce_trapdoor":1,"minecraft:stone_axe":202,"minecraft:wooden_sword":37,"minecraft:cobblestone":94,"minecraft:grindstone":1,"minecraft:white_banner":2,"minecraft:porkchop":19,"minecraft:smithing_table":1,"minecraft:bucket":81,"minecraft:andesite":141,"minecraft:oak_boat":6,"minecraft:golden_pickaxe":32},"minecraft:mined":{"create:zinc_ore":2,"minecraft:tuff":7,"minecraft:quartz_stairs":4,"minecraft:jungle_leaves":1,"minecraft:spruce_trapdoor":1,"minecraft:granite":395,"minecraft:acacia_log":86,"minecraft:grass_block":74,"minecraft:jungle_log":22,"minecraft:spruce_leaves":1,"minecraft:cartography_table":1,"minecraft:moss_block":4,"minecraft:tall_seagrass":11,"minecraft:magma_block":4,"minecraft:furnace":2,"minecraft:acacia_trapdoor":1,"minecraft:iron_ore":40,"minecraft:fire":1,"minecraft:barrel":2,"minecraft:andesite":183,"minecraft:bookshelf":25,"minecraft:vine":5,"minecraft:birch_wall_sign":1,"minecraft:stone":263,"minecraft:white_banner":1,"minecraft:white_wool":1,"create:limestone":47,"minecraft:tripwire":1,"minecraft:birch_stairs":2,"minecraft:acacia_leaves":43,"minecraft:smoker":1,"minecraft:crafting_table":13,"minecraft:clay":87,"minecraft:torch":15,"minecraft:cyan_stained_glass_pane":2,"minecraft:blast_furnace":2,"minecraft:andesite_slab":3,"minecraft:tall_grass":27,"minecraft:copper_ore":27,"minecraft:cobblestone":2,"minecraft:deepslate_coal_ore":14,"minecraft:quartz_bricks":3,"minecraft:red_glazed_terracotta":1,"minecraft:lapis_ore":11,"minecraft:grindstone":1,"minecraft:oak_planks":1,"minecraft:sugar_cane":3,"minecraft:bricks":8,"minecraft:wall_torch":15,"minecraft:deepslate_copper_ore":1,"minecraft:seagrass":9,"minecraft:cactus":1,"minecraft:coarse_dirt":6,"minecraft:brick_slab":22,"minecraft:wheat":5,"minecraft:sweet_berry_bush":5,"minecraft:gray_bed":3,"minecraft:birch_leaves":1,"minecraft:white_wall_banner":1,"minecraft:grass":80,"minecraft:coal_ore":28,"minecraft:oak_log":11,"minecraft:cocoa":6,"minecraft:acacia_door":12,"minecraft:cherry_leaves":9,"minecraft:loom":2,"minecraft:gravel":3,"minecraft:sand":2,"minecraft:dirt":37,"minecraft:cracked_stone_bricks":1,"minecraft:acacia_planks":4,"minecraft:netherrack":12,"create:crimsite":68,"minecraft:oak_leaves":15,"minecraft:fern":12,"minecraft:deepslate":4},"minecraft:broken":{"minecraft:golden_hoe":1,"minecraft:stone_pickaxe":4,"minecraft:golden_sword":1,"minecraft:golden_axe":1,"minecraft:iron_pickaxe":1,"minecraft:golden_pickaxe":1},"minecraft:picked_up":{"minecraft:cocoa_beans":22,"minecraft:crafting_table":13,"minecraft:coarse_dirt":3,"minecraft:wheat":4,"minecraft:azure_bluet":1,"minecraft:chicken":7,"minecraft:flower_pot":1,"minecraft:clay_ball":336,"minecraft:enchanted_book":2,"minecraft:cornflower":1,"minecraft:string":2,"minecraft:raw_copper":93,"create:limestone":47,"minecraft:acacia_door":17,"minecraft:wooden_sword":2,"minecraft:white_carpet":2,"minecraft:cracked_stone_bricks":1,"minecraft:diamond_leggings":1,"minecraft:cartography_table":2,"minecraft:cobbled_deepslate":4,"minecraft:beef":4,"minecraft:oak_boat":6,"minecraft:poppy":1,"minecraft:coal_block":1,"minecraft:sugar_cane":10,"minecraft:quartz_stairs":8,"minecraft:chest":2,"minecraft:spruce_trapdoor":1,"minecraft:egg":1,"minecraft:furnace":2,"minecraft:stick":24,"minecraft:raw_iron":47,"minecraft:torch":30,"minecraft:acacia_log":86,"minecraft:porkchop":37,"minecraft:stone_shovel":1,"minecraft:cactus":2,"minecraft:rotten_flesh":2,"minecraft:iron_block":84,"minecraft:mutton":29,"minecraft:white_wool":12,"minecraft:cobblestone":266,"minecraft:feather":9,"minecraft:magma_block":4,"minecraft:andesite":137,"minecraft:jungle_log":22,"minecraft:yellow_dye":1,"minecraft:leather":7,"minecraft:red_glazed_terracotta":1,"minecraft:smoker":1,"minecraft:tuff":7,"create:raw_zinc":2,"minecraft:oak_log":11,"minecraft:acacia_boat":9,"minecraft:paper":7,"minecraft:lapis_lazuli":70,"minecraft:dirt":110,"minecraft:white_banner":2,"minecraft:acacia_planks":45,"minecraft:apple":2,"minecraft:acacia_trapdoor":1,"minecraft:wheat_seeds":21,"minecraft:grindstone":1,"minecraft:iron_ingot":10,"minecraft:stone_pickaxe":1,"minecraft:diamond_helmet":1,"minecraft:moss_block":6,"minecraft:gray_bed":3,"minecraft:oak_planks":1,"minecraft:acacia_sapling":29,"minecraft:book":74,"minecraft:sweet_berries":20,"minecraft:dandelion":1,"minecraft:gravel":3,"minecraft:sand":3,"minecraft:blast_furnace":2,"minecraft:loom":2,"minecraft:crying_obsidian":1,"minecraft:barrel":2,"minecraft:brick_slab":36,"minecraft:quartz_bricks":5,"create:crimsite":64,"minecraft:diamond":2,"minecraft:stone_axe":2,"minecraft:granite":326,"minecraft:birch_sign":2,"minecraft:gray_wool":1,"minecraft:bread":25,"minecraft:emerald":8,"minecraft:netherrack":12,"minecraft:bricks":8,"minecraft:andesite_slab":4,"minecraft:oak_sapling":11,"minecraft:coal":52,"minecraft:ender_pearl":16},"minecraft:crafted":{"minecraft:brick":60,"minecraft:wooden_sword":1,"minecraft:oak_planks":44,"minecraft:stone_shovel":2,"minecraft:furnace":1,"minecraft:cooked_mutton":17,"minecraft:iron_boots":1,"minecraft:stone_pickaxe":7,"minecraft:chest":5,"minecraft:diamond_boots":1,"minecraft:bricks":60,"minecraft:stone_hoe":1,"minecraft:emerald":92,"minecraft:crafting_table":7,"minecraft:wooden_pickaxe":3,"minecraft:iron_helmet":1,"minecraft:acacia_trapdoor":12,"minecraft:smithing_table":1,"minecraft:bucket":2,"minecraft:stone_axe":14,"minecraft:acacia_boat":1,"minecraft:air":0,"minecraft:jungle_planks":88,"minecraft:oak_boat":4,"minecraft:iron_chestplate":1,"minecraft:diamond_pickaxe":1,"minecraft:stick":48,"minecraft:iron_ingot":393,"minecraft:iron_pickaxe":4,"minecraft:wooden_axe":1,"minecraft:stone_sword":1,"minecraft:acacia_door":6,"minecraft:iron_leggings":1,"minecraft:acacia_planks":320,"minecraft:torch":32,"minecraft:diamond_chestplate":1},"minecraft:dropped":{"minecraft:bread":11,"minecraft:stone_hoe":1,"minecraft:iron_ingot":65,"minecraft:cobblestone":1,"minecraft:granite":19,"minecraft:coal":4,"minecraft:flint":2,"minecraft:dirt":4,"minecraft:fire_charge":1,"minecraft:sand":1,"create:raw_zinc":2,"minecraft:gravel":3,"minecraft:iron_nugget":15,"minecraft:coarse_dirt":3,"minecraft:raw_copper":3,"minecraft:cocoa_beans":10,"minecraft:stone_shovel":2,"minecraft:rotten_flesh":5,"minecraft:quartz_bricks":2,"minecraft:oak_sapling":1,"create:limestone":13,"minecraft:wooden_pickaxe":1,"minecraft:stone_pickaxe":1,"minecraft:brick_slab":7,"minecraft:netherrack":1},"minecraft:killed":{"minecraft:endermite":1,"minecraft:chicken":3,"minecraft:pig":16,"minecraft:zombie_villager":1,"minecraft:iron_golem":1,"minecraft:sheep":11,"minecraft:zombie":1,"minecraft:villager":1,"minecraft:cow":2},"minecraft:killed_by":{"minecraft:skeleton":1,"minecraft:zombie":2},"minecraft:custom":{"minecraft:mob_kills":37,"minecraft:interact_with_crafting_table":48,"minecraft:open_shulker_box":2,"minecraft:leave_game":11,"minecraft:time_since_death":155185,"minecraft:climb_one_cm":4385,"minecraft:sprint_one_cm":853657,"minecraft:walk_one_cm":328432,"minecraft:drop":36,"minecraft:talked_to_villager":70,"minecraft:play_time":249801,"minecraft:deaths":7,"minecraft:sneak_time":39878,"minecraft:walk_under_water_one_cm":23996,"minecraft:boat_one_cm":10375,"minecraft:jump":4402,"minecraft:walk_on_water_one_cm":19940,"minecraft:total_world_time":249801,"minecraft:interact_with_furnace":51,"minecraft:traded_with_villager":113,"minecraft:sleep_in_bed":11,"minecraft:time_since_rest":9815,"minecraft:damage_taken":3881,"minecraft:damage_dealt":4677,"minecraft:swim_one_cm":110743,"minecraft:fly_one_cm":765383,"minecraft:open_chest":56,"minecraft:crouch_one_cm":84548,"minecraft:fall_one_cm":123436}},"DataVersion":3465}