{"stats":{"minecraft:custom":{"minecraft:interact_with_crafting_table":1346,"minecraft:open_barrel":718,"minecraft:bell_ring":1,"minecraft:leave_game":99,"minecraft:time_since_death":3280,"minecraft:play_time":4324133,"minecraft:deaths":6,"minecraft:jump":44455,"minecraft:enchant_item":19,"minecraft:interact_with_furnace":320,"minecraft:traded_with_villager":2766,"minecraft:sleep_in_bed":276,"minecraft:damage_dealt":44031,"minecraft:inspect_dispenser":2,"minecraft:horse_one_cm":144511,"minecraft:interact_with_smithing_table":3,"minecraft:interact_with_anvil":36,"minecraft:inspect_hopper":14,"minecraft:damage_dealt_absorbed":280,"minecraft:sneak_time":222267,"minecraft:interact_with_blast_furnace":2,"minecraft:total_world_time":4324133,"minecraft:interact_with_stonecutter":110,"minecraft:time_since_rest":3583,"minecraft:swim_one_cm":1224804,"minecraft:fly_one_cm":8599354,"minecraft:open_chest":5169,"minecraft:fall_one_cm":803681,"minecraft:animals_bred":19,"minecraft:open_shulker_box":317,"minecraft:sprint_one_cm":7084499,"minecraft:drop":1574,"minecraft:talked_to_villager":807,"minecraft:interact_with_brewingstand":3,"minecraft:walk_on_water_one_cm":312645,"minecraft:open_enderchest":2,"minecraft:crouch_one_cm":452483,"minecraft:mob_kills":378,"minecraft:damage_dealt_resisted":306,"minecraft:climb_one_cm":186175,"minecraft:walk_one_cm":7474459,"minecraft:walk_under_water_one_cm":743140,"minecraft:boat_one_cm":276913,"minecraft:interact_with_grindstone":19,"minecraft:damage_taken":13794},"minecraft:picked_up":{"minecraft:seagrass":8,"minecraft:iron_chestplate":6,"minecraft:anvil":1,"minecraft:stone_slab":131,"minecraft:smithing_table":2,"minecraft:lead":12,"minecraft:diamond_sword":5,"create:wrench":3,"minecraft:enchanted_book":1,"create:tiled_glass_pane":4,"minecraft:brewing_stand":2,"minecraft:golden_sword":1,"minecraft:polished_deepslate":34,"minecraft:string":5,"create:limestone":56,"create:unprocessed_obsidian_sheet":9,"create:water_wheel":4,"minecraft:diamond_leggings":1,"create:cart_assembler":1,"minecraft:gold_nugget":751,"minecraft:cobbled_deepslate":2443,"minecraft:black_glazed_terracotta":22,"minecraft:spruce_planks":57,"minecraft:written_book":3,"minecraft:melon_slice":46,"minecraft:golden_helmet":1,"minecraft:beehive":19,"create:andesite_casing":73,"minecraft:purpur_pillar":17,"minecraft:acacia_log":9,"minecraft:sandstone_wall":1,"minecraft:deepslate_tile_stairs":5,"minecraft:golden_chestplate":1,"minecraft:cauldron":2,"minecraft:black_dye":1,"minecraft:yellow_banner":8,"minecraft:lime_carpet":19,"create:clipboard":1,"create:scoria":1,"create:track":259,"create:ochrum":2,"minecraft:carved_pumpkin":4,"minecraft:cyan_terracotta":1,"minecraft:end_rod":11,"create:mechanical_arm":7,"minecraft:iron_bars":1,"minecraft:birch_log":417,"minecraft:furnace_minecart":4,"minecraft:magma_block":11,"minecraft:feather":3,"minecraft:cooked_beef":8,"minecraft:water_bucket":3,"minecraft:birch_slab":12,"minecraft:jungle_log":2,"minecraft:flint":1727,"minecraft:stripped_spruce_wood":1,"minecraft:cherry_fence":34,"minecraft:gray_concrete":175,"create:mechanical_plough":1,"create:encased_chain_drive":1,"minecraft:stonecutter":2,"create:mechanical_drill":24,"create:shaft":79,"minecraft:moss_block":3,"create:super_glue":1,"create:empty_blaze_burner":1,"minecraft:stripped_crimson_stem":1,"create:copycat_panel":6,"create:cut_andesite_bricks":55,"create:steam_whistle":1,"minecraft:stripped_spruce_log":21,"minecraft:ink_sac":243,"create:tiled_glass":1,"minecraft:dark_oak_log":204,"minecraft:barrel":5,"create:crimsite":404,"minecraft:black_concrete_powder":1,"minecraft:deepslate":87,"minecraft:lever":6,"minecraft:bread":36,"create:framed_glass_door":1,"minecraft:bricks":297,"minecraft:light_blue_candle":2,"minecraft:crimson_roots":1,"minecraft:diamond_pickaxe":13,"minecraft:mud":6,"minecraft:crafting_table":10,"minecraft:clay_ball":318,"minecraft:leather_leggings":1,"create:cut_tuff_brick_slab":21,"minecraft:dragon_head":1,"minecraft:purpur_block":31,"minecraft:yellow_candle":6,"create:fluid_pipe":7,"minecraft:flint_and_steel":3,"create:horizontal_framed_glass":2,"create:deepslate_zinc_ore":26,"minecraft:glass_pane":2,"minecraft:cracked_stone_bricks":1,"create:brass_funnel":1,"minecraft:deepslate_diamond_ore":4,"minecraft:beef":60,"create:haunted_bell":4,"minecraft:cyan_wool":6,"create:white_seat":5,"minecraft:iron_nugget":1367,"minecraft:spruce_slab":52,"minecraft:minecart":1,"minecraft:chest":100,"minecraft:birch_sapling":42,"create:clutch":1,"minecraft:copper_ore":1,"minecraft:egg":222,"minecraft:black_stained_glass":90,"minecraft:sandstone":586,"minecraft:stone":7112,"minecraft:spruce_fence":4,"minecraft:white_dye":4,"create:copper_backtank":3,"minecraft:carrot":5,"minecraft:redstone":902,"create:brass_casing":5,"minecraft:prismarine_crystals":2,"create:vertical_gearbox":3,"minecraft:diamond_chestplate":1,"minecraft:beetroot_seeds":6,"minecraft:peony":12,"minecraft:diamond_boots":1,"minecraft:deepslate_bricks":1,"minecraft:hay_block":23,"minecraft:sandstone_stairs":5,"create:depot":4,"minecraft:gold_ingot":2,"minecraft:mutton":13,"minecraft:glow_berries":4,"minecraft:white_wool":89,"minecraft:rail":708,"minecraft:lapis_ore":3,"minecraft:stripped_oak_log":3,"create:iron_sheet":8,"create:vertical_framed_glass_pane":16,"minecraft:tripwire_hook":2,"minecraft:fern":20,"minecraft:purpur_stairs":3,"minecraft:oak_log":4825,"minecraft:ancient_debris":2,"minecraft:golden_boots":2,"create:crushing_wheel":5,"minecraft:apple":253,"minecraft:stone_bricks":6,"minecraft:kelp":578,"minecraft:stone_pickaxe":12,"create:metal_girder":24,"minecraft:magenta_stained_glass":1,"minecraft:dark_oak_stairs":4,"create:mechanical_saw":24,"minecraft:dark_oak_slab":3,"minecraft:yellow_concrete":20,"minecraft:red_wool":12,"minecraft:gravel":6838,"minecraft:spruce_sapling":34,"create:schematic":1,"minecraft:spruce_log":463,"minecraft:orange_candle":6,"minecraft:dragon_egg":1,"create:gearbox":3,"minecraft:leather_helmet":1,"minecraft:oak_wood":17,"create:millstone":2,"minecraft:diamond_shovel":1,"minecraft:coal_ore":3,"minecraft:purple_bed":2,"minecraft:slime_ball":11,"minecraft:stone_axe":2,"minecraft:light_blue_carpet":16,"create:mechanical_pump":3,"minecraft:diamond_axe":3,"minecraft:deepslate_redstone_ore":6,"minecraft:painting":6,"create:portable_storage_interface":1,"minecraft:oak_button":2,"minecraft:melon_seeds":1,"create:incomplete_track":101,"minecraft:stripped_dark_oak_log":17,"minecraft:hopper":2,"minecraft:ender_pearl":47,"minecraft:shulker_shell":7,"minecraft:ender_chest":3,"create:mechanical_crafter":42,"minecraft:yellow_wool":6,"minecraft:stone_brick_stairs":23,"create:furnace_minecart_contraption":1,"minecraft:raw_copper":279,"minecraft:deepslate_lapis_ore":2,"minecraft:smooth_stone_slab":83,"minecraft:iron_leggings":5,"minecraft:purple_banner":2,"create:andesite_funnel":41,"create:sand_paper":2,"minecraft:smooth_stone":674,"minecraft:bucket":10,"minecraft:white_tulip":4,"minecraft:rose_bush":2,"create:potato_cannon":1,"minecraft:calcite":51,"minecraft:iron_pickaxe":2,"minecraft:smooth_quartz":140,"minecraft:iron_boots":4,"minecraft:furnace":6,"minecraft:stick":1322,"minecraft:polished_deepslate_stairs":2,"minecraft:torch":49,"minecraft:spruce_stairs":12,"minecraft:porkchop":5,"create:polished_cut_tuff":13,"create:framed_glass":8,"create:schematicannon":5,"create:large_cogwheel":37,"create:cut_tuff_bricks":67,"minecraft:cactus":11,"minecraft:rotten_flesh":22,"minecraft:deepslate_brick_stairs":2,"minecraft:obsidian":36,"minecraft:cobblestone":2029,"minecraft:enchanting_table":1,"minecraft:leather_chestplate":1,"minecraft:andesite":972,"minecraft:golden_leggings":1,"minecraft:potato":40,"create:belt_connector":2,"minecraft:tuff":536,"minecraft:smooth_sandstone_stairs":29,"create:raw_zinc":295,"minecraft:stripped_birch_log":106,"minecraft:lapis_lazuli":365,"minecraft:dirt":1517,"minecraft:name_tag":1,"minecraft:leather_boots":1,"minecraft:glass":648,"minecraft:bone":10,"minecraft:wheat_seeds":15,"minecraft:bow":5,"minecraft:orange_tulip":1,"creategoggles:goggle_iron_helmet":2,"minecraft:raw_gold":22,"minecraft:light_blue_dye":2,"minecraft:grindstone":6,"minecraft:fletching_table":1,"minecraft:mossy_stone_bricks":3,"minecraft:cyan_candle":4,"minecraft:bamboo":32,"minecraft:oak_planks":574,"create:green_seat":33,"minecraft:cooked_porkchop":1,"create:cogwheel":45,"minecraft:sand":1171,"minecraft:melon":2,"minecraft:grass_block":1023,"minecraft:lily_of_the_valley":3,"minecraft:spectral_arrow":10,"minecraft:chiseled_sandstone":67,"minecraft:shulker_box":8,"minecraft:mossy_cobblestone":2,"minecraft:light_gray_concrete":52,"minecraft:light_gray_terracotta":7,"minecraft:spruce_fence_gate":2,"create:track_station":3,"minecraft:black_concrete":24,"minecraft:clay":2,"minecraft:soul_lantern":2,"minecraft:diamond":165,"create:filter":20,"minecraft:spruce_boat":2,"minecraft:bone_meal":1,"minecraft:oak_sapling":3785,"minecraft:chorus_fruit":19,"minecraft:netherrack":1617,"minecraft:oak_leaves":3,"create:white_sail":9,"minecraft:end_stone_bricks":6,"minecraft:charcoal":10,"minecraft:allium":5,"minecraft:chicken":2,"minecraft:ladder":9,"create:polished_cut_calcite":8,"create:schematic_table":6,"minecraft:chain":3,"minecraft:brick":600,"minecraft:oak_trapdoor":16,"create:cut_crimsite_bricks":18,"create:chute":2,"minecraft:blackstone":39,"minecraft:candle":15,"minecraft:player_head":9,"create:zinc_ore":11,"minecraft:oak_boat":2,"create:framed_glass_pane":3,"create:small_tuff_bricks":20,"minecraft:lectern":19,"minecraft:sugar_cane":3712,"minecraft:spruce_trapdoor":7,"create:linear_chassis":8,"minecraft:dark_oak_sapling":32,"minecraft:raw_iron":135,"minecraft:end_stone":6,"create:railway_casing":10,"minecraft:copper_ingot":92,"create:golden_sheet":1,"create:windmill_bearing":3,"create:hand_crank":40,"create:zinc_ingot":38,"minecraft:cherry_fence_gate":1,"create:deployer":14,"create:vertical_framed_glass":3,"minecraft:smooth_sandstone_slab":3,"create:controls":1,"minecraft:arrow":11,"create:experience_nugget":2146,"minecraft:stripped_dark_oak_wood":8,"minecraft:pink_tulip":1,"minecraft:black_banner":2,"minecraft:saddle":1,"create:empty_schematic":1,"minecraft:magenta_banner":2,"minecraft:cut_sandstone":1,"minecraft:leather":36,"minecraft:birch_planks":7,"create:andesite_alloy":2,"minecraft:chainmail_chestplate":1,"minecraft:cobblestone_stairs":17,"minecraft:cobbled_deepslate_stairs":5,"minecraft:gunpowder":173,"create:blaze_burner":1,"minecraft:wooden_hoe":1,"create:copper_nugget":194,"minecraft:cooked_mutton":6,"minecraft:smooth_sandstone":1218,"minecraft:red_carpet":14,"minecraft:gray_carpet":39,"minecraft:spruce_wood":1,"minecraft:iron_ingot":68,"minecraft:soul_sand":343,"minecraft:book":193,"minecraft:scaffolding":131,"minecraft:oak_slab":2,"create:large_water_wheel":7,"minecraft:pumpkin":8,"minecraft:stone_brick_slab":13,"minecraft:quartz":343,"minecraft:dandelion":1,"minecraft:dripstone_block":8,"minecraft:lava_bucket":3,"minecraft:white_bed":3,"minecraft:green_carpet":23,"minecraft:spruce_door":4,"minecraft:spider_eye":2,"create:extendo_grip":1,"create:copper_diving_helmet":1,"minecraft:pumpkin_seeds":8,"minecraft:campfire":1,"create:zinc_nugget":573,"create:encased_fan":1,"minecraft:magenta_concrete":32,"minecraft:damaged_anvil":1,"minecraft:red_concrete":14,"minecraft:dark_oak_wood":2,"minecraft:coal":108},"minecraft:killed_by":{"minecraft:zombie":1,"minecraft:ender_dragon":2,"minecraft:zombified_piglin":1,"minecraft:skeleton":1},"minecraft:crafted":{"minecraft:black_dye":60,"minecraft:light_gray_concrete_powder":184,"minecraft:smooth_stone":23,"create:copper_diving_boots":1,"minecraft:dark_oak_wood":12,"creategoggles:goggle_iron_helmet":1,"minecraft:birch_slab":108,"minecraft:lever":8,"minecraft:diamond_shovel":7,"create:item_vault":50,"minecraft:bookshelf":62,"create:schematicannon":1,"minecraft:cooked_mutton":6,"minecraft:shulker_box":2,"minecraft:iron_bars":32,"minecraft:red_concrete_powder":8,"create:framed_glass_door":2,"minecraft:granite":6,"create:vertical_gearbox":25,"minecraft:quartz_block":70,"create:rotation_speed_controller":5,"minecraft:glass":671,"create:andesite_funnel":82,"minecraft:diamond_helmet":1,"minecraft:diamond_leggings":1,"create:mechanical_press":2,"minecraft:magenta_concrete_powder":64,"minecraft:birch_door":3,"minecraft:dried_kelp_block":1,"create:brass_funnel":80,"minecraft:magenta_dye":20,"create:cogwheel":334,"minecraft:name_tag":1,"create:mechanical_plough":1,"minecraft:glass_bottle":483,"minecraft:furnace_minecart":2,"create:display_board":2,"minecraft:wooden_shovel":1,"create:copycat_panel":8,"create:rose_quartz":65,"minecraft:emerald":1967,"create:vertical_framed_glass_pane":32,"minecraft:diamond_axe":4,"minecraft:gravel":881,"create:brass_block":1,"minecraft:spruce_door":6,"minecraft:smithing_table":2,"minecraft:clock":1,"minecraft:copper_ingot":76,"minecraft:fletching_table":1,"minecraft:oak_wood":8,"minecraft:campfire":2,"create:encased_chain_drive":42,"create:redstone_link":6,"create:mechanical_mixer":1,"create:clutch":2,"create:gearbox":42,"create:encased_fan":5,"minecraft:stone_brick_stairs":24,"minecraft:wooden_hoe":1,"minecraft:stone_slab":1326,"minecraft:compass":26,"minecraft:iron_pickaxe":1,"minecraft:iron_block":63,"minecraft:gold_ingot":47,"minecraft:sandstone":1582,"create:schematic_and_quill":1,"create:large_cogwheel":64,"minecraft:light_gray_dye":18,"create:propeller":5,"minecraft:spruce_fence_gate":2,"minecraft:yellow_concrete_powder":16,"minecraft:stone_shovel":3,"minecraft:smooth_stone_slab":742,"create:wrench":2,"minecraft:polished_deepslate_stairs":16,"minecraft:iron_nugget":2619,"create:white_sail":8,"minecraft:experience_bottle":44,"minecraft:diamond_hoe":2,"minecraft:cobbled_deepslate":12,"create:smart_chute":1,"minecraft:bone_meal":12,"minecraft:spruce_fence":12,"create:copper_backtank":2,"create:contraption_controls":1,"minecraft:lantern":88,"minecraft:spruce_stairs":120,"minecraft:black_concrete_powder":40,"minecraft:stripped_birch_wood":8,"minecraft:ladder":21,"minecraft:spruce_slab":336,"minecraft:ender_pearl":17,"minecraft:stone_pickaxe":25,"minecraft:cobbled_deepslate_stairs":10,"minecraft:spruce_boat":1,"minecraft:redstone_block":64,"create:hose_pulley":1,"create:electron_tube":67,"minecraft:dark_oak_planks":101,"create:belt_connector":35,"create:clockwork_bearing":1,"create:mechanical_roller":2,"create:windmill_bearing":1,"minecraft:golden_helmet":1,"minecraft:wheat":207,"create:copper_valve_handle":1,"minecraft:crossbow":16,"minecraft:enchanting_table":1,"create:brass_tunnel":6,"minecraft:dried_kelp":82,"create:dough":2,"create:goggles":1,"minecraft:gray_concrete_powder":288,"minecraft:glowstone":26,"minecraft:enchanted_book":15,"create:speedometer":1,"create:polished_cut_tuff":3,"create:peculiar_bell":1,"minecraft:cobblestone":3,"create:mechanical_arm":5,"minecraft:flint":300,"minecraft:wooden_axe":2,"minecraft:iron_leggings":1,"minecraft:white_bed":1,"create:shaft":568,"minecraft:brick":1,"minecraft:grindstone":1,"minecraft:oak_planks":21684,"minecraft:barrel":87,"minecraft:birch_wood":4,"create:display_link":1,"minecraft:stone":160,"minecraft:cobblestone_stairs":8,"create:mechanical_bearing":2,"create:deployer":10,"minecraft:green_dye":1,"minecraft:hopper":1,"minecraft:stone_brick_slab":22,"minecraft:bow":4,"minecraft:iron_boots":1,"create:cart_assembler":1,"minecraft:chest":190,"create:spout":1,"minecraft:oak_button":8,"minecraft:copper_block":3,"create:cuckoo_clock":1,"minecraft:rail":96,"minecraft:bricks":656,"minecraft:stone_hoe":11,"minecraft:stone_bricks":29,"minecraft:oak_fence":6,"create:brass_hand":11,"create:track_station":4,"minecraft:oak_slab":360,"minecraft:item_frame":60,"create:depot":9,"create:tiled_glass_pane":16,"minecraft:arrow":192,"create:track_signal":4,"minecraft:crafting_table":14,"create:mechanical_saw":5,"minecraft:spruce_planks":1595,"create:fluid_pipe":12,"minecraft:wooden_pickaxe":2,"minecraft:iron_helmet":20,"create:weighted_ejector":1,"create:zinc_nugget":162,"minecraft:chainmail_chestplate":7,"create:sand_paper":7,"create:gearshift":1,"minecraft:birch_planks":111,"minecraft:diorite":6,"create:stressometer":1,"minecraft:dispenser":1,"minecraft:spruce_trapdoor":36,"create:controls":2,"minecraft:string":40,"minecraft:dark_oak_slab":6,"minecraft:iron_chestplate":1,"minecraft:book":24,"minecraft:paper":2559,"minecraft:charcoal":7,"minecraft:diamond_pickaxe":2,"minecraft:emerald_block":8,"create:water_wheel":19,"create:green_seat":31,"create:portable_storage_interface":2,"create:super_glue":1,"create:framed_glass":8,"create:mechanical_pump":2,"minecraft:stick":33459,"create:white_seat":2,"minecraft:light_blue_dye":4,"minecraft:iron_ingot":293,"create:clipboard":1,"minecraft:redstone_torch":4,"minecraft:shears":2,"create:empty_blaze_burner":1,"create:chute":24,"create:linked_controller":1,"minecraft:wooden_sword":1,"minecraft:redstone":302,"minecraft:tripwire_hook":632,"create:steam_engine":1,"minecraft:furnace":5,"minecraft:blast_furnace":1,"minecraft:gray_dye":32,"minecraft:raw_copper_block":8,"minecraft:glass_pane":16,"minecraft:oak_trapdoor":12,"minecraft:flint_and_steel":3,"minecraft:scaffolding":6,"minecraft:leather":2,"minecraft:polished_deepslate":12,"minecraft:iron_axe":14,"minecraft:spruce_wood":8,"minecraft:slime_ball":2,"create:millstone":37,"create:empty_schematic":3,"minecraft:lime_dye":2,"create:fluid_tank":16,"create:framed_glass_pane":48,"minecraft:chiseled_sandstone":4,"create:basin":2,"create:filter":68,"minecraft:minecart":4,"minecraft:cooked_beef":27,"minecraft:sugar":2,"minecraft:red_dye":2,"create:steam_whistle":1,"minecraft:smooth_sandstone_stairs":216,"create:cut_tuff_bricks":19,"create:andesite_alloy":23,"create:hand_crank":3,"minecraft:diamond_sword":1,"minecraft:stripped_spruce_wood":4,"minecraft:dark_oak_stairs":8,"minecraft:iron_sword":5,"minecraft:smooth_sandstone":34,"create:large_water_wheel":19,"create:item_drain":1,"minecraft:bucket":8,"create:schedule":4,"minecraft:stone_axe":9,"minecraft:air":0,"minecraft:bread":60,"minecraft:jungle_planks":8,"create:raw_zinc_block":3,"minecraft:black_stained_glass":512,"minecraft:blue_dye":2,"minecraft:oak_boat":2,"minecraft:smooth_sandstone_slab":46,"create:whisk":1,"minecraft:white_wool":1,"minecraft:white_dye":7,"create:linear_chassis":12,"create:mechanical_crafter":21,"minecraft:stonecutter":1,"minecraft:green_wool":31,"create:mechanical_drill":68,"minecraft:acacia_planks":12,"create:copper_diving_helmet":2,"minecraft:torch":144,"create:metal_girder":24,"create:zinc_ingot":327,"minecraft:lapis_lazuli":114,"minecraft:lapis_block":35,"minecraft:diamond_chestplate":2,"minecraft:firework_rocket":21},"minecraft:mined":{"minecraft:dragon_wall_head":2,"minecraft:white_bed":3,"create:andesite_casing":54,"minecraft:light_blue_carpet":13,"minecraft:carved_pumpkin":2,"minecraft:obsidian":20,"minecraft:acacia_log":8,"minecraft:jungle_log":1,"minecraft:orange_candle":2,"minecraft:deepslate_bricks":1,"minecraft:purpur_slab":1,"minecraft:deepslate_tile_stairs":5,"create:belt":2,"minecraft:hopper":1,"minecraft:tall_seagrass":8,"minecraft:magma_block":11,"create:cut_tuff_brick_slab":24,"minecraft:fire":30,"minecraft:barrel":5,"minecraft:cobbled_deepslate":89,"minecraft:pumpkin":6,"minecraft:deepslate_lapis_ore":10,"minecraft:fletching_table":1,"minecraft:stripped_dark_oak_wood":5,"minecraft:enchanting_table":1,"minecraft:water_cauldron":2,"minecraft:dirt_path":2,"minecraft:light_gray_concrete":8,"minecraft:deepslate_brick_stairs":2,"minecraft:green_carpet":24,"minecraft:pink_tulip":1,"minecraft:spruce_wood":1,"minecraft:smooth_sandstone_stairs":29,"create:limestone":56,"minecraft:tripwire":1,"minecraft:cut_sandstone":1,"create:cogwheel":35,"minecraft:kelp_plant":50,"minecraft:crimson_nylium":2,"minecraft:soul_fire":9,"minecraft:torch":6,"minecraft:dark_oak_wood":2,"minecraft:blast_furnace":2,"minecraft:melon":6,"create:framed_glass":8,"create:scoria":1,"minecraft:dead_bush":2,"minecraft:glass":3,"minecraft:bricks":246,"minecraft:sugar_cane":2023,"minecraft:damaged_anvil":1,"minecraft:smooth_sandstone_slab":2,"minecraft:cyan_wool":6,"minecraft:cherry_fence":17,"create:portable_storage_interface":1,"minecraft:mud":6,"minecraft:purple_banner":1,"create:copycat_panel":6,"minecraft:stone_brick_stairs":24,"minecraft:grass":70,"create:vertical_framed_glass_pane":17,"create:hand_crank":27,"minecraft:smooth_quartz":65,"minecraft:sandstone_wall":1,"minecraft:stonecutter":2,"minecraft:stripped_crimson_stem":1,"create:linear_chassis":2,"minecraft:deepslate":1490,"create:zinc_ore":93,"create:copper_backtank":1,"create:millstone":1,"minecraft:mossy_cobblestone":5,"minecraft:dark_oak_log":169,"minecraft:stripped_birch_log":101,"minecraft:sea_lantern":1,"minecraft:shulker_box":8,"minecraft:end_stone":6,"minecraft:allium":1,"minecraft:spruce_fence":4,"minecraft:crimson_roots":1,"minecraft:magenta_concrete":1,"create:encased_fan":1,"create:mechanical_arm":8,"minecraft:moss_block":1,"minecraft:kelp":6,"create:shaft":8,"minecraft:suspicious_sand":1,"minecraft:andesite":956,"minecraft:rail":692,"create:chute":2,"create:deployer":8,"minecraft:bamboo":2,"create:andesite_encased_large_cogwheel":5,"minecraft:cherry_fence_gate":1,"create:polished_cut_calcite":8,"minecraft:white_wool":44,"minecraft:ender_chest":2,"minecraft:smithing_table":1,"minecraft:oak_slab":1,"create:white_seat":5,"minecraft:gray_concrete":1,"minecraft:glass_pane":2,"minecraft:soul_sand":26,"minecraft:lily_of_the_valley":3,"minecraft:stone_brick_slab":12,"minecraft:dandelion":1,"minecraft:smooth_sandstone":205,"create:small_tuff_bricks":10,"create:framed_glass_door":1,"minecraft:campfire":4,"create:water_wheel":4,"minecraft:purpur_pillar":21,"minecraft:tall_grass":8,"minecraft:copper_ore":56,"minecraft:deepslate_gold_ore":13,"create:mechanical_saw":22,"minecraft:purple_bed":1,"minecraft:black_stained_glass":5,"minecraft:stripped_spruce_wood":1,"create:green_seat":33,"create:gearbox":5,"minecraft:spruce_log":207,"minecraft:birch_leaves":18,"minecraft:light_blue_candle":1,"minecraft:gravel":545,"minecraft:dripstone_block":8,"minecraft:spruce_fence_gate":2,"minecraft:stone_bricks":5,"create:andesite_funnel":1,"minecraft:fern":15,"create:deepslate_zinc_ore":103,"minecraft:spruce_planks":59,"create:tiled_glass_pane":4,"minecraft:oak_sapling":54,"minecraft:farmland":4,"minecraft:cobbled_deepslate_stairs":5,"minecraft:magenta_banner":1,"minecraft:cobblestone_stairs":16,"create:cut_crimsite_bricks":15,"minecraft:brewing_stand":2,"create:horizontal_framed_glass":2,"minecraft:spruce_trapdoor":7,"minecraft:grass_block":1483,"create:tiled_glass":1,"minecraft:sandstone_stairs":5,"minecraft:smooth_stone":75,"create:vertical_framed_glass":3,"minecraft:iron_ore":88,"minecraft:anvil":1,"minecraft:dark_oak_stairs":4,"minecraft:flowering_azalea_leaves":1,"minecraft:iron_bars":1,"minecraft:azalea_leaves":6,"minecraft:end_stone_bricks":4,"minecraft:spruce_slab":44,"minecraft:deepslate_redstone_ore":100,"minecraft:cyan_terracotta":1,"minecraft:blackstone":37,"minecraft:polished_deepslate_stairs":2,"minecraft:melon_stem":1,"minecraft:purpur_stairs":3,"minecraft:soul_lantern":1,"create:schematicannon":5,"minecraft:clay":42,"minecraft:light_gray_terracotta":7,"minecraft:calcite":25,"minecraft:chest":88,"create:brass_casing":4,"minecraft:cobblestone":67,"minecraft:nether_quartz_ore":124,"railways:doubleaxle_bogey":9,"minecraft:grindstone":6,"minecraft:oak_planks":125,"minecraft:wall_torch":8,"minecraft:deepslate_copper_ore":9,"minecraft:seagrass":8,"minecraft:dark_oak_slab":3,"minecraft:yellow_wool":6,"minecraft:birch_log":156,"minecraft:orange_tulip":1,"minecraft:purpur_block":33,"minecraft:smooth_stone_slab":78,"minecraft:oak_log":605,"create:polished_cut_tuff":3,"minecraft:sand":54,"minecraft:dirt":1011,"minecraft:tripwire_hook":1,"minecraft:ancient_debris":2,"minecraft:netherrack":1805,"create:crimsite":404,"minecraft:oak_leaves":313,"minecraft:cyan_candle":1,"create:andesite_encased_cogwheel":1,"create:brass_funnel":1,"minecraft:nether_gold_ore":66,"minecraft:tube_coral":1,"minecraft:tuff":534,"minecraft:red_carpet":12,"minecraft:dark_oak_leaves":5,"minecraft:deepslate_diamond_ore":85,"minecraft:candle":4,"minecraft:ladder":10,"minecraft:black_banner":1,"minecraft:yellow_candle":2,"create:large_cogwheel":13,"create:ochrum":2,"create:depot":1,"minecraft:birch_slab":13,"minecraft:spruce_leaves":23,"minecraft:sandstone":11,"minecraft:large_fern":6,"minecraft:hay_block":23,"minecraft:oak_trapdoor":4,"create:framed_glass_pane":3,"minecraft:spruce_sapling":1,"minecraft:furnace":6,"minecraft:carrots":1,"minecraft:black_glazed_terracotta":22,"minecraft:chiseled_sandstone":3,"create:white_sail":9,"minecraft:stripped_spruce_log":18,"create:windmill_bearing":3,"minecraft:peony":15,"create:cut_andesite_bricks":55,"minecraft:polished_deepslate":34,"minecraft:bookshelf":65,"minecraft:deepslate_iron_ore":17,"minecraft:stripped_oak_log":8,"minecraft:stone":3219,"minecraft:white_tulip":1,"minecraft:scaffolding":42,"minecraft:red_wool":12,"minecraft:magenta_stained_glass":1,"minecraft:stripped_dark_oak_log":17,"minecraft:spruce_door":4,"create:track":7,"minecraft:oak_fence":1,"minecraft:crafting_table":10,"create:haunted_bell":3,"minecraft:oak_wood":18,"minecraft:rose_bush":2,"minecraft:lime_carpet":14,"minecraft:lectern":18,"minecraft:stone_slab":144,"minecraft:lapis_ore":24,"minecraft:red_concrete":5,"create:cut_tuff_bricks":55,"minecraft:spruce_stairs":12,"create:schematic_table":6,"minecraft:birch_planks":6,"minecraft:cactus":7,"minecraft:beehive":12,"minecraft:ice":1,"minecraft:coal_ore":84,"minecraft:end_rod":10,"minecraft:cyan_carpet":1,"minecraft:yellow_concrete":6,"minecraft:gray_carpet":32,"minecraft:cracked_stone_bricks":1,"create:andesite_encased_shaft":2},"minecraft:killed":{"minecraft:shulker":5,"minecraft:skeleton":113,"minecraft:chicken":2,"minecraft:zombie":113,"minecraft:cow":30,"minecraft:endermite":1,"minecraft:wandering_trader":1,"minecraft:enderman":1,"minecraft:zombified_piglin":5,"minecraft:spider":2,"minecraft:turtle":2,"minecraft:pig":3,"minecraft:creeper":7,"minecraft:sheep":12,"minecraft:trader_llama":2,"minecraft:slime":9,"minecraft:drowned":10,"minecraft:bat":4,"minecraft:squid":55,"minecraft:villager":1},"minecraft:dropped":{"minecraft:lapis_lazuli":3,"minecraft:diamond":64,"railways:track_incomplete_spruce_narrow":10,"create:cut_tuff_bricks":2,"create:large_water_wheel":3,"minecraft:rail":1,"minecraft:leather_helmet":1,"minecraft:item_frame":60,"minecraft:dirt":484,"create:copper_backtank":1,"minecraft:stripped_dark_oak_wood":3,"minecraft:sand":4124,"minecraft:gold_nugget":293,"minecraft:sugar":15,"minecraft:bone_meal":2,"minecraft:bone":2,"minecraft:stone_axe":1,"minecraft:sugar_cane":3,"minecraft:iron_nugget":869,"minecraft:cobbled_deepslate":55,"minecraft:wheat":2,"minecraft:obsidian":27,"minecraft:rotten_flesh":72,"minecraft:stripped_dark_oak_log":4,"minecraft:oak_planks":213,"minecraft:hopper":1,"create:limestone":4,"create:track_station":1,"minecraft:leather_leggings":1,"minecraft:white_dye":4,"minecraft:spruce_slab":9,"minecraft:glass":106,"minecraft:cherry_fence":17,"minecraft:egg":75,"minecraft:iron_ingot":83,"minecraft:black_dye":9,"minecraft:wheat_seeds":7,"minecraft:prismarine_crystals":2,"minecraft:iron_helmet":1,"minecraft:cobblestone":4793,"minecraft:apple":171,"minecraft:lava_bucket":2,"minecraft:stone_brick_slab":1,"minecraft:yellow_concrete_powder":8,"minecraft:bricks":68,"minecraft:player_head":2,"minecraft:cocoa_beans":3,"minecraft:experience_bottle":37,"minecraft:clay_ball":620,"minecraft:iron_boots":2,"minecraft:stone_slab":38,"create:mechanical_pump":2,"minecraft:lily_of_the_valley":3,"minecraft:diamond_sword":1,"minecraft:stone":813,"minecraft:allium":2,"create:zinc_ingot":150,"minecraft:spruce_planks":6,"minecraft:diamond_pickaxe":3,"create:hand_crank":1,"minecraft:carved_pumpkin":1,"minecraft:stone_bricks":1,"minecraft:sandstone":1716,"create:brass_casing":1,"minecraft:bow":2,"create:belt_connector":14,"minecraft:soul_sand":448,"minecraft:diamond_axe":1,"minecraft:oak_log":5800,"create:filter":2,"create:track":65,"minecraft:cobblestone_stairs":1,"create:copper_diving_helmet":1,"minecraft:flint":450,"create:brass_sheet":12,"create:incomplete_track":2,"create:fluid_pipe":2,"create:crushed_raw_iron":15,"minecraft:gold_ingot":5,"create:crushing_wheel":1,"minecraft:gravel":17016,"minecraft:white_tulip":2,"minecraft:blackstone":2,"minecraft:beehive":7,"minecraft:sandstone_wall":1,"minecraft:shulker_shell":2,"minecraft:gunpowder":1,"create:brass_ingot":1,"minecraft:arrow":1,"create:water_wheel":1,"minecraft:netherrack":1184,"minecraft:firework_rocket":21,"create:andesite_alloy":5,"minecraft:bread":6,"minecraft:light_gray_concrete_powder":120,"minecraft:water_bucket":3,"create:unprocessed_obsidian_sheet":4,"minecraft:mossy_cobblestone":2,"create:mechanical_saw":1,"minecraft:smithing_table":1,"create:chute":1,"create:zinc_nugget":155,"minecraft:copper_ingot":116,"minecraft:grass_block":212,"minecraft:stick":1825,"minecraft:cherry_fence_gate":1,"create:crushed_raw_gold":20,"create:cinder_flour":6,"minecraft:smooth_quartz":8,"minecraft:melon_slice":22,"minecraft:iron_leggings":2,"minecraft:bucket":4,"minecraft:chiseled_sandstone":64,"minecraft:redstone":1,"minecraft:kelp":129,"minecraft:oak_trapdoor":12,"create:shaft":1,"minecraft:ender_chest":2,"minecraft:raw_copper":3,"create:crushed_raw_zinc":10,"minecraft:tuff":1,"create:experience_nugget":4003,"minecraft:filled_map":1,"minecraft:oak_button":1,"minecraft:dragon_egg":1,"minecraft:iron_chestplate":1,"minecraft:andesite":1276,"minecraft:mossy_stone_bricks":3,"minecraft:oak_sapling":5204,"minecraft:gray_concrete_powder":192,"minecraft:slime_ball":11,"minecraft:spruce_log":2,"minecraft:stone_pickaxe":2,"create:empty_blaze_burner":2,"minecraft:brick":2},"minecraft:used":{"minecraft:peony":1,"create:deployer":96,"minecraft:spruce_slab":119,"minecraft:ladder":22,"minecraft:chest":285,"minecraft:stone":1214,"create:tiled_glass":1,"create:fluid_tank":28,"minecraft:soul_sand":2,"create:white_sail":9,"create:mechanical_crafter":66,"create:depot":32,"create:framed_glass_pane":37,"minecraft:stripped_spruce_log":4,"minecraft:spruce_boat":2,"create:controls":16,"minecraft:lava_bucket":105,"minecraft:stripped_dark_oak_wood":5,"creategoggles:goggle_iron_helmet":18,"minecraft:grass_block":586,"minecraft:birch_sapling":25,"minecraft:dark_oak_slab":3,"create:zinc_ore":11,"minecraft:stone_brick_stairs":33,"create:andesite_funnel":24,"create:steam_engine":3,"minecraft:oak_sapling":10,"create:polished_cut_calcite":53,"create:rotation_speed_controller":4,"minecraft:bow":24,"create:shaft":235,"minecraft:furnace":8,"minecraft:egg":95,"minecraft:potato":6,"minecraft:light_blue_carpet":9,"minecraft:end_stone_bricks":6,"minecraft:damaged_anvil":1,"minecraft:spruce_door":6,"minecraft:stripped_birch_log":88,"minecraft:blackstone":5,"minecraft:cactus":4,"create:crimsite":3,"minecraft:wooden_pickaxe":59,"minecraft:black_glazed_terracotta":3,"minecraft:clay":2,"minecraft:purpur_pillar":16,"minecraft:oak_leaves":2,"create:spout":8,"create:cut_tuff_bricks":235,"minecraft:sand":6,"minecraft:blast_furnace":1,"minecraft:gray_concrete":1,"create:placard":18,"minecraft:deepslate_brick_stairs":60,"minecraft:deepslate_tiles":21,"create:display_link":18,"create:copper_backtank":40,"minecraft:chiseled_sandstone":55,"create:green_seat":2,"minecraft:birch_slab":113,"minecraft:lectern":19,"create:contraption_controls":1,"minecraft:diamond_sword":291,"create:basin":9,"minecraft:smithing_table":3,"minecraft:birch_log":184,"minecraft:oak_boat":3,"create:steam_whistle":2,"minecraft:oak_trapdoor":11,"create:framed_glass":8,"minecraft:iron_bars":1,"minecraft:stone_sword":262,"create:weighted_ejector":4,"minecraft:enchanting_table":2,"create:schematic_table":6,"minecraft:red_concrete":5,"create:cuckoo_clock":5,"create:vertical_framed_glass_pane":48,"create:polished_cut_tuff":16,"minecraft:netherrack":334,"minecraft:torch":153,"minecraft:brewing_stand":2,"minecraft:anvil":1,"minecraft:fern":1,"create:wrench":2177,"create:gearbox":30,"minecraft:barrel":13,"create:horizontal_framed_glass":2,"create:encased_chain_drive":113,"minecraft:diamond_chestplate":1,"minecraft:tripwire_hook":2,"minecraft:beef":2,"create:fluid_pipe":29,"minecraft:cobbled_deepslate":484,"create:belt_connector":85,"minecraft:water_bucket":325,"minecraft:sandstone_stairs":3,"minecraft:birch_planks":3,"minecraft:smooth_sandstone_slab":47,"minecraft:fletching_table":2,"minecraft:spruce_fence_gate":4,"minecraft:deepslate_bricks":21,"create:blaze_burner":15,"create:furnace_minecart_contraption":14,"minecraft:rail":756,"create:encased_fan":18,"minecraft:crafting_table":14,"minecraft:oak_slab":1,"minecraft:white_bed":4,"minecraft:campfire":2,"create:cut_tuff_brick_slab":177,"create:filter":87,"minecraft:spruce_log":601,"minecraft:oak_log":275,"create:track":294,"minecraft:diamond_pickaxe":9248,"minecraft:diamond_shovel":2687,"minecraft:oak_button":1,"minecraft:iron_pickaxe":637,"create:water_wheel":4,"minecraft:spruce_trapdoor":31,"create:mechanical_arm":369,"minecraft:spruce_sapling":2,"minecraft:green_carpet":14,"minecraft:enchanted_book":4,"minecraft:cobblestone":210,"minecraft:cooked_porkchop":1,"minecraft:glass_pane":16,"create:clutch":5,"minecraft:stripped_oak_log":1,"create:redstone_link":10,"minecraft:polished_deepslate":67,"minecraft:melon":1,"create:portable_storage_interface":6,"minecraft:iron_sword":250,"create:haunted_bell":3,"minecraft:player_head":3,"minecraft:smooth_sandstone_stairs":394,"create:railway_casing":2,"create:mechanical_bearing":5,"minecraft:stripped_crimson_stem":1,"minecraft:iron_chestplate":16,"create:clockwork_bearing":1,"minecraft:mutton":3,"create:minecart_contraption":5,"create:cogwheel":411,"minecraft:carrot":1,"minecraft:furnace_minecart":5,"minecraft:tuff":131,"minecraft:beehive":3,"create:metal_girder":28,"create:mechanical_roller":2,"minecraft:milk_bucket":1,"minecraft:obsidian":13,"minecraft:polished_deepslate_stairs":80,"minecraft:glass":123,"minecraft:cyan_terracotta":1,"minecraft:bricks":1024,"minecraft:coal_ore":3,"minecraft:lantern":8,"minecraft:spruce_wood":5,"minecraft:dark_oak_wood":12,"create:scoria":1,"minecraft:iron_helmet":1,"create:millstone":4,"minecraft:stone_bricks":4,"minecraft:red_carpet":4,"minecraft:golden_sword":2,"minecraft:deepslate_diamond_ore":5,"create:linked_controller":4,"minecraft:written_book":145,"minecraft:scaffolding":118,"create:mechanical_drill":130,"create:copper_diving_boots":3,"minecraft:stripped_spruce_wood":5,"minecraft:dark_oak_sapling":4,"minecraft:golden_boots":5,"minecraft:dark_oak_stairs":4,"create:schedule":1,"minecraft:diamond_boots":1,"create:crushing_wheel":17,"create:small_tuff_bricks":17,"minecraft:stone_pickaxe":1976,"minecraft:gray_carpet":9,"minecraft:birch_wood":4,"minecraft:oak_planks":199,"minecraft:ender_pearl":1,"minecraft:sandstone":4,"minecraft:diamond_axe":1820,"create:copper_diving_helmet":21,"minecraft:sugar_cane":6,"railways:track_spruce_narrow":7,"create:copper_valve_handle":1,"create:mechanical_saw":56,"create:track_station":60,"minecraft:black_banner":2,"minecraft:light_gray_terracotta":3,"minecraft:yellow_concrete":3,"minecraft:shears":80,"minecraft:end_stone":6,"minecraft:cobbled_deepslate_stairs":72,"minecraft:lever":28,"minecraft:dark_oak_log":165,"minecraft:light_gray_concrete":4,"minecraft:bread":84,"minecraft:lime_carpet":8,"minecraft:melon_slice":22,"create:cut_andesite_bricks":174,"create:andesite_casing":5,"minecraft:deepslate":4,"create:potato_cannon":2,"minecraft:gravel":1530,"create:white_seat":4,"minecraft:golden_helmet":1,"create:track_signal":2,"minecraft:grindstone":7,"create:stressometer":8,"minecraft:chain":3,"minecraft:andesite":14,"create:framed_glass_door":3,"minecraft:smooth_stone_slab":1151,"create:vertical_gearbox":58,"create:chocolate_bucket":1,"create:large_cogwheel":85,"minecraft:bone_meal":5,"minecraft:experience_bottle":7,"create:clipboard":1,"minecraft:oak_fence":6,"minecraft:purpur_block":18,"minecraft:white_tulip":2,"minecraft:flint_and_steel":21,"create:item_vault":40,"minecraft:stone_shovel":394,"minecraft:redstone":2,"minecraft:spruce_planks":199,"minecraft:stripped_birch_wood":8,"create:mechanical_pump":26,"minecraft:dirt":717,"minecraft:hopper":1,"create:mechanical_mixer":2,"create:copycat_panel":43,"minecraft:shulker_box":10,"minecraft:spruce_stairs":48,"create:mechanical_plough":4,"minecraft:diamond_helmet":2,"minecraft:oak_wood":18,"minecraft:spruce_fence":16,"create:smart_chute":1,"create:chute":38,"minecraft:purple_banner":2,"minecraft:wooden_axe":52,"minecraft:stone_brick_slab":19,"minecraft:bookshelf":67,"create:hose_pulley":1,"minecraft:smooth_sandstone":1063,"create:vertical_framed_glass":3,"minecraft:iron_boots":4,"create:cart_assembler":23,"minecraft:black_stained_glass":185,"minecraft:deepslate_tile_stairs":62,"minecraft:minecart":1,"create:tiled_glass_pane":19,"minecraft:cooked_beef":36,"minecraft:pumpkin":5,"minecraft:iron_leggings":3,"create:gearshift":1,"minecraft:cooked_mutton":12,"minecraft:cobblestone_stairs":24,"minecraft:cut_sandstone":1,"minecraft:magenta_stained_glass":1,"minecraft:stonecutter":3,"create:item_drain":7,"minecraft:stripped_dark_oak_log":13,"create:brass_funnel":100,"create:cut_crimsite_bricks":120,"create:schematicannon":6,"minecraft:painting":7,"minecraft:wooden_hoe":2,"create:linear_chassis":22,"minecraft:apple":689,"create:mechanical_press":22,"create:windmill_bearing":3,"minecraft:lapis_ore":2,"minecraft:magenta_concrete":1,"minecraft:stone_slab":361,"create:large_water_wheel":34,"minecraft:stone_axe":1067,"minecraft:magenta_banner":2,"minecraft:bucket":496,"create:display_board":2,"create:hand_crank":122,"minecraft:smooth_stone":444},"minecraft:broken":{"minecraft:golden_sword":1,"minecraft:iron_sword":1,"minecraft:stone_sword":2,"minecraft:wooden_pickaxe":1,"minecraft:stone_pickaxe":15,"minecraft:stone_axe":8,"minecraft:wooden_axe":1,"minecraft:stone_shovel":3,"create:sand_paper":2}},"DataVersion":3465}