{"stats":{"minecraft:custom":{"minecraft:interact_with_crafting_table":311,"minecraft:open_barrel":159,"minecraft:eat_cake_slice":1,"minecraft:leave_game":167,"minecraft:time_since_death":1323966,"minecraft:damage_blocked_by_shield":5788,"minecraft:play_time":3651466,"minecraft:deaths":6,"minecraft:jump":38191,"minecraft:enchant_item":54,"minecraft:interact_with_furnace":101,"minecraft:play_record":1,"minecraft:traded_with_villager":814,"minecraft:sleep_in_bed":77,"minecraft:damage_dealt":254315,"minecraft:inspect_dispenser":34,"minecraft:horse_one_cm":163130,"minecraft:interact_with_smithing_table":25,"minecraft:inspect_dropper":2,"minecraft:interact_with_anvil":49,"minecraft:inspect_hopper":12,"minecraft:damage_dealt_absorbed":5762,"minecraft:sneak_time":425231,"minecraft:interact_with_lectern":5,"minecraft:interact_with_blast_furnace":1,"minecraft:total_world_time":3651466,"minecraft:time_since_rest":93534,"minecraft:swim_one_cm":749326,"minecraft:fly_one_cm":10499986,"minecraft:open_chest":1783,"minecraft:fish_caught":1,"minecraft:fall_one_cm":1005895,"minecraft:animals_bred":1,"minecraft:open_shulker_box":191,"minecraft:damage_resisted":10,"minecraft:sprint_one_cm":8377314,"minecraft:drop":2261,"minecraft:talked_to_villager":1213,"minecraft:interact_with_brewingstand":30,"minecraft:walk_on_water_one_cm":199263,"minecraft:open_enderchest":198,"minecraft:interact_with_beacon":8,"minecraft:crouch_one_cm":1176547,"minecraft:mob_kills":4006,"minecraft:damage_dealt_resisted":1787,"minecraft:climb_one_cm":119919,"minecraft:walk_one_cm":4982841,"minecraft:raid_win":1,"minecraft:walk_under_water_one_cm":252127,"minecraft:boat_one_cm":1989464,"minecraft:interact_with_grindstone":51,"minecraft:damage_taken":37135,"minecraft:damage_absorbed":484,"minecraft:trigger_trapped_chest":4,"minecraft:aviate_one_cm":17545695},"minecraft:picked_up":{"minecraft:iron_chestplate":1,"minecraft:anvil":4,"minecraft:stone_slab":20,"minecraft:smithing_table":1,"minecraft:diamond_sword":8,"minecraft:oak_stairs":2,"minecraft:enchanted_book":9,"minecraft:brewing_stand":1,"minecraft:polished_deepslate_wall":1,"minecraft:polished_deepslate":45,"minecraft:polished_blackstone_brick_stairs":10,"minecraft:string":287,"minecraft:soul_soil":17,"minecraft:red_nether_bricks":10,"create:piston_extension_pole":2,"minecraft:pufferfish":1,"minecraft:beetroot":10,"create:sticky_mechanical_piston":1,"minecraft:diamond_leggings":7,"minecraft:gold_nugget":11,"minecraft:cobbled_deepslate":1755,"minecraft:spruce_planks":237,"minecraft:warped_slab":2,"minecraft:melon_slice":3589,"minecraft:mangrove_log":5,"minecraft:crimson_sign":1,"minecraft:diamond_ore":8,"minecraft:polished_blackstone_brick_slab":1,"minecraft:jukebox":1,"minecraft:composter":4,"minecraft:big_dripleaf":2,"minecraft:acacia_log":13,"minecraft:golden_axe":1,"minecraft:warped_planks":7,"minecraft:golden_chestplate":1,"minecraft:green_terracotta":12,"minecraft:cauldron":1,"minecraft:stone_sword":5,"create:clipboard":3,"minecraft:tropical_fish":1,"create:scoria":9,"create:track":12,"create:ochrum":26,"minecraft:polished_basalt":2,"minecraft:iron_block":91,"minecraft:carved_pumpkin":1,"minecraft:cyan_terracotta":335,"minecraft:glowstone":17,"minecraft:bookshelf":23,"minecraft:end_rod":1,"minecraft:blaze_rod":19,"minecraft:iron_bars":4,"minecraft:snowball":6,"minecraft:birch_log":90,"minecraft:magma_block":5,"minecraft:water_bucket":4,"minecraft:iron_door":1,"minecraft:birch_slab":1,"minecraft:dark_oak_boat":5,"minecraft:smoker":9,"minecraft:flint":176,"minecraft:stripped_spruce_wood":1,"minecraft:purple_stained_glass":7,"minecraft:map":2,"minecraft:gray_concrete":6,"create:encased_chain_drive":5,"minecraft:large_amethyst_bud":2,"create:shaft":2,"minecraft:diamond_helmet":7,"minecraft:rabbit":8,"minecraft:moss_block":12,"minecraft:chiseled_polished_blackstone":2,"minecraft:stripped_crimson_stem":2,"minecraft:stripped_spruce_log":172,"minecraft:ink_sac":34,"minecraft:dark_oak_log":21,"minecraft:quartz_bricks":1,"minecraft:polished_andesite":1,"minecraft:snout_armor_trim_smithing_template":1,"minecraft:dispenser":1,"minecraft:deepslate":1283,"minecraft:lever":1,"minecraft:deepslate_gold_ore":27,"minecraft:bread":54,"minecraft:rooted_dirt":38,"minecraft:deepslate_coal_ore":29,"minecraft:dark_oak_fence":3,"minecraft:diamond_pickaxe":9,"minecraft:crimson_roots":7,"minecraft:mud":4,"minecraft:crafting_table":32,"minecraft:coarse_dirt":5,"minecraft:sandstone_slab":1,"minecraft:stripped_warped_hyphae":2,"minecraft:nether_wart":4,"minecraft:clay_ball":448,"minecraft:leather_leggings":2,"minecraft:dragon_head":2,"minecraft:purpur_block":15,"minecraft:cornflower":1,"minecraft:red_bed":19,"minecraft:elytra":1,"minecraft:acacia_door":14,"minecraft:flint_and_steel":3,"minecraft:compass":4,"minecraft:white_carpet":3,"minecraft:iron_shovel":1,"create:deepslate_zinc_ore":29,"minecraft:glass_pane":40,"minecraft:cracked_stone_bricks":10,"minecraft:cartography_table":1,"minecraft:respawn_anchor":2,"minecraft:deepslate_diamond_ore":162,"minecraft:beef":13,"minecraft:minecart":33,"minecraft:spruce_slab":83,"minecraft:iron_nugget":100,"minecraft:poppy":196,"minecraft:chest":28,"minecraft:birch_sapling":23,"minecraft:piston":6,"minecraft:copper_ore":5,"minecraft:egg":11,"minecraft:stone":3390,"minecraft:oak_door":5,"minecraft:amethyst_cluster":1,"minecraft:spruce_fence":1,"minecraft:fire_charge":9,"minecraft:cake":1,"create:copper_backtank":5,"minecraft:carrot":354,"minecraft:redstone":417,"minecraft:diamond_chestplate":6,"minecraft:decorated_pot":1,"minecraft:beetroot_seeds":30,"minecraft:peony":1,"minecraft:diamond_boots":6,"minecraft:shears":5,"minecraft:deepslate_bricks":44,"minecraft:purpur_slab":2,"minecraft:hay_block":1,"minecraft:yellow_terracotta":3,"minecraft:gold_ingot":184,"minecraft:totem_of_undying":5,"minecraft:polished_blackstone":1,"minecraft:glow_berries":1,"minecraft:mutton":23,"minecraft:white_wool":250,"minecraft:rail":716,"minecraft:emerald_ore":2,"minecraft:oxeye_daisy":1,"minecraft:lapis_ore":2,"minecraft:birch_leaves":4,"minecraft:smooth_red_sandstone":3,"minecraft:tripwire_hook":1,"minecraft:red_mushroom":7,"minecraft:purpur_stairs":2,"minecraft:oak_log":252,"minecraft:lily_pad":38,"minecraft:ancient_debris":20,"minecraft:golden_boots":3,"minecraft:sculk_vein":2,"minecraft:white_banner":10,"minecraft:light_blue_banner":2,"minecraft:apple":1,"minecraft:stone_bricks":736,"minecraft:kelp":10,"minecraft:oak_fence_gate":17,"minecraft:stone_pickaxe":2,"minecraft:cobweb":3,"minecraft:iron_ore":70,"minecraft:magenta_stained_glass":1,"minecraft:glass_bottle":4,"minecraft:gray_bed":1,"minecraft:smooth_basalt":9,"minecraft:sweet_berries":4,"minecraft:sculk":15,"minecraft:cracked_nether_bricks":3,"minecraft:gravel":730,"minecraft:birch_stairs":2,"minecraft:spruce_sapling":92,"minecraft:spruce_log":1334,"minecraft:crying_obsidian":10,"minecraft:dragon_egg":4,"minecraft:sea_lantern":1,"minecraft:leather_helmet":2,"minecraft:diamond_shovel":3,"minecraft:coal_ore":8,"minecraft:snort_pottery_sherd":4,"minecraft:stone_axe":3,"minecraft:diamond_axe":3,"minecraft:deepslate_redstone_ore":41,"minecraft:redstone_ore":1,"minecraft:gray_wool":252,"minecraft:warped_roots":6,"minecraft:oak_button":1,"minecraft:lodestone":1,"minecraft:brown_banner":2,"minecraft:melon_seeds":13,"minecraft:warped_nylium":10,"minecraft:crimson_nylium":23,"minecraft:hopper":26,"minecraft:ender_pearl":868,"minecraft:shulker_shell":38,"minecraft:wheat":6,"minecraft:redstone_block":1,"minecraft:nether_brick_fence":6,"minecraft:ender_chest":74,"minecraft:gilded_blackstone":4,"minecraft:potion":3,"minecraft:nether_brick":58,"minecraft:stone_brick_stairs":35,"minecraft:deepslate_lapis_ore":7,"minecraft:zombie_head":1,"minecraft:purple_banner":5,"minecraft:experience_bottle":1,"minecraft:sea_pickle":2,"minecraft:deepslate_tiles":3,"minecraft:comparator":6,"minecraft:bucket":1,"minecraft:eye_armor_trim_smithing_template":1,"minecraft:white_tulip":2,"minecraft:redstone_torch":2,"minecraft:cobblestone_slab":1,"minecraft:deepslate_iron_ore":30,"minecraft:furnace":12,"minecraft:stick":347,"minecraft:brown_terracotta":1,"minecraft:oak_fence":1,"minecraft:torch":146,"minecraft:spruce_stairs":110,"minecraft:porkchop":18,"minecraft:music_disc_pigstep":1,"minecraft:pointed_dripstone":4,"minecraft:diorite":204,"minecraft:sniffer_egg":1,"minecraft:andesite_wall":7,"minecraft:nether_gold_ore":14,"create:cut_tuff_bricks":1,"minecraft:rotten_flesh":377,"minecraft:mangrove_roots":2,"minecraft:deepslate_copper_ore":3,"minecraft:deepslate_brick_stairs":128,"minecraft:obsidian":47,"minecraft:cod":3,"minecraft:cobblestone":452,"minecraft:leather_chestplate":4,"minecraft:lilac":1,"minecraft:repeater":1,"minecraft:magma_cream":2,"minecraft:andesite":151,"minecraft:beacon":2,"minecraft:potato":12,"minecraft:tuff":229,"create:raw_zinc":48,"minecraft:wither_skeleton_skull":3,"minecraft:lapis_lazuli":346,"minecraft:dirt":1876,"minecraft:leather_boots":7,"minecraft:glass":22,"minecraft:bone":128,"minecraft:acacia_planks":16,"minecraft:bow":12,"minecraft:wheat_seeds":141,"minecraft:orange_tulip":9,"minecraft:raw_gold":54,"minecraft:grindstone":2,"minecraft:mossy_stone_bricks":28,"minecraft:fletching_table":4,"minecraft:powered_rail":2,"minecraft:stone_hoe":1,"minecraft:oak_planks":11,"minecraft:mossy_stone_brick_stairs":1,"minecraft:ghast_tear":9,"create:cogwheel":1,"minecraft:black_stained_glass_pane":2,"minecraft:sand":313,"minecraft:melon":192,"minecraft:grass_block":195,"minecraft:diamond_block":11,"minecraft:jungle_slab":1,"minecraft:spectral_arrow":36,"minecraft:chiseled_sandstone":1,"minecraft:shulker_box":51,"minecraft:mossy_cobblestone":45,"minecraft:light_gray_terracotta":219,"minecraft:clay":3,"minecraft:sugar":8,"minecraft:slime_block":12,"minecraft:diamond":612,"create:filter":2,"minecraft:spruce_boat":17,"minecraft:cracked_polished_blackstone_bricks":193,"minecraft:crossbow":3,"minecraft:bone_meal":30,"minecraft:grass":4,"minecraft:golden_apple":7,"minecraft:spruce_sign":3,"minecraft:emerald":89,"minecraft:oak_sapling":56,"minecraft:chorus_fruit":8,"minecraft:netherrack":5575,"minecraft:oak_leaves":195,"minecraft:nether_star":1,"minecraft:end_stone_bricks":5,"minecraft:splash_potion":1,"minecraft:azure_bluet":2,"minecraft:chicken":3,"minecraft:ladder":16,"minecraft:brown_mushroom":7,"minecraft:packed_ice":14,"minecraft:wooden_pickaxe":1,"minecraft:stone_brick_wall":6,"minecraft:gold_block":76,"minecraft:chain":7,"minecraft:shield":5,"minecraft:oak_trapdoor":35,"minecraft:moss_carpet":1,"minecraft:iron_axe":4,"minecraft:item_frame":2,"minecraft:mycelium":7,"minecraft:warped_fence":2,"minecraft:blackstone":573,"minecraft:oak_boat":59,"minecraft:player_head":32,"minecraft:observer":1,"minecraft:light_gray_wool":3,"minecraft:lectern":928,"minecraft:sugar_cane":639,"minecraft:spruce_trapdoor":102,"minecraft:phantom_membrane":5,"create:sequenced_gearshift":1,"minecraft:raw_iron":268,"minecraft:end_stone":64,"minecraft:copper_ingot":2,"minecraft:bowl":2,"minecraft:polished_blackstone_bricks":451,"create:hand_crank":2,"minecraft:iron_horse_armor":1,"minecraft:stone_pressure_plate":38,"minecraft:dark_oak_planks":2,"minecraft:arrow":333,"minecraft:nether_bricks":63,"minecraft:saddle":1,"minecraft:black_banner":3,"minecraft:soul_campfire":1,"minecraft:basalt":27,"minecraft:magenta_banner":3,"minecraft:golden_carrot":27,"minecraft:glow_ink_sac":21,"minecraft:crimson_stem":3,"minecraft:salmon":3,"minecraft:leather":22,"minecraft:ice":17,"minecraft:cobblestone_stairs":1,"minecraft:nether_wart_block":33,"minecraft:gunpowder":146,"minecraft:wooden_hoe":1,"minecraft:coast_armor_trim_smithing_template":2,"minecraft:red_nether_brick_stairs":2,"minecraft:rabbit_hide":5,"minecraft:iron_ingot":1418,"minecraft:acacia_sapling":7,"minecraft:soul_sand":97,"minecraft:book":197,"minecraft:sculk_catalyst":4,"minecraft:oak_slab":5,"minecraft:warped_fungus":1,"minecraft:nether_quartz_ore":299,"minecraft:pumpkin":442,"minecraft:chiseled_stone_bricks":3,"minecraft:brush":2,"minecraft:stone_brick_slab":26,"minecraft:quartz":455,"minecraft:dripstone_block":9,"minecraft:lava_bucket":4,"minecraft:amethyst_shard":8,"minecraft:soul_torch":1,"minecraft:white_bed":19,"minecraft:spruce_door":4,"minecraft:spider_eye":72,"minecraft:pumpkin_seeds":76,"minecraft:cherry_sapling":2,"minecraft:damaged_anvil":1,"minecraft:coal":232,"minecraft:sunflower":4},"minecraft:killed_by":{"minecraft:piglin_brute":1,"minecraft:vindicator":1,"minecraft:iron_golem":2,"minecraft:skeleton":1},"minecraft:mined":{"minecraft:dragon_wall_head":1,"minecraft:white_bed":2,"minecraft:red_nether_bricks":8,"minecraft:obsidian":41,"minecraft:carved_pumpkin":1,"minecraft:chiseled_polished_blackstone":8,"minecraft:acacia_log":17,"minecraft:stone_brick_wall":14,"minecraft:deepslate_bricks":46,"minecraft:purpur_slab":2,"minecraft:hopper":28,"minecraft:nether_wart":4,"minecraft:chiseled_stone_bricks":12,"minecraft:spawner":10,"minecraft:polished_blackstone_bricks":571,"minecraft:weeping_vines_plant":3,"minecraft:tall_seagrass":3,"minecraft:magma_block":5,"minecraft:fire":147,"minecraft:cobbled_deepslate":100,"minecraft:pumpkin":34,"minecraft:deepslate_lapis_ore":23,"minecraft:fletching_table":4,"minecraft:nether_brick_stairs":1,"minecraft:smooth_red_sandstone":3,"minecraft:sculk_shrieker":1,"minecraft:cave_vines":5,"minecraft:dirt_path":3,"minecraft:oak_stairs":2,"minecraft:deepslate_brick_stairs":28,"minecraft:iron_block":21,"minecraft:player_head":2,"minecraft:tripwire":9,"minecraft:piston_head":1,"minecraft:sandstone_slab":1,"create:cogwheel":2,"minecraft:brown_mushroom":3,"minecraft:red_bed":18,"minecraft:kelp_plant":8,"minecraft:player_wall_head":1,"minecraft:crimson_nylium":44,"minecraft:deepslate_brick_wall":1,"minecraft:smoker":7,"minecraft:amethyst_cluster":2,"minecraft:soul_fire":2,"minecraft:powder_snow":2,"minecraft:torch":11,"minecraft:melon":257,"minecraft:polished_andesite_stairs":1,"minecraft:dead_bush":1,"create:scoria":9,"minecraft:white_stained_glass_pane":3,"minecraft:spruce_wall_sign":4,"minecraft:glass":17,"minecraft:sugar_cane":352,"minecraft:damaged_anvil":1,"minecraft:amethyst_block":1,"minecraft:chain":3,"create:sticky_mechanical_piston":1,"minecraft:repeater":1,"minecraft:mud":4,"minecraft:wheat":6,"minecraft:lilac":1,"minecraft:jukebox":1,"minecraft:warped_fungus":2,"minecraft:stone_brick_stairs":28,"minecraft:grass":772,"minecraft:oak_fence_gate":17,"create:hand_crank":1,"minecraft:mangrove_log":5,"minecraft:smooth_basalt":3,"minecraft:red_mushroom_block":29,"minecraft:stripped_crimson_stem":2,"minecraft:piston":5,"minecraft:deepslate":3496,"minecraft:suspicious_gravel":3,"minecraft:yellow_terracotta":3,"create:zinc_ore":2,"minecraft:deepslate_tiles":2,"create:copper_backtank":5,"minecraft:mossy_cobblestone":76,"minecraft:dark_oak_log":23,"minecraft:sea_lantern":1,"minecraft:shulker_box":49,"minecraft:end_stone":69,"minecraft:nether_bricks":74,"minecraft:dark_oak_fence":4,"minecraft:spruce_fence":1,"minecraft:crimson_roots":3,"minecraft:redstone_wire":7,"minecraft:horn_coral_wall_fan":1,"minecraft:cartography_table":1,"minecraft:moss_block":18,"minecraft:kelp":2,"minecraft:black_stained_glass_pane":2,"minecraft:redstone_ore":4,"create:shaft":2,"minecraft:snow":1,"minecraft:suspicious_sand":7,"minecraft:green_terracotta":12,"minecraft:andesite":246,"minecraft:diamond_block":11,"minecraft:big_dripleaf_stem":1,"minecraft:mossy_stone_brick_stairs":1,"minecraft:potatoes":2,"minecraft:cobblestone_slab":2,"minecraft:respawn_anchor":2,"minecraft:rail":432,"minecraft:bone_block":22,"minecraft:white_wool":5,"minecraft:cake":1,"minecraft:ender_chest":71,"minecraft:smithing_table":1,"minecraft:birch_stairs":2,"minecraft:oak_slab":3,"minecraft:light_gray_carpet":1,"minecraft:redstone_block":1,"minecraft:gray_concrete":2,"minecraft:glass_pane":41,"minecraft:comparator":6,"minecraft:soul_sand":45,"minecraft:brown_stained_glass_pane":2,"minecraft:stone_brick_slab":28,"minecraft:observer":3,"minecraft:polished_blackstone_brick_wall":1,"minecraft:cornflower":1,"minecraft:emerald_ore":2,"minecraft:warped_roots":6,"minecraft:copper_ore":9,"minecraft:tall_grass":152,"minecraft:deepslate_gold_ore":67,"minecraft:diorite":215,"minecraft:big_dripleaf":1,"minecraft:coarse_dirt":5,"minecraft:stripped_spruce_wood":1,"minecraft:purple_stained_glass":8,"minecraft:white_carpet":7,"minecraft:spruce_log":1023,"minecraft:birch_leaves":75,"minecraft:mangrove_leaves":1,"minecraft:mycelium":7,"minecraft:dripstone_block":14,"minecraft:sunflower":2,"minecraft:zombie_head":1,"minecraft:gravel":306,"minecraft:acacia_door":4,"minecraft:cobweb":94,"minecraft:brown_terracotta":1,"minecraft:polished_blackstone":3,"minecraft:stone_bricks":486,"minecraft:gold_ore":3,"minecraft:fern":18,"minecraft:large_amethyst_bud":1,"create:deepslate_zinc_ore":56,"minecraft:spruce_planks":211,"minecraft:stone_pressure_plate":4,"minecraft:attached_melon_stem":2,"minecraft:oak_sapling":25,"minecraft:farmland":12,"minecraft:mossy_stone_brick_slab":1,"minecraft:jungle_slab":1,"minecraft:cobblestone_stairs":1,"minecraft:sculk_vein":9,"minecraft:orange_stained_glass":2,"minecraft:brewing_stand":1,"minecraft:spruce_trapdoor":60,"minecraft:cave_vines_plant":1,"minecraft:grass_block":1045,"minecraft:infested_cobblestone":79,"minecraft:cracked_polished_blackstone_bricks":248,"minecraft:soul_soil":32,"minecraft:polished_blackstone_brick_slab":1,"minecraft:stripped_warped_hyphae":2,"minecraft:composter":4,"minecraft:gilded_blackstone":2,"minecraft:glowstone":20,"minecraft:sculk_catalyst":1,"minecraft:red_nether_brick_stairs":3,"minecraft:iron_ore":186,"minecraft:anvil":4,"minecraft:azure_bluet":1,"minecraft:pointed_dripstone":1,"minecraft:iron_bars":5,"minecraft:end_stone_bricks":9,"minecraft:spruce_slab":69,"minecraft:deepslate_redstone_ore":122,"minecraft:magenta_wall_banner":3,"minecraft:polished_blackstone_wall":1,"minecraft:cyan_terracotta":343,"minecraft:blackstone":614,"minecraft:melon_stem":8,"minecraft:purpur_stairs":2,"minecraft:clay":141,"minecraft:light_gray_terracotta":221,"minecraft:calcite":7,"minecraft:poppy":10,"minecraft:beacon":2,"minecraft:chest":29,"minecraft:cobblestone":188,"minecraft:nether_quartz_ore":629,"minecraft:slime_block":12,"minecraft:grindstone":2,"minecraft:oak_planks":2,"minecraft:iron_door":1,"minecraft:wall_torch":22,"minecraft:cauldron":1,"minecraft:deepslate_copper_ore":3,"minecraft:seagrass":3,"minecraft:warped_nylium":4,"minecraft:powered_rail":2,"minecraft:warped_planks":7,"minecraft:nether_wart_block":36,"minecraft:birch_log":96,"minecraft:blue_ice":1,"minecraft:brown_wall_banner":2,"minecraft:orange_tulip":6,"minecraft:purpur_block":25,"minecraft:oak_log":53,"minecraft:beetroots":10,"create:sequenced_gearshift":1,"minecraft:dirt":733,"minecraft:sand":393,"create:encased_chain_drive":7,"minecraft:tripwire_hook":1,"minecraft:ancient_debris":20,"minecraft:dispenser":1,"minecraft:netherrack":7937,"minecraft:polished_deepslate_wall":2,"minecraft:oak_leaves":319,"minecraft:nether_gold_ore":29,"minecraft:diamond_ore":8,"minecraft:crying_obsidian":1,"minecraft:tuff":289,"minecraft:dark_oak_leaves":1,"minecraft:deepslate_diamond_ore":440,"minecraft:blackstone_wall":1,"minecraft:mangrove_roots":2,"minecraft:gray_stained_glass_pane":1,"minecraft:lever":1,"minecraft:glow_lichen":1,"minecraft:ladder":24,"minecraft:chiseled_bookshelf":1,"minecraft:decorated_pot":1,"create:ochrum":26,"minecraft:brown_mushroom_block":11,"minecraft:soul_campfire":1,"minecraft:birch_slab":1,"minecraft:spruce_leaves":17,"minecraft:cracked_nether_bricks":3,"minecraft:rooted_dirt":38,"minecraft:crimson_stem":3,"minecraft:large_fern":8,"minecraft:hay_block":1,"minecraft:deepslate_brick_slab":1,"minecraft:light_blue_wall_banner":2,"minecraft:oak_trapdoor":11,"minecraft:spruce_sapling":3,"minecraft:furnace":11,"minecraft:carrots":49,"minecraft:polished_basalt":2,"minecraft:nether_sprouts":1,"minecraft:chiseled_sandstone":1,"create:scorchia":3,"minecraft:stripped_spruce_log":180,"minecraft:peony":1,"minecraft:gold_block":77,"minecraft:nether_brick_fence":7,"minecraft:polished_deepslate":49,"minecraft:bookshelf":68,"minecraft:deepslate_iron_ore":110,"minecraft:shroomlight":2,"minecraft:packed_ice":22,"minecraft:chorus_plant":2,"minecraft:stone":3722,"minecraft:redstone_wall_torch":1,"minecraft:podzol":1,"minecraft:acacia_leaves":41,"minecraft:magenta_stained_glass":7,"minecraft:infested_stone_bricks":4,"minecraft:snow_block":1,"minecraft:basalt":28,"minecraft:warped_fence":2,"minecraft:spruce_door":2,"create:track":3,"minecraft:oak_fence":1,"minecraft:crafting_table":32,"minecraft:purple_wall_banner":5,"minecraft:lectern":926,"minecraft:andesite_wall":4,"minecraft:stone_slab":2,"minecraft:quartz_bricks":1,"minecraft:deepslate_coal_ore":37,"minecraft:lapis_ore":13,"minecraft:polished_blackstone_brick_stairs":14,"minecraft:sculk":87,"create:cut_tuff_bricks":1,"minecraft:spruce_stairs":122,"minecraft:gray_wool":260,"minecraft:brick_slab":1,"minecraft:bubble_coral":1,"minecraft:sea_pickle":1,"minecraft:redstone_torch":1,"minecraft:sweet_berry_bush":2,"minecraft:black_wall_banner":3,"minecraft:ice":20,"minecraft:gray_bed":1,"minecraft:coal_ore":86,"minecraft:cherry_leaves":12,"minecraft:end_rod":1,"minecraft:lodestone":1,"minecraft:cracked_stone_bricks":12,"minecraft:crimson_wall_sign":1,"minecraft:polished_andesite":4,"minecraft:mossy_stone_bricks":40,"minecraft:warped_slab":1},"minecraft:killed":{"minecraft:cave_spider":10,"minecraft:cod":2,"minecraft:shulker":22,"minecraft:pufferfish":1,"minecraft:skeleton":305,"minecraft:chicken":2,"minecraft:tropical_fish":1,"minecraft:cat":1,"minecraft:magma_cube":105,"minecraft:salmon":3,"minecraft:iron_golem":5,"minecraft:ender_dragon":1,"minecraft:pillager":38,"minecraft:zombie":885,"minecraft:glow_squid":1,"minecraft:cow":5,"minecraft:evoker":5,"minecraft:vindicator":13,"minecraft:horse":1,"minecraft:warden":3,"minecraft:husk":1,"minecraft:sniffer":1,"minecraft:rabbit":6,"minecraft:ravager":1,"minecraft:enderman":2222,"minecraft:witch":7,"minecraft:zombified_piglin":5,"minecraft:spider":54,"minecraft:wither":1,"minecraft:illusioner":1,"minecraft:piglin_brute":20,"minecraft:piglin":38,"minecraft:pig":8,"minecraft:zombie_villager":3,"minecraft:creeper":67,"minecraft:sheep":20,"minecraft:ghast":7,"minecraft:blaze":43,"minecraft:vex":3,"minecraft:slime":2,"minecraft:phantom":10,"minecraft:drowned":10,"minecraft:hoglin":2,"minecraft:squid":12,"minecraft:wither_skeleton":25,"minecraft:villager":3},"minecraft:broken":{"minecraft:shears":1,"minecraft:diamond_pickaxe":1,"minecraft:shield":1,"minecraft:iron_axe":3,"minecraft:iron_pickaxe":1,"minecraft:iron_shovel":2,"minecraft:stone_pickaxe":1,"minecraft:diamond_sword":1,"minecraft:flint_and_steel":1,"minecraft:diamond_axe":2},"minecraft:crafted":{"minecraft:ender_chest":1,"minecraft:oak_sign":3,"minecraft:melon":1197,"minecraft:blaze_powder":36,"minecraft:slime_block":16,"minecraft:lever":13,"minecraft:diamond_shovel":2,"minecraft:bookshelf":42,"minecraft:cooked_mutton":8,"minecraft:shulker_box":2,"minecraft:iron_bars":16,"minecraft:deepslate_brick_stairs":192,"minecraft:glass":14,"minecraft:diamond_helmet":2,"minecraft:repeater":1,"minecraft:diamond_leggings":3,"minecraft:beacon":1,"minecraft:melon_seeds":76,"minecraft:polished_blackstone":396,"minecraft:magenta_dye":2,"minecraft:cooked_rabbit":2,"minecraft:glass_bottle":72,"minecraft:target":1,"minecraft:emerald":572,"minecraft:cooked_porkchop":5,"minecraft:soul_campfire":1,"minecraft:diamond_axe":3,"minecraft:spruce_door":27,"minecraft:copper_ingot":1,"minecraft:fletching_table":1,"minecraft:lectern":10,"minecraft:stone_slab":6,"minecraft:compass":1,"minecraft:iron_pickaxe":3,"minecraft:iron_block":262,"minecraft:acacia_door":3,"minecraft:gold_ingot":176,"minecraft:netherite_ingot":1,"minecraft:composter":2,"minecraft:polished_blackstone_bricks":364,"minecraft:golden_carrot":147,"minecraft:rabbit_stew":1,"minecraft:iron_nugget":63,"minecraft:spyglass":1,"minecraft:experience_bottle":52,"minecraft:diamond_hoe":1,"minecraft:bone_meal":18,"minecraft:spruce_fence":6,"create:copper_backtank":1,"minecraft:white_carpet":141,"minecraft:lantern":5,"minecraft:diamond":108,"minecraft:spruce_stairs":792,"minecraft:ladder":36,"minecraft:spruce_slab":720,"minecraft:ender_pearl":12,"minecraft:stone_pickaxe":1,"minecraft:diamond_boots":2,"minecraft:spruce_boat":2,"minecraft:redstone_block":38,"minecraft:dark_oak_planks":40,"minecraft:golden_helmet":1,"minecraft:polished_blackstone_brick_slab":30,"minecraft:enchanting_table":2,"minecraft:dried_kelp":1,"minecraft:deepslate_brick_slab":6,"minecraft:glowstone":12,"minecraft:enchanted_book":17,"minecraft:orange_dye":1,"minecraft:polished_blackstone_brick_wall":12,"minecraft:oak_fence_gate":5,"minecraft:golden_apple":10,"minecraft:fermented_spider_eye":2,"create:zinc_block":1,"minecraft:iron_shovel":1,"minecraft:white_bed":44,"minecraft:music_disc_5":1,"create:shaft":8,"minecraft:grindstone":6,"minecraft:oak_planks":3428,"minecraft:dark_oak_boat":3,"minecraft:lightning_rod":1,"minecraft:spruce_pressure_plate":2,"minecraft:suspicious_stew":1,"minecraft:hopper":33,"minecraft:stone_brick_slab":16,"create:copper_nugget":9,"minecraft:bow":2,"minecraft:iron_boots":1,"minecraft:comparator":1,"minecraft:chest":112,"minecraft:oak_button":1,"minecraft:copper_block":1,"minecraft:rail":160,"minecraft:stone_hoe":1,"minecraft:ender_eye":16,"minecraft:stone_bricks":1896,"minecraft:respawn_anchor":1,"minecraft:golden_boots":1,"minecraft:oak_slab":36,"minecraft:crafting_table":20,"minecraft:spruce_planks":3131,"minecraft:wooden_pickaxe":1,"minecraft:baked_potato":11,"minecraft:hopper_minecart":1,"minecraft:brewing_stand":1,"minecraft:birch_planks":304,"minecraft:pumpkin_seeds":380,"minecraft:dispenser":1,"minecraft:apple":60,"minecraft:spruce_trapdoor":120,"minecraft:string":12,"minecraft:paper":579,"minecraft:diamond_pickaxe":5,"minecraft:shield":5,"minecraft:stick":6977,"minecraft:iron_ingot":132,"minecraft:stone_sword":1,"minecraft:polished_blackstone_brick_stairs":40,"minecraft:redstone_torch":20,"minecraft:deepslate_bricks":412,"minecraft:beetroot_soup":1,"minecraft:shears":5,"minecraft:oak_door":12,"minecraft:cookie":36,"minecraft:redstone":308,"minecraft:fishing_rod":1,"minecraft:stone_button":3,"minecraft:furnace":9,"minecraft:piston":60,"minecraft:dark_oak_trapdoor":12,"minecraft:mushroom_stew":1,"minecraft:diamond_block":59,"minecraft:glass_pane":176,"minecraft:flint_and_steel":2,"minecraft:polished_deepslate":668,"minecraft:iron_axe":11,"minecraft:iron_hoe":1,"minecraft:slime_ball":108,"minecraft:chiseled_bookshelf":2,"minecraft:observer":48,"minecraft:minecart":7,"minecraft:cooked_beef":6,"minecraft:sugar":2,"minecraft:red_dye":1,"minecraft:cooked_cod":1,"minecraft:crimson_planks":20,"create:andesite_alloy":5,"minecraft:diamond_sword":4,"minecraft:spruce_sign":30,"minecraft:powered_rail":42,"minecraft:bowl":4,"minecraft:nether_bricks":16,"minecraft:cooked_salmon":1,"minecraft:mangrove_planks":20,"minecraft:bucket":3,"minecraft:stone_axe":1,"minecraft:air":0,"minecraft:bread":307,"minecraft:oak_boat":6,"minecraft:white_wool":15,"minecraft:anvil":2,"minecraft:pumpkin_pie":8,"minecraft:acacia_planks":52,"minecraft:torch":152,"minecraft:end_crystal":2,"create:zinc_ingot":9,"minecraft:lapis_lazuli":24,"minecraft:clay":84,"minecraft:diamond_chestplate":3,"minecraft:firework_rocket":675},"minecraft:dropped":{"minecraft:clay":22,"minecraft:porkchop":6,"minecraft:glow_ink_sac":7,"minecraft:glass_bottle":22,"minecraft:diamond":84,"minecraft:orange_tulip":7,"minecraft:crossbow":3,"minecraft:warped_roots":5,"create:cogwheel":1,"create:sequenced_gearshift":1,"minecraft:rooted_dirt":36,"minecraft:cracked_stone_bricks":6,"minecraft:item_frame":2,"minecraft:purpur_stairs":1,"minecraft:gold_block":2,"minecraft:red_mushroom":5,"minecraft:emerald":7,"minecraft:leather_helmet":2,"minecraft:rail":104,"minecraft:melon":269,"minecraft:dirt":202,"minecraft:gray_concrete":6,"minecraft:grass":4,"minecraft:dark_oak_fence":1,"minecraft:snout_armor_trim_smithing_template":2,"minecraft:chain":8,"minecraft:iron_pickaxe":3,"minecraft:gold_nugget":10,"minecraft:sunflower":4,"minecraft:phantom_membrane":3,"minecraft:sugar":4,"minecraft:white_wool":5,"minecraft:dark_oak_planks":5,"minecraft:birch_stairs":2,"minecraft:bone":115,"minecraft:goat_horn":2,"minecraft:oak_door":11,"minecraft:magenta_banner":1,"minecraft:iron_nugget":107,"minecraft:stone_axe":2,"minecraft:golden_chestplate":2,"minecraft:cobbled_deepslate":75,"minecraft:sugar_cane":19,"minecraft:lever":2,"minecraft:nether_brick":58,"minecraft:wheat":5,"minecraft:birch_sapling":11,"minecraft:obsidian":2,"minecraft:deepslate_brick_slab":4,"minecraft:oak_planks":23,"minecraft:rotten_flesh":244,"minecraft:end_stone":12,"minecraft:blaze_powder":1,"minecraft:quartz_bricks":1,"minecraft:nether_brick_fence":9,"minecraft:azure_bluet":2,"minecraft:white_bed":1,"minecraft:eye_armor_trim_smithing_template":2,"minecraft:sea_lantern":1,"minecraft:deepslate_tiles":1,"minecraft:deepslate_copper_ore":2,"minecraft:leather_boots":9,"minecraft:ladder":32,"minecraft:acacia_sapling":5,"minecraft:leather_leggings":3,"minecraft:spruce_slab":55,"minecraft:red_nether_bricks":8,"minecraft:end_stone_bricks":3,"minecraft:glass":35,"minecraft:beef":6,"minecraft:cartography_table":1,"minecraft:crying_obsidian":1,"minecraft:ghast_tear":5,"minecraft:green_stained_glass":1,"minecraft:enchanted_book":8,"minecraft:stone_brick_stairs":35,"minecraft:iron_ingot":1170,"minecraft:lectern":1,"minecraft:golden_boots":3,"minecraft:egg":4,"minecraft:wheat_seeds":96,"minecraft:birch_leaves":4,"minecraft:deepslate_redstone_ore":2,"minecraft:polished_blackstone":23,"minecraft:dripstone_block":9,"minecraft:book":11,"minecraft:yellow_terracotta":3,"minecraft:oak_fence":1,"minecraft:purpur_slab":1,"minecraft:cobblestone":123,"deeperdarker:warden_upgrade_smithing_template":1,"minecraft:spruce_door":7,"minecraft:coal":27,"minecraft:polished_andesite":1,"minecraft:oxeye_daisy":1,"minecraft:cobweb":2,"minecraft:jungle_slab":1,"minecraft:warped_slab":2,"minecraft:sculk":2,"minecraft:golden_carrot":3,"minecraft:ink_sac":230,"minecraft:lodestone":1,"minecraft:diamond_helmet":3,"minecraft:potion":1,"minecraft:brown_terracotta":1,"minecraft:oak_stairs":2,"minecraft:mud":3,"minecraft:pumpkin":419,"minecraft:white_banner":5,"minecraft:spruce_sapling":3,"minecraft:paper":115,"minecraft:string":183,"minecraft:acacia_planks":2,"minecraft:lily_pad":14,"minecraft:polished_deepslate_wall":1,"minecraft:stone_brick_slab":15,"minecraft:furnace":1,"minecraft:player_head":11,"minecraft:moss_carpet":1,"minecraft:redstone_ore":1,"create:ochrum":26,"minecraft:soul_soil":15,"minecraft:green_terracotta":12,"minecraft:soul_torch":1,"minecraft:stone_sword":5,"minecraft:deepslate":955,"minecraft:bowl":6,"minecraft:chicken":1,"minecraft:white_carpet":2,"minecraft:clay_ball":112,"minecraft:iron_boots":1,"minecraft:stone_slab":20,"minecraft:name_tag":1,"minecraft:shears":2,"minecraft:nether_bricks":11,"minecraft:spruce_fence":1,"minecraft:pumpkin_seeds":364,"minecraft:purple_stained_glass":3,"minecraft:diamond_sword":8,"minecraft:big_dripleaf":2,"minecraft:stone":303,"minecraft:peony":1,"minecraft:spruce_trapdoor":20,"minecraft:spruce_planks":59,"create:zinc_ingot":48,"create:hand_crank":2,"minecraft:stone_bricks":273,"minecraft:redstone_torch":1,"minecraft:stone_pressure_plate":38,"minecraft:bow":6,"minecraft:spider_eye":28,"minecraft:magenta_dye":1,"minecraft:stripped_spruce_wood":1,"minecraft:magma_block":3,"minecraft:crimson_nylium":17,"minecraft:moss_block":9,"minecraft:soul_sand":76,"minecraft:brown_mushroom":3,"minecraft:diamond_axe":1,"minecraft:oak_log":129,"minecraft:ender_pearl":795,"minecraft:large_amethyst_bud":1,"minecraft:sandstone_slab":1,"minecraft:lantern":1,"minecraft:leather":19,"create:filter":2,"create:track":10,"create:deepslate_zinc_ore":4,"minecraft:polished_blackstone_brick_wall":5,"minecraft:black_banner":1,"minecraft:cod":1,"minecraft:cobblestone_stairs":1,"minecraft:birch_slab":1,"minecraft:music_disc_13":1,"minecraft:flint":152,"minecraft:cyan_terracotta":63,"minecraft:cracked_polished_blackstone_bricks":58,"minecraft:dark_oak_log":6,"minecraft:packed_ice":14,"minecraft:ice":11,"create:sticky_mechanical_piston":1,"minecraft:polished_blackstone_brick_stairs":13,"minecraft:cornflower":1,"minecraft:mutton":8,"minecraft:crimson_roots":6,"minecraft:coast_armor_trim_smithing_template":4,"minecraft:snowball":4,"minecraft:gilded_blackstone":4,"minecraft:polished_blackstone_bricks":45,"minecraft:gold_ingot":236,"minecraft:gravel":702,"minecraft:white_tulip":2,"minecraft:purpur_block":7,"minecraft:blackstone":169,"minecraft:mangrove_roots":2,"minecraft:purple_banner":1,"minecraft:beetroot":3,"minecraft:carrot":41,"minecraft:leather_chestplate":5,"minecraft:poppy":150,"minecraft:rabbit_hide":2,"minecraft:oak_fence_gate":1,"minecraft:gunpowder":10,"minecraft:melon_seeds":7,"minecraft:stone_brick_wall":1,"minecraft:chest":18,"minecraft:beetroot_seeds":18,"minecraft:glowstone":2,"minecraft:arrow":51,"minecraft:iron_bars":19,"minecraft:basalt":8,"minecraft:iron_ore":4,"minecraft:powered_rail":4,"minecraft:quartz":8,"minecraft:cracked_nether_bricks":3,"minecraft:oak_leaves":41,"minecraft:netherrack":980,"minecraft:bread":26,"minecraft:stripped_spruce_log":2,"minecraft:stone_hoe":1,"minecraft:oak_slab":15,"minecraft:golden_helmet":2,"minecraft:deepslate_iron_ore":3,"minecraft:mossy_cobblestone":40,"minecraft:minecart":2,"minecraft:bookshelf":1,"minecraft:diamond_leggings":5,"minecraft:golden_axe":1,"minecraft:andesite_wall":6,"minecraft:sculk_vein":2,"minecraft:spectral_arrow":3,"minecraft:spruce_stairs":54,"minecraft:grass_block":3,"minecraft:stick":241,"minecraft:iron_block":119,"minecraft:deepslate_brick_stairs":148,"minecraft:milk_bucket":1,"minecraft:diorite":175,"minecraft:smooth_red_sandstone":3,"minecraft:nether_gold_ore":14,"minecraft:torch":6,"minecraft:sculk_catalyst":3,"minecraft:nether_wart_block":2,"minecraft:melon_slice":2692,"minecraft:map":2,"minecraft:fire_charge":8,"minecraft:iron_door":1,"minecraft:crimson_sign":1,"create:piston_extension_pole":2,"minecraft:polished_blackstone_brick_slab":10,"minecraft:iron_axe":9,"minecraft:tripwire_hook":1,"minecraft:bucket":3,"minecraft:redstone":25,"minecraft:smooth_basalt":9,"minecraft:chiseled_sandstone":1,"minecraft:kelp":7,"minecraft:sweet_berries":1,"minecraft:warped_nylium":10,"minecraft:oak_trapdoor":16,"create:shaft":9,"minecraft:coarse_dirt":2,"minecraft:raw_iron":2,"minecraft:light_gray_terracotta":209,"create:encased_chain_drive":5,"minecraft:tuff":181,"minecraft:iron_hoe":1,"minecraft:comparator":2,"minecraft:shulker_box":2,"minecraft:glass_pane":8,"minecraft:red_nether_brick_stairs":2,"minecraft:deepslate_bricks":60,"minecraft:shield":3,"minecraft:oak_button":2,"minecraft:diamond_chestplate":2,"minecraft:iron_chestplate":1,"minecraft:dragon_egg":3,"minecraft:andesite":83,"minecraft:mossy_stone_bricks":21,"minecraft:golden_leggings":1,"minecraft:oak_sapling":17,"minecraft:diamond_boots":1,"minecraft:slime_ball":8,"minecraft:nether_quartz_ore":29,"minecraft:magma_cream":5,"minecraft:amethyst_cluster":1},"minecraft:used":{"minecraft:beetroot":1,"minecraft:moss_block":3,"minecraft:writable_book":2,"minecraft:dispenser":2,"minecraft:spruce_slab":425,"minecraft:polished_blackstone":10,"minecraft:ladder":38,"minecraft:elytra":43,"minecraft:chest":120,"minecraft:stone":705,"minecraft:rotten_flesh":1,"minecraft:soul_sand":9,"minecraft:deepslate_brick_slab":2,"minecraft:snowball":2,"minecraft:stripped_spruce_log":142,"minecraft:spruce_boat":19,"minecraft:lava_bucket":164,"minecraft:music_disc_pigstep":1,"minecraft:grass_block":191,"minecraft:deepslate_copper_ore":1,"minecraft:copper_ore":1,"minecraft:rabbit_stew":1,"minecraft:oak_sapling":4,"minecraft:bow":916,"minecraft:dark_oak_boat":6,"minecraft:cooked_cod":1,"minecraft:sweet_berries":1,"minecraft:furnace":15,"minecraft:egg":4,"minecraft:potato":5,"minecraft:diorite":29,"minecraft:blackstone":99,"minecraft:spruce_door":24,"minecraft:chorus_fruit":1,"minecraft:powered_rail":38,"minecraft:wooden_pickaxe":17,"minecraft:composter":6,"minecraft:clay":64,"minecraft:respawn_anchor":3,"minecraft:oak_leaves":154,"minecraft:cookie":1,"minecraft:golden_apple":15,"create:cut_tuff_bricks":1,"minecraft:glow_berries":2,"minecraft:dark_oak_trapdoor":1,"minecraft:pumpkin_seeds":22,"minecraft:deepslate_brick_stairs":108,"minecraft:lightning_rod":1,"minecraft:deepslate_tiles":1,"create:copper_backtank":8,"minecraft:crying_obsidian":2,"minecraft:zombie_head":1,"minecraft:deepslate_iron_ore":27,"minecraft:stone_button":3,"minecraft:lectern":935,"minecraft:pufferfish":1,"minecraft:diamond_sword":4198,"minecraft:fire_charge":1,"minecraft:dark_oak_fence":2,"minecraft:smithing_table":1,"minecraft:poisonous_potato":1,"minecraft:ice":6,"minecraft:oak_boat":62,"minecraft:compass":1,"minecraft:oak_trapdoor":30,"minecraft:iron_bars":1,"minecraft:polished_blackstone_brick_slab":21,"minecraft:enchanting_table":2,"minecraft:stone_sword":15,"minecraft:carved_pumpkin":1,"minecraft:cooked_salmon":1,"minecraft:netherrack":2230,"minecraft:torch":131,"minecraft:brewing_stand":2,"minecraft:anvil":6,"minecraft:target":1,"minecraft:nether_quartz_ore":231,"minecraft:oak_fence_gate":21,"minecraft:iron_block":189,"create:deepslate_zinc_ore":25,"minecraft:iron_axe":930,"minecraft:rooted_dirt":2,"minecraft:totem_of_undying":5,"minecraft:melon_seeds":71,"minecraft:diamond_chestplate":54,"minecraft:basalt":4,"minecraft:glowstone":7,"minecraft:beef":1,"minecraft:goat_horn":1,"minecraft:observer":46,"minecraft:acacia_planks":2,"minecraft:cobbled_deepslate":597,"minecraft:wheat_seeds":23,"minecraft:chiseled_bookshelf":2,"minecraft:water_bucket":191,"minecraft:rabbit":2,"minecraft:glow_ink_sac":1,"minecraft:fletching_table":5,"minecraft:deepslate_bricks":197,"minecraft:cracked_stone_bricks":1,"minecraft:polished_blackstone_bricks":575,"minecraft:salmon":1,"minecraft:mossy_cobblestone":5,"minecraft:diamond_block":1,"minecraft:rail":647,"minecraft:comparator":4,"minecraft:crafting_table":50,"minecraft:red_bed":18,"minecraft:white_bed":45,"minecraft:cod":1,"minecraft:cake":1,"minecraft:spruce_log":1151,"minecraft:oak_log":2,"create:track":2,"minecraft:diamond_pickaxe":21952,"minecraft:ender_eye":12,"minecraft:diamond_shovel":2169,"minecraft:iron_pickaxe":486,"minecraft:suspicious_stew":1,"minecraft:spruce_pressure_plate":2,"minecraft:spruce_trapdoor":198,"minecraft:spruce_sapling":67,"minecraft:crimson_nylium":2,"minecraft:enchanted_book":12,"minecraft:chiseled_stone_bricks":1,"minecraft:potion":10,"minecraft:cobblestone":201,"minecraft:cooked_porkchop":5,"minecraft:porkchop":1,"minecraft:glass_pane":168,"minecraft:brush":19,"minecraft:jukebox":1,"minecraft:diamond_leggings":1,"minecraft:iron_shovel":511,"minecraft:polished_deepslate":201,"minecraft:melon":1,"minecraft:diamond_hoe":94,"minecraft:oak_sign":1,"minecraft:decorated_pot":2,"minecraft:shield":138,"minecraft:player_head":8,"minecraft:soul_campfire":2,"minecraft:mutton":2,"minecraft:nether_bricks":51,"minecraft:carrot":191,"minecraft:tuff":42,"minecraft:milk_bucket":1,"minecraft:obsidian":38,"minecraft:honey_bottle":2,"minecraft:glass":23,"minecraft:cyan_terracotta":184,"minecraft:coal_ore":3,"minecraft:lantern":4,"minecraft:polished_blackstone_brick_wall":7,"minecraft:hopper_minecart":1,"minecraft:stone_bricks":2042,"minecraft:repeater":1,"minecraft:deepslate_diamond_ore":162,"minecraft:magma_block":1,"minecraft:warped_fungus":1,"minecraft:written_book":1,"minecraft:gray_bed":1,"minecraft:beetroot_seeds":10,"minecraft:end_rod":1,"minecraft:wither_skeleton_skull":3,"minecraft:stone_pickaxe":190,"minecraft:ender_pearl":107,"minecraft:redstone_block":2,"minecraft:diamond_axe":3551,"minecraft:white_wool":28,"minecraft:mushroom_stew":1,"minecraft:light_gray_terracotta":15,"minecraft:deepslate_redstone_ore":39,"minecraft:crossbow":1,"minecraft:shears":560,"minecraft:end_stone":52,"minecraft:deepslate_lapis_ore":7,"minecraft:redstone_torch":16,"minecraft:lever":11,"minecraft:firework_rocket":497,"minecraft:acacia_door":14,"minecraft:bread":391,"minecraft:melon_slice":1074,"minecraft:string":1,"minecraft:deepslate":241,"minecraft:gravel":21,"minecraft:grindstone":4,"minecraft:andesite":47,"minecraft:cooked_rabbit":1,"minecraft:coarse_dirt":3,"minecraft:bone_meal":48,"minecraft:experience_bottle":60,"minecraft:cobweb":1,"create:clipboard":3,"minecraft:flint_and_steel":73,"minecraft:tropical_fish":1,"minecraft:redstone":94,"minecraft:dried_kelp":1,"minecraft:spruce_planks":581,"minecraft:ender_chest":73,"minecraft:sculk":12,"minecraft:deepslate_gold_ore":14,"minecraft:stone_hoe":52,"minecraft:cooked_chicken":1,"minecraft:oak_door":7,"minecraft:spyglass":3,"minecraft:dirt":1687,"minecraft:white_carpet":142,"minecraft:hopper":56,"minecraft:spruce_stairs":748,"minecraft:shulker_box":51,"minecraft:diamond_helmet":3,"minecraft:salmon_bucket":1,"minecraft:spruce_fence":4,"minecraft:purple_banner":3,"minecraft:iron_hoe":249,"minecraft:stone_brick_slab":24,"minecraft:bookshelf":55,"minecraft:polished_blackstone_brick_stairs":32,"minecraft:light_gray_wool":3,"minecraft:golden_carrot":180,"minecraft:minecart":15,"minecraft:cooked_beef":6,"minecraft:enchanted_golden_apple":1,"minecraft:pumpkin":6,"minecraft:beetroot_soup":1,"minecraft:cooked_mutton":8,"minecraft:iron_ore":66,"minecraft:lodestone":1,"minecraft:glass_bottle":26,"minecraft:red_nether_bricks":2,"minecraft:baked_potato":10,"minecraft:spruce_sign":15,"minecraft:sniffer_egg":1,"minecraft:beacon":3,"minecraft:spider_eye":1,"minecraft:smoker":5,"minecraft:piston":61,"minecraft:apple":6,"minecraft:cracked_polished_blackstone_bricks":47,"minecraft:chicken":1,"minecraft:lapis_ore":2,"minecraft:stone_axe":74,"minecraft:fishing_rod":9,"minecraft:end_crystal":4,"minecraft:bucket":358,"minecraft:pumpkin_pie":8,"minecraft:gray_wool":242,"minecraft:sculk_catalyst":1,"minecraft:splash_potion":4}},"DataVersion":3465}