{"stats":{"minecraft:custom":{"minecraft:interact_with_furnace":9,"minecraft:mob_kills":6,"minecraft:interact_with_crafting_table":11,"minecraft:time_since_death":41326,"minecraft:leave_game":4,"minecraft:climb_one_cm":448,"minecraft:time_since_rest":41394,"minecraft:sprint_one_cm":219135,"minecraft:damage_taken":631,"minecraft:walk_one_cm":102368,"minecraft:drop":3,"minecraft:damage_dealt":699,"minecraft:swim_one_cm":8520,"minecraft:fly_one_cm":215959,"minecraft:crouch_one_cm":1884,"minecraft:play_time":67241,"minecraft:deaths":1,"minecraft:sneak_time":1904,"minecraft:walk_under_water_one_cm":2513,"minecraft:jump":984,"minecraft:walk_on_water_one_cm":5527,"minecraft:total_world_time":67241,"minecraft:fall_one_cm":18709},"minecraft:picked_up":{"minecraft:birch_log":54,"minecraft:crafting_table":3,"minecraft:stone_slab":1,"minecraft:oak_log":318,"minecraft:dirt":26,"minecraft:apple":45,"minecraft:wheat_seeds":2,"minecraft:stone_pickaxe":1,"create:shaft":2,"minecraft:birch_sapling":14,"minecraft:phantom_membrane":3,"minecraft:furnace":2,"minecraft:egg":5,"minecraft:stick":125,"minecraft:raw_iron":2,"minecraft:stone":1,"minecraft:acacia_log":8,"minecraft:porkchop":12,"minecraft:spruce_sapling":4,"minecraft:spruce_log":20,"minecraft:stone_sword":1,"minecraft:oak_sapling":147,"minecraft:mutton":2,"minecraft:coal":3,"minecraft:white_wool":1,"minecraft:cobblestone":33,"minecraft:ender_pearl":16},"minecraft:killed_by":{"minecraft:enderman":1},"minecraft:crafted":{"minecraft:oak_planks":4,"minecraft:cooked_porkchop":10,"minecraft:crafting_table":2,"minecraft:wooden_pickaxe":1,"minecraft:furnace":1,"minecraft:stone_axe":4,"minecraft:cooked_mutton":2,"minecraft:stick":8,"minecraft:stone_pickaxe":1,"minecraft:stone_sword":1,"minecraft:acacia_planks":32},"minecraft:mined":{"minecraft:crafting_table":3,"minecraft:acacia_log":8,"minecraft:grass_block":10,"minecraft:tall_grass":3,"minecraft:spruce_leaves":2,"minecraft:furnace":2,"minecraft:birch_log":55,"minecraft:iron_ore":2,"minecraft:spruce_log":19,"minecraft:birch_leaves":6,"minecraft:grass":6,"minecraft:oak_log":318,"minecraft:coal_ore":3,"minecraft:dirt":16,"minecraft:azalea_leaves":4,"minecraft:stone":34,"minecraft:oak_leaves":134},"minecraft:killed":{"minecraft:pig":5,"minecraft:sheep":1},"minecraft:dropped":{"create:shaft":1,"minecraft:apple":1},"minecraft:used":{"minecraft:stone_sword":24,"minecraft:stone_pickaxe":59,"minecraft:wooden_pickaxe":5,"minecraft:stone":1,"minecraft:dirt":14,"minecraft:crafting_table":3,"minecraft:spruce_log":8,"minecraft:oak_log":9,"minecraft:apple":9,"minecraft:stone_slab":1,"minecraft:stone_axe":504,"create:shaft":1,"minecraft:furnace":2,"minecraft:cooked_porkchop":5,"minecraft:egg":1},"minecraft:broken":{"minecraft:stone_axe":3}},"DataVersion":3465}