{"stats":{"minecraft:mined":{"minecraft:jungle_log":6,"minecraft:dead_bush":1},"minecraft:picked_up":{"minecraft:stick":1,"minecraft:jungle_log":6},"minecraft:custom":{"minecraft:jump":144,"minecraft:time_since_rest":5786,"minecraft:leave_game":1,"minecraft:damage_taken":110,"minecraft:sprint_one_cm":9513,"minecraft:play_time":5786,"minecraft:walk_on_water_one_cm":256,"minecraft:time_since_death":5786,"minecraft:walk_one_cm":3405,"minecraft:sneak_time":10,"minecraft:climb_one_cm":280,"minecraft:total_world_time":5786,"minecraft:fall_one_cm":3374,"minecraft:fly_one_cm":27791}},"DataVersion":3465}