{
  "display": {
    "icon": {
      "item": "minecraft:deepslate_bricks"
    },
    "title": "Dungeon in the Depths",
    "description": "find a Deepslate Dungeon",
    "frame": "task",
    "show_toast": true,
    "announce_to_chat": true,
    "hidden": false
  },
  "parent": "dohst:root",
  "criteria": {
    "deepslate_dungeon": {
      "trigger": "minecraft:location",
      "conditions": {
        "player": {
          "location": {
            "structure": "dohst:deepslate_dungeon"
          }
        }
      }
    }
  },
  "requirements": [
    [
      "deepslate_dungeon"
    ]
  ],
  "rewards": {
    "experience": 300
  }
}