{
  "minecraft:recipes/tools/fishing_rod": {
    "criteria": {
      "has_string": "2022-07-08 17:50:38 +0100"
    },
    "done": true
  },
  "minecraft:recipes/decorations/smoker": {
    "criteria": {
      "has_furnace": "2022-06-28 17:15:12 +0100"
    },
    "done": true
  },
  "minecraft:recipes/food/cooked_mutton_from_campfire_cooking": {
    "criteria": {
      "has_mutton": "2022-06-28 17:17:11 +0100"
    },
    "done": true
  },
  "slabs_stairs_to_block:recipes/building_blocks/slabs/mangrove_planks": {
    "criteria": {
      "has_slab": "2022-06-18 12:12:38 +0100"
    },
    "done": true
  },
  "minecraft:recipes/building_blocks/slabs/bread": {
    "criteria": {
      "has_item": "2022-06-18 12:12:38 +0100"
    },
    "done": true
  },
  "minecraft:recipes/redstone/lever": {
    "criteria": {
      "has_cobblestone": "2022-06-18 12:16:05 +0100"
    },
    "done": true
  },
  "powder_to_glass:recipes/misc/blue_stained_glass": {
    "criteria": {
      "has_powder": "2022-06-18 12:12:38 +0100"
    },
    "done": true
  },
  "slabs_stairs_to_block:recipes/building_blocks/stairs/smooth_quartz": {
    "criteria": {
      "has_stairs": "2022-06-18 12:12:38 +0100"
    },
    "done": true
  },
  "minecraft:recipes/combat/iron_sword": {
    "criteria": {
      "has_iron_ingot": "2022-07-01 16:33:22 +0100"
    },
    "done": true
  },
  "slabs_stairs_to_block:recipes/building_blocks/stairs/spruce_planks": {
    "criteria": {
      "has_stairs": "2022-06-18 12:12:38 +0100"
    },
    "done": true
  },
  "minecraft:recipes/redstone/observer": {
    "criteria": {
      "has_quartz": "2022-07-09 09:07:18 +0100"
    },
    "done": true
  },
  "minecraft:recipes/building_blocks/stone_bricks": {
    "criteria": {
      "has_stone": "2022-07-09 09:17:45 +0100"
    },
    "done": true
  },
  "minecraft:recipes/building_blocks/polished_deepslate": {
    "criteria": {
      "has_cobbled_deepslate": "2022-06-18 18:12:39 +0100"
    },
    "done": true
  },
  "minecraft:recipes/building_blocks/chiseled_deepslate_from_cobbled_deepslate_stonecutting": {
    "criteria": {
      "has_cobbled_deepslate": "2022-06-18 18:12:39 +0100"
    },
    "done": true
  },
  "equestrian_crafting:recipes/combat/iron_horse_armor": {
    "criteria": {
      "has_ingot": "2022-06-18 12:12:38 +0100",
      "has_saddle": "2022-06-18 12:12:38 +0100"
    },
    "done": true
  },
  "minecraft:recipes/building_blocks/lime_concrete_powder": {
    "criteria": {
      "has_gravel": "2022-06-22 18:29:34 +0100"
    },
    "done": true
  },
  "minecraft:recipes/tools/iron_pickaxe": {
    "criteria": {
      "has_iron_ingot": "2022-07-01 16:33:22 +0100"
    },
    "done": true
  },
  "minecraft:recipes/building_blocks/yellow_concrete_powder": {
    "criteria": {
      "has_gravel": "2022-06-22 18:29:34 +0100"
    },
    "done": true
  },
  "minecraft:recipes/combat/leather_helmet": {
    "criteria": {
      "has_leather": "2022-06-28 17:14:08 +0100"
    },
    "done": true
  },
  "minecraft:recipes/decorations/crafting_table": {
    "criteria": {
      "has_planks": "2022-06-18 12:12:51 +0100"
    },
    "done": true
  },
  "minecraft:recipes/building_blocks/magenta_wool": {
    "criteria": {
      "has_white_wool": "2022-06-28 17:17:11 +0100"
    },
    "done": true
  },
  "slabs_stairs_to_block:recipes/building_blocks/slabs/polished_granite": {
    "criteria": {
      "has_slab": "2022-06-18 12:12:38 +0100"
    },
    "done": true
  },
  "minecraft:recipes/misc/melon_seeds": {
    "criteria": {
      "has_melon": "2022-06-18 17:55:41 +0100"
    },
    "done": true
  },
  "slabs_stairs_to_block:recipes/building_blocks/stairs/stone": {
    "criteria": {
      "has_stairs": "2022-06-18 12:12:38 +0100"
    },
    "done": true
  },
  "minecraft:recipes/decorations/ladder": {
    "criteria": {
      "has_stick": "2022-06-18 12:15:54 +0100"
    },
    "done": true
  },
  "minecraft:recipes/building_blocks/dark_oak_slab": {
    "criteria": {
      "has_planks": "2022-07-02 10:02:41 +0100"
    },
    "done": true
  },
  "minecraft:recipes/decorations/chest": {
    "criteria": {
      "has_lots_of_items": "2022-06-18 12:17:02 +0100"
    },
    "done": true
  },
  "powder_to_glass:recipes/misc/yellow_stained_glass": {
    "criteria": {
      "has_powder": "2022-06-18 12:12:38 +0100"
    },
    "done": true
  },
  "minecraft:recipes/building_blocks/cobbled_deepslate_slab": {
    "criteria": {
      "has_cobbled_deepslate": "2022-06-18 18:12:39 +0100"
    },
    "done": true
  },
  "minecraft:recipes/building_blocks/chiseled_stone_bricks_stone_from_stonecutting": {
    "criteria": {
      "has_stone": "2022-07-09 09:17:45 +0100"
    },
    "done": true
  },
  "slabs_stairs_to_block:recipes/building_blocks/stairs/acacia_planks": {
    "criteria": {
      "has_stairs": "2022-06-18 12:12:38 +0100"
    },
    "done": true
  },
  "minecraft:recipes/transportation/mangrove_boat": {
    "criteria": {
      "in_water": "2022-06-18 12:16:17 +0100"
    },
    "done": true
  },
  "minecraft:recipes/tools/wooden_shovel": {
    "criteria": {
      "has_stick": "2022-06-18 12:15:54 +0100"
    },
    "done": true
  },
  "minecraft:recipes/decorations/torch": {
    "criteria": {
      "has_stone_pickaxe": "2022-06-18 18:13:21 +0100"
    },
    "done": true
  },
  "minecraft:recipes/redstone/dark_oak_button": {
    "criteria": {
      "has_planks": "2022-07-02 10:02:41 +0100"
    },
    "done": true
  },
  "minecraft:recipes/tools/shears": {
    "criteria": {
      "has_iron_ingot": "2022-07-01 16:33:22 +0100"
    },
    "done": true
  },
  "minecraft:recipes/misc/stick": {
    "criteria": {
      "has_planks": "2022-06-18 12:12:51 +0100"
    },
    "done": true
  },
  "minecraft:recipes/building_blocks/stone_brick_slab_from_stone_stonecutting": {
    "criteria": {
      "has_stone": "2022-07-09 09:17:45 +0100"
    },
    "done": true
  },
  "slabs_stairs_to_block:recipes/building_blocks/stairs/waxed_oxidized_cut_copper": {
    "criteria": {
      "has_stairs": "2022-06-18 12:12:38 +0100"
    },
    "done": true
  },
  "slabs_stairs_to_block:recipes/building_blocks/slabs/dark_oak_planks": {
    "criteria": {
      "has_slab": "2022-06-18 12:12:38 +0100"
    },
    "done": true
  },
  "minecraft:recipes/building_blocks/dark_oak_planks": {
    "criteria": {
      "has_log": "2022-06-18 19:18:03 +0100"
    },
    "done": true
  },
  "minecraft:recipes/food/cake": {
    "criteria": {
      "has_egg": "2022-06-18 19:18:03 +0100"
    },
    "done": true
  },
  "minecraft:recipes/combat/iron_leggings": {
    "criteria": {
      "has_iron_ingot": "2022-07-01 16:33:22 +0100"
    },
    "done": true
  },
  "minecraft:recipes/redstone/dark_oak_door": {
    "criteria": {
      "has_planks": "2022-07-02 10:02:41 +0100"
    },
    "done": true
  },
  "minecraft:recipes/building_blocks/slabs/cut_sandstone_slab": {
    "criteria": {
      "has_block": "2022-06-18 12:12:38 +0100",
      "has_slab": "2022-06-18 12:12:38 +0100"
    },
    "done": true
  },
  "universal_dyeing:recipes/building_blocks/universal_dyeing/bed": {
    "criteria": {
      "has_dye": "2022-06-18 17:46:58 +0100",
      "has_block": "2022-06-18 17:54:39 +0100"
    },
    "done": true
  },
  "minecraft:recipes/combat/shield": {
    "criteria": {
      "has_iron_ingot": "2022-07-01 16:33:22 +0100"
    },
    "done": true
  },
  "minecraft:recipes/building_blocks/cobblestone_slab": {
    "criteria": {
      "has_cobblestone": "2022-06-18 12:16:05 +0100"
    },
    "done": true
  },
  "slabs_stairs_to_block:recipes/building_blocks/slabs/polished_deepslate": {
    "criteria": {
      "has_slab": "2022-06-18 12:12:38 +0100"
    },
    "done": true
  },
  "powder_to_glass:recipes/misc/black_stained_glass": {
    "criteria": {
      "has_powder": "2022-06-18 12:12:38 +0100"
    },
    "done": true
  },
  "minecraft:recipes/building_blocks/slabs/mossy_stone_brick_slab": {
    "criteria": {
      "has_block": "2022-06-18 12:12:38 +0100",
      "has_slab": "2022-06-18 12:12:38 +0100"
    },
    "done": true
  },
  "minecraft:recipes/redstone/hopper": {
    "criteria": {
      "has_iron_ingot": "2022-07-01 16:33:22 +0100"
    },
    "done": true
  },
  "slabs_stairs_to_block:recipes/building_blocks/slabs/oak_planks": {
    "criteria": {
      "has_slab": "2022-06-18 12:12:38 +0100"
    },
    "done": true
  },
  "minecraft:recipes/decorations/cobbled_deepslate_wall_from_cobbled_deepslate_stonecutting": {
    "criteria": {
      "has_cobbled_deepslate": "2022-06-18 18:12:39 +0100"
    },
    "done": true
  },
  "vanillatweaks:root": {
    "criteria": {
      "tick": "2022-06-18 12:10:55 +0100"
    },
    "done": true
  },
  "slabs_stairs_to_block:recipes/building_blocks/stairs/smooth_sandstone": {
    "criteria": {
      "has_stairs": "2022-06-18 12:12:38 +0100"
    },
    "done": true
  },
  "minecraft:recipes/building_blocks/coarse_dirt": {
    "criteria": {
      "has_gravel": "2022-06-22 18:29:34 +0100"
    },
    "done": true
  },
  "minecraft:recipes/transportation/jungle_chest_boat": {
    "criteria": {
      "has_boat": "2022-06-18 17:53:48 +0100"
    },
    "done": true
  },
  "slabs_stairs_to_block:recipes/building_blocks/stairs/mangrove_planks": {
    "criteria": {
      "has_stairs": "2022-06-18 12:12:38 +0100"
    },
    "done": true
  },
  "slabs_stairs_to_block:recipes/building_blocks/stairs/andesite": {
    "criteria": {
      "has_stairs": "2022-06-18 12:12:38 +0100"
    },
    "done": true
  },
  "minecraft:recipes/building_blocks/deepslate_tile_stairs_from_cobbled_deepslate_stonecutting": {
    "criteria": {
      "has_cobbled_deepslate": "2022-06-18 18:12:39 +0100"
    },
    "done": true
  },
  "minecraft:recipes/building_blocks/light_gray_concrete_powder": {
    "criteria": {
      "has_gravel": "2022-06-22 18:29:34 +0100"
    },
    "done": true
  },
  "craftable_bundles_rabbit_hide:recipes/bundle_rabbit_hide": {
    "criteria": {
      "has_rabbit_hide": "2022-06-18 12:12:38 +0100",
      "has_string": "2022-06-18 12:12:38 +0100"
    },
    "done": true
  },
  "slabs_stairs_to_block:recipes/building_blocks/slabs/deepslate_bricks": {
    "criteria": {
      "has_slab": "2022-06-18 12:12:38 +0100"
    },
    "done": true
  },
  "minecraft:adventure/avoid_vibration": {
    "criteria": {
      "avoid_vibration": "2022-06-18 18:14:23 +0100"
    },
    "done": true
  },
  "minecraft:recipes/misc/brick": {
    "criteria": {
      "has_clay_ball": "2022-06-19 09:36:15 +0100"
    },
    "done": true
  },
  "minecraft:recipes/building_blocks/stripped_birch_wood": {
    "criteria": {
      "has_log": "2022-06-28 17:28:12 +0100"
    },
    "done": true
  },
  "minecraft:recipes/misc/lime_dye": {
    "criteria": {
      "has_white_dye": "2022-06-18 17:55:19 +0100"
    },
    "done": true
  },
  "minecraft:recipes/misc/gold_ingot_from_smelting_raw_gold": {
    "criteria": {
      "has_raw_gold": "2022-07-09 09:35:35 +0100"
    },
    "done": true
  },
  "minecraft:recipes/combat/leather_leggings": {
    "criteria": {
      "has_leather": "2022-06-28 17:14:08 +0100"
    },
    "done": true
  },
  "slabs_stairs_to_block:recipes/building_blocks/slabs/sandstone": {
    "criteria": {
      "has_slab": "2022-06-18 12:12:38 +0100"
    },
    "done": true
  },
  "minecraft:recipes/building_blocks/pink_concrete_powder": {
    "criteria": {
      "has_gravel": "2022-06-22 18:29:34 +0100"
    },
    "done": true
  },
  "powder_to_glass:recipes/misc/cyan_stained_glass": {
    "criteria": {
      "has_powder": "2022-06-18 12:12:38 +0100"
    },
    "done": true
  },
  "minecraft:recipes/building_blocks/slabs/dark_prismarine_slab": {
    "criteria": {
      "has_block": "2022-06-18 12:12:38 +0100",
      "has_slab": "2022-06-18 12:12:38 +0100"
    },
    "done": true
  },
  "slabs_stairs_to_block:recipes/building_blocks/slabs/waxed_cut_copper": {
    "criteria": {
      "has_slab": "2022-06-18 12:12:38 +0100"
    },
    "done": true
  },
  "minecraft:recipes/building_blocks/slabs/prismarine_slab": {
    "criteria": {
      "has_block": "2022-06-18 12:12:38 +0100",
      "has_slab": "2022-06-18 12:12:38 +0100"
    },
    "done": true
  },
  "minecraft:recipes/building_blocks/stone_stairs_from_stone_stonecutting": {
    "criteria": {
      "has_stone": "2022-07-09 09:17:45 +0100"
    },
    "done": true
  },
  "minecraft:recipes/decorations/magenta_bed_from_white_bed": {
    "criteria": {
      "has_bed": "2022-06-18 17:54:39 +0100"
    },
    "done": true
  },
  "minecraft:recipes/decorations/iron_bars": {
    "criteria": {
      "has_iron_ingot": "2022-07-01 16:33:22 +0100"
    },
    "done": true
  },
  "equestrian_crafting:recipes/misc/iron_horse_armor": {
    "criteria": {
      "has_ingot": "2022-06-18 12:12:38 +0100",
      "has_saddle": "2022-06-18 12:12:38 +0100",
      "has_the_recipe": "2022-06-18 12:12:38 +0100"
    },
    "done": true
  },
  "slabs_stairs_to_block:recipes/building_blocks/stairs/red_sandstone": {
    "criteria": {
      "has_stairs": "2022-06-18 12:12:38 +0100"
    },
    "done": true
  },
  "minecraft:recipes/transportation/acacia_chest_boat": {
    "criteria": {
      "has_boat": "2022-06-18 17:53:48 +0100"
    },
    "done": true
  },
  "minecraft:recipes/building_blocks/blue_wool": {
    "criteria": {
      "has_white_wool": "2022-06-28 17:17:11 +0100"
    },
    "done": true
  },
  "minecraft:story/obtain_armor": {
    "criteria": {
      "iron_chestplate": "2022-07-02 10:05:18 +0100"
    },
    "done": true
  },
  "minecraft:recipes/redstone/comparator": {
    "criteria": {
      "has_quartz": "2022-07-09 09:07:18 +0100"
    },
    "done": true
  },
  "minecraft:recipes/decorations/deepslate_brick_wall_from_cobbled_deepslate_stonecutting": {
    "criteria": {
      "has_cobbled_deepslate": "2022-06-18 18:12:39 +0100"
    },
    "done": true
  },
  "minecraft:recipes/decorations/white_candle": {
    "criteria": {
      "has_white_dye": "2022-06-18 17:55:19 +0100"
    },
    "done": true
  },
  "minecraft:recipes/brewing/cauldron": {
    "criteria": {
      "has_water_bucket": "2022-07-01 16:35:20 +0100"
    },
    "done": true
  },
  "minecraft:recipes/transportation/chest_minecart": {
    "criteria": {
      "has_minecart": "2022-07-01 16:16:40 +0100"
    },
    "done": true
  },
  "minecraft:recipes/combat/diamond_leggings": {
    "criteria": {
      "has_diamond": "2022-07-09 09:35:20 +0100"
    },
    "done": true
  },
  "minecraft:adventure/sleep_in_bed": {
    "criteria": {
      "slept_in_bed": "2022-06-18 17:56:08 +0100"
    },
    "done": true
  },
  "minecraft:story/lava_bucket": {
    "criteria": {
      "lava_bucket": "2022-07-03 09:44:07 +0100"
    },
    "done": true
  },
  "minecraft:recipes/building_blocks/cobblestone_slab_from_cobblestone_stonecutting": {
    "criteria": {
      "has_cobblestone": "2022-06-18 12:16:05 +0100"
    },
    "done": true
  },
  "minecraft:recipes/building_blocks/oak_stairs": {
    "criteria": {
      "has_planks": "2022-06-18 17:48:58 +0100"
    },
    "done": true
  },
  "slabs_stairs_to_block:recipes/building_blocks/stairs/prismarine": {
    "criteria": {
      "has_stairs": "2022-06-18 12:12:38 +0100"
    },
    "done": true
  },
  "slabs_stairs_to_block:recipes/building_blocks/slabs/cobbled_deepslate": {
    "criteria": {
      "has_slab": "2022-06-18 12:12:38 +0100"
    },
    "done": true
  },
  "minecraft:recipes/transportation/acacia_boat": {
    "criteria": {
      "in_water": "2022-06-18 12:16:17 +0100"
    },
    "done": true
  },
  "minecraft:recipes/misc/copper_ingot_from_blasting_raw_copper": {
    "criteria": {
      "has_raw_copper": "2022-07-02 09:56:09 +0100"
    },
    "done": true
  },
  "minecraft:recipes/redstone/iron_trapdoor": {
    "criteria": {
      "has_iron_ingot": "2022-07-01 16:33:22 +0100"
    },
    "done": true
  },
  "minecraft:recipes/decorations/birch_sign": {
    "criteria": {
      "has_planks": "2022-06-28 17:19:24 +0100"
    },
    "done": true
  },
  "minecraft:adventure/root": {
    "criteria": {
      "killed_something": "2022-06-18 12:15:28 +0100"
    },
    "done": true
  },
  "powder_to_glass:recipes/misc/green_stained_glass": {
    "criteria": {
      "has_powder": "2022-06-18 12:12:38 +0100"
    },
    "done": true
  },
  "minecraft:recipes/transportation/dark_oak_chest_boat": {
    "criteria": {
      "has_boat": "2022-06-18 17:53:48 +0100"
    },
    "done": true
  },
  "minecraft:recipes/decorations/black_bed": {
    "criteria": {
      "has_black_wool": "2022-07-08 17:45:41 +0100"
    },
    "done": true
  },
  "slabs_stairs_to_block:recipes/building_blocks/stairs/dark_oak_planks": {
    "criteria": {
      "has_stairs": "2022-06-18 12:12:38 +0100"
    },
    "done": true
  },
  "minecraft:recipes/building_blocks/slabs/cut_red_sandstone_slab": {
    "criteria": {
      "has_block": "2022-06-18 12:12:38 +0100",
      "has_slab": "2022-06-18 12:12:38 +0100"
    },
    "done": true
  },
  "slabs_stairs_to_block:recipes/building_blocks/stairs/quartz_block": {
    "criteria": {
      "has_stairs": "2022-06-18 12:12:38 +0100"
    },
    "done": true
  },
  "minecraft:recipes/decorations/gray_bed_from_white_bed": {
    "criteria": {
      "has_bed": "2022-06-18 17:54:39 +0100"
    },
    "done": true
  },
  "slabs_stairs_to_block:recipes/building_blocks/slabs/smooth_quartz": {
    "criteria": {
      "has_slab": "2022-06-18 12:12:38 +0100"
    },
    "done": true
  },
  "minecraft:recipes/building_blocks/white_concrete_powder": {
    "criteria": {
      "has_gravel": "2022-06-22 18:29:34 +0100"
    },
    "done": true
  },
  "minecraft:recipes/decorations/jungle_fence": {
    "criteria": {
      "has_planks": "2022-06-18 12:12:51 +0100"
    },
    "done": true
  },
  "minecraft:recipes/building_blocks/stone_brick_stairs_from_stone_stonecutting": {
    "criteria": {
      "has_stone": "2022-07-09 09:17:45 +0100"
    },
    "done": true
  },
  "minecraft:recipes/building_blocks/white_wool_from_string": {
    "criteria": {
      "has_string": "2022-07-08 17:50:38 +0100"
    },
    "done": true
  },
  "minecraft:recipes/tools/diamond_pickaxe": {
    "criteria": {
      "has_diamond": "2022-07-09 09:35:20 +0100"
    },
    "done": true
  },
  "slabs_stairs_to_block:recipes/building_blocks/slabs/spruce_planks": {
    "criteria": {
      "has_slab": "2022-06-18 12:12:38 +0100"
    },
    "done": true
  },
  "minecraft:adventure/kill_all_mobs": {
    "criteria": {
      "minecraft:skeleton": "2022-07-03 09:44:24 +0100",
      "minecraft:spider": "2022-06-28 17:40:38 +0100",
      "minecraft:creeper": "2022-07-09 08:58:40 +0100",
      "minecraft:zombie": "2022-06-18 12:15:28 +0100"
    },
    "done": false
  },
  "universal_dyeing:recipes/building_blocks/universal_dyeing/candle": {
    "criteria": {
      "has_dye": "2022-06-18 17:46:58 +0100"
    },
    "done": false
  },
  "minecraft:recipes/building_blocks/birch_wood": {
    "criteria": {
      "has_log": "2022-06-28 17:18:29 +0100"
    },
    "done": true
  },
  "powder_to_glass:recipes/misc/magenta_stained_glass": {
    "criteria": {
      "has_powder": "2022-06-18 12:12:38 +0100"
    },
    "done": true
  },
  "minecraft:recipes/building_blocks/polished_deepslate_from_cobbled_deepslate_stonecutting": {
    "criteria": {
      "has_cobbled_deepslate": "2022-06-18 18:12:39 +0100"
    },
    "done": true
  },
  "minecraft:recipes/redstone/redstone_block": {
    "criteria": {
      "has_redstone": "2022-07-08 17:50:40 +0100"
    },
    "done": true
  },
  "vanillatweaks:player_head_drops": {
    "criteria": {
      "tick": "2022-06-18 12:10:55 +0100"
    },
    "done": true
  },
  "minecraft:recipes/food/cooked_beef_from_smoking": {
    "criteria": {
      "has_beef": "2022-06-28 17:14:08 +0100"
    },
    "done": true
  },
  "minecraft:recipes/decorations/fletching_table": {
    "criteria": {
      "has_flint": "2022-07-09 09:25:35 +0100"
    },
    "done": true
  },
  "minecraft:recipes/decorations/pink_bed_from_white_bed": {
    "criteria": {
      "has_bed": "2022-06-18 17:54:39 +0100"
    },
    "done": true
  },
  "minecraft:recipes/brewing/glistering_melon_slice": {
    "criteria": {
      "has_melon": "2022-06-18 17:55:41 +0100"
    },
    "done": true
  },
  "minecraft:recipes/food/cooked_chicken_from_campfire_cooking": {
    "criteria": {
      "has_chicken": "2022-06-18 18:08:37 +0100"
    },
    "done": true
  },
  "slabs_stairs_to_block:recipes/building_blocks/stairs/polished_granite": {
    "criteria": {
      "has_stairs": "2022-06-18 12:12:38 +0100"
    },
    "done": true
  },
  "minecraft:recipes/redstone/dark_oak_fence_gate": {
    "criteria": {
      "has_planks": "2022-07-02 10:02:41 +0100"
    },
    "done": true
  },
  "minecraft:recipes/misc/iron_nugget_from_smelting": {
    "criteria": {
      "has_iron_sword": "2022-06-18 18:07:21 +0100"
    },
    "done": true
  },
  "minecraft:recipes/food/cooked_mutton_from_smoking": {
    "criteria": {
      "has_mutton": "2022-06-28 17:17:11 +0100"
    },
    "done": true
  },
  "minecraft:recipes/building_blocks/polished_deepslate_slab_from_cobbled_deepslate_stonecutting": {
    "criteria": {
      "has_cobbled_deepslate": "2022-06-18 18:12:39 +0100"
    },
    "done": true
  },
  "slabs_stairs_to_block:recipes/building_blocks/stairs/warped_planks": {
    "criteria": {
      "has_stairs": "2022-06-18 12:12:38 +0100"
    },
    "done": true
  },
  "minecraft:recipes/decorations/granite_wall_from_granite_stonecutting": {
    "criteria": {
      "has_granite": "2022-06-28 17:37:33 +0100"
    },
    "done": true
  },
  "minecraft:recipes/building_blocks/slabs/paper": {
    "criteria": {
      "has_item": "2022-06-18 12:12:38 +0100"
    },
    "done": true
  },
  "minecraft:recipes/decorations/chain": {
    "criteria": {
      "has_iron_ingot": "2022-07-01 16:33:22 +0100"
    },
    "done": true
  },
  "minecraft:recipes/misc/light_blue_dye_from_blue_white_dye": {
    "criteria": {
      "has_white_dye": "2022-06-18 17:55:19 +0100"
    },
    "done": true
  },
  "minecraft:recipes/decorations/oak_fence": {
    "criteria": {
      "has_planks": "2022-06-18 17:48:58 +0100"
    },
    "done": true
  },
  "slabs_stairs_to_block:recipes/building_blocks/stairs/polished_diorite": {
    "criteria": {
      "has_stairs": "2022-06-18 12:12:38 +0100"
    },
    "done": true
  },
  "minecraft:recipes/building_blocks/orange_concrete_powder": {
    "criteria": {
      "has_gravel": "2022-06-22 18:29:34 +0100"
    },
    "done": true
  },
  "minecraft:recipes/food/cooked_porkchop": {
    "criteria": {
      "has_porkchop": "2022-07-02 13:41:54 +0100"
    },
    "done": true
  },
  "minecraft:recipes/building_blocks/oak_slab": {
    "criteria": {
      "has_planks": "2022-06-18 17:48:58 +0100"
    },
    "done": true
  },
  "equestrian_crafting:recipes/combat/diamond_horse_armor": {
    "criteria": {
      "has_ingot": "2022-06-18 12:12:38 +0100",
      "has_saddle": "2022-06-18 12:12:38 +0100"
    },
    "done": true
  },
  "minecraft:husbandry/tame_an_animal": {
    "criteria": {
      "tamed_animal": "2022-06-18 17:47:17 +0100"
    },
    "done": true
  },
  "minecraft:recipes/building_blocks/slabs/smooth_stone_slab": {
    "criteria": {
      "has_block": "2022-06-18 12:12:38 +0100",
      "has_slab": "2022-06-18 12:12:38 +0100"
    },
    "done": true
  },
  "minecraft:recipes/misc/pink_dye_from_red_white_dye": {
    "criteria": {
      "has_white_dye": "2022-06-18 17:55:19 +0100"
    },
    "done": true
  },
  "minecraft:recipes/building_blocks/raw_copper_block": {
    "criteria": {
      "has_raw_copper": "2022-07-02 09:56:09 +0100"
    },
    "done": true
  },
  "minecraft:recipes/food/cooked_porkchop_from_campfire_cooking": {
    "criteria": {
      "has_porkchop": "2022-07-02 13:41:54 +0100"
    },
    "done": true
  },
  "minecraft:recipes/building_blocks/slabs/polished_diorite_slab": {
    "criteria": {
      "has_block": "2022-06-18 12:12:38 +0100",
      "has_slab": "2022-06-18 12:12:38 +0100"
    },
    "done": true
  },
  "slabs_stairs_to_block:recipes/building_blocks/slabs/polished_andesite": {
    "criteria": {
      "has_slab": "2022-06-18 12:12:38 +0100"
    },
    "done": true
  },
  "slabs_stairs_to_block:recipes/building_blocks/stairs/birch_planks": {
    "criteria": {
      "has_stairs": "2022-06-18 12:12:38 +0100"
    },
    "done": true
  },
  "slabs_stairs_to_block:recipes/building_blocks/stairs/polished_deepslate": {
    "criteria": {
      "has_stairs": "2022-06-18 12:12:38 +0100"
    },
    "done": true
  },
  "minecraft:recipes/building_blocks/granite_stairs": {
    "criteria": {
      "has_granite": "2022-06-28 17:37:33 +0100"
    },
    "done": true
  },
  "slabs_stairs_to_block:recipes/building_blocks/stairs/stone_stairs": {
    "criteria": {
      "has_stairs": "2022-06-18 12:12:38 +0100"
    },
    "done": true
  },
  "minecraft:recipes/redstone/jungle_pressure_plate": {
    "criteria": {
      "has_planks": "2022-06-18 12:12:51 +0100"
    },
    "done": true
  },
  "craftable_notch_apples:recipes/building_blocks/craftable_notch_apples/notch_apple": {
    "criteria": {
      "has_apple": "2022-06-18 12:12:38 +0100",
      "has_block": "2022-06-18 12:12:38 +0100"
    },
    "done": true
  },
  "minecraft:recipes/building_blocks/black_wool": {
    "criteria": {
      "has_white_wool": "2022-06-28 17:17:11 +0100"
    },
    "done": true
  },
  "vanillatweaks:real_clock": {
    "criteria": {
      "tick": "2022-06-18 12:10:55 +0100"
    },
    "done": true
  },
  "minecraft:recipes/decorations/deepslate_tile_wall_from_cobbled_deepslate_stonecutting": {
    "criteria": {
      "has_cobbled_deepslate": "2022-06-18 18:12:39 +0100"
    },
    "done": true
  },
  "minecraft:recipes/misc/iron_ingot_from_blasting_raw_iron": {
    "criteria": {
      "has_raw_iron": "2022-07-01 16:31:57 +0100"
    },
    "done": true
  },
  "slabs_stairs_to_block:recipes/building_blocks/stairs/cobbled_deepslate": {
    "criteria": {
      "has_stairs": "2022-06-18 12:12:38 +0100"
    },
    "done": true
  },
  "minecraft:recipes/building_blocks/diorite_stairs_from_diorite_stonecutting": {
    "criteria": {
      "has_diorite": "2022-06-18 18:23:20 +0100"
    },
    "done": true
  },
  "slabs_stairs_to_block:recipes/building_blocks/stairs/oak_planks": {
    "criteria": {
      "has_stairs": "2022-06-18 12:12:38 +0100"
    },
    "done": true
  },
  "uncraftable_ice:recipes/building_blocks/packed_ice": {
    "criteria": {
      "has_blue_ice": "2022-06-18 12:12:38 +0100"
    },
    "done": true
  },
  "slabs_stairs_to_block:recipes/building_blocks/stairs/cobblestone": {
    "criteria": {
      "has_stairs": "2022-06-18 12:12:38 +0100"
    },
    "done": true
  },
  "dropper_to_dispenser:recipes/building_blocks/dropper_to_dispenser/dispenser": {
    "criteria": {
      "has_block": "2022-06-18 12:12:38 +0100",
      "has_bow": "2022-06-18 12:12:38 +0100"
    },
    "done": true
  },
  "minecraft:recipes/decorations/moss_carpet": {
    "criteria": {
      "has_moss_block": "2022-06-18 18:30:18 +0100"
    },
    "done": true
  },
  "minecraft:recipes/misc/leather": {
    "criteria": {
      "has_rabbit_hide": "2022-07-06 18:56:59 +0100"
    },
    "done": true
  },
  "slabs_stairs_to_block:recipes/building_blocks/slabs/waxed_exposed_cut_copper": {
    "criteria": {
      "has_slab": "2022-06-18 12:12:38 +0100"
    },
    "done": true
  },
  "minecraft:recipes/decorations/light_gray_bed": {
    "criteria": {
      "has_light_gray_wool": "2022-06-28 17:17:16 +0100"
    },
    "done": true
  },
  "minecraft:recipes/redstone/birch_button": {
    "criteria": {
      "has_planks": "2022-06-28 17:19:24 +0100"
    },
    "done": true
  },
  "minecraft:recipes/building_blocks/iron_block": {
    "criteria": {
      "has_iron_ingot": "2022-07-01 16:33:22 +0100"
    },
    "done": true
  },
  "slabs_stairs_to_block:recipes/building_blocks/slabs/acacia_planks": {
    "criteria": {
      "has_slab": "2022-06-18 12:12:38 +0100"
    },
    "done": true
  },
  "minecraft:recipes/misc/red_dye_from_poppy": {
    "criteria": {
      "has_poppy": "2022-07-08 17:08:59 +0100"
    },
    "done": true
  },
  "minecraft:recipes/building_blocks/jungle_wood": {
    "criteria": {
      "has_log": "2022-06-18 12:12:38 +0100"
    },
    "done": true
  },
  "slabs_stairs_to_block:recipes/building_blocks/slabs/smooth_stone": {
    "criteria": {
      "has_slab": "2022-06-18 12:12:38 +0100"
    },
    "done": true
  },
  "minecraft:recipes/building_blocks/clay": {
    "criteria": {
      "has_clay_ball": "2022-06-19 09:36:15 +0100"
    },
    "done": true
  },
  "slabs_stairs_to_block:recipes/building_blocks/slabs/smooth_sandstone": {
    "criteria": {
      "has_slab": "2022-06-18 12:12:38 +0100"
    },
    "done": true
  },
  "slabs_stairs_to_block:recipes/building_blocks/stairs/bricks": {
    "criteria": {
      "has_stairs": "2022-06-18 12:12:38 +0100"
    },
    "done": true
  },
  "minecraft:recipes/building_blocks/light_blue_wool": {
    "criteria": {
      "has_white_wool": "2022-06-28 17:17:11 +0100"
    },
    "done": true
  },
  "minecraft:recipes/combat/wooden_sword": {
    "criteria": {
      "has_stick": "2022-06-18 12:15:54 +0100"
    },
    "done": true
  },
  "minecraft:recipes/building_blocks/oak_planks": {
    "criteria": {
      "has_logs": "2022-06-18 12:19:40 +0100"
    },
    "done": true
  },
  "minecraft:recipes/building_blocks/gray_concrete_powder": {
    "criteria": {
      "has_gravel": "2022-06-22 18:29:34 +0100"
    },
    "done": true
  },
  "minecraft:recipes/decorations/light_gray_banner": {
    "criteria": {
      "has_light_gray_wool": "2022-06-28 17:17:16 +0100"
    },
    "done": true
  },
  "slabs_stairs_to_block:recipes/building_blocks/slabs/cut_copper": {
    "criteria": {
      "has_slab": "2022-06-18 12:12:38 +0100"
    },
    "done": true
  },
  "minecraft:recipes/building_blocks/slabs/andesite_slab": {
    "criteria": {
      "has_block": "2022-06-18 12:12:38 +0100",
      "has_slab": "2022-06-18 12:12:38 +0100"
    },
    "done": true
  },
  "minecraft:recipes/tools/iron_axe": {
    "criteria": {
      "has_iron_ingot": "2022-07-01 16:33:22 +0100"
    },
    "done": true
  },
  "slabs_stairs_to_block:recipes/building_blocks/stairs/purpur_block": {
    "criteria": {
      "has_stairs": "2022-06-18 12:12:38 +0100"
    },
    "done": true
  },
  "minecraft:recipes/transportation/mangrove_chest_boat": {
    "criteria": {
      "has_boat": "2022-06-18 17:53:48 +0100"
    },
    "done": true
  },
  "minecraft:recipes/building_blocks/jungle_planks": {
    "criteria": {
      "has_logs": "2022-06-18 12:12:38 +0100"
    },
    "done": true
  },
  "minecraft:recipes/decorations/black_banner": {
    "criteria": {
      "has_black_wool": "2022-07-08 17:45:41 +0100"
    },
    "done": true
  },
  "minecraft:recipes/redstone/tripwire_hook": {
    "criteria": {
      "has_string": "2022-07-08 17:50:38 +0100"
    },
    "done": true
  },
  "minecraft:recipes/building_blocks/raw_gold_block": {
    "criteria": {
      "has_raw_gold": "2022-07-09 09:35:35 +0100"
    },
    "done": true
  },
  "wool_to_string:recipes/building_blocks/wool_to_string/string": {
    "criteria": {
      "has_block": "2022-06-28 17:17:11 +0100"
    },
    "done": true
  },
  "minecraft:recipes/combat/iron_boots": {
    "criteria": {
      "has_iron_ingot": "2022-07-01 16:33:22 +0100"
    },
    "done": true
  },
  "minecraft:recipes/misc/bone_meal": {
    "criteria": {
      "has_bone": "2022-06-18 18:08:21 +0100"
    },
    "done": true
  },
  "minecraft:recipes/building_blocks/birch_planks": {
    "criteria": {
      "has_logs": "2022-06-28 17:18:29 +0100"
    },
    "done": true
  },
  "minecraft:recipes/building_blocks/black_concrete_powder": {
    "criteria": {
      "has_gravel": "2022-06-22 18:29:34 +0100"
    },
    "done": true
  },
  "vanillatweaks:custom_nether_portals": {
    "criteria": {
      "tick": "2022-06-27 17:57:15 +0100"
    },
    "done": true
  },
  "minecraft:story/iron_tools": {
    "criteria": {
      "iron_pickaxe": "2022-07-08 17:50:40 +0100"
    },
    "done": true
  },
  "minecraft:recipes/building_blocks/slabs/smooth_sandstone_slab": {
    "criteria": {
      "has_block": "2022-06-18 12:12:38 +0100",
      "has_slab": "2022-06-18 12:12:38 +0100"
    },
    "done": true
  },
  "vanillatweaks:afk_display": {
    "criteria": {
      "tick": "2022-06-18 12:10:55 +0100"
    },
    "done": true
  },
  "minecraft:recipes/redstone/birch_fence_gate": {
    "criteria": {
      "has_planks": "2022-06-28 17:19:24 +0100"
    },
    "done": true
  },
  "minecraft:recipes/redstone/stone_button": {
    "criteria": {
      "has_stone": "2022-07-09 09:17:45 +0100"
    },
    "done": true
  },
  "minecraft:recipes/combat/crossbow": {
    "criteria": {
      "has_stick": "2022-06-18 12:15:54 +0100"
    },
    "done": true
  },
  "minecraft:recipes/combat/iron_chestplate": {
    "criteria": {
      "has_iron_ingot": "2022-07-01 16:33:22 +0100"
    },
    "done": true
  },
  "minecraft:recipes/decorations/cobbled_deepslate_wall": {
    "criteria": {
      "has_cobbled_deepslate": "2022-06-18 18:12:39 +0100"
    },
    "done": true
  },
  "minecraft:recipes/building_blocks/yellow_wool": {
    "criteria": {
      "has_white_wool": "2022-06-28 17:17:11 +0100"
    },
    "done": true
  },
  "minecraft:recipes/redstone/dark_oak_trapdoor": {
    "criteria": {
      "has_planks": "2022-07-02 10:02:41 +0100"
    },
    "done": true
  },
  "minecraft:recipes/decorations/oak_sign": {
    "criteria": {
      "has_planks": "2022-06-18 17:48:58 +0100"
    },
    "done": true
  },
  "minecraft:recipes/food/cooked_porkchop_from_smoking": {
    "criteria": {
      "has_porkchop": "2022-07-02 13:41:54 +0100"
    },
    "done": true
  },
  "minecraft:recipes/redstone/oak_trapdoor": {
    "criteria": {
      "has_planks": "2022-06-18 17:48:58 +0100"
    },
    "done": true
  },
  "minecraft:recipes/building_blocks/polished_diorite_from_diorite_stonecutting": {
    "criteria": {
      "has_diorite": "2022-06-18 18:23:20 +0100"
    },
    "done": true
  },
  "minecraft:recipes/building_blocks/granite_stairs_from_granite_stonecutting": {
    "criteria": {
      "has_granite": "2022-06-28 17:37:33 +0100"
    },
    "done": true
  },
  "slabs_stairs_to_block:recipes/building_blocks/slabs/smooth_red_sandstone": {
    "criteria": {
      "has_slab": "2022-06-18 12:12:38 +0100"
    },
    "done": true
  },
  "slabs_stairs_to_block:recipes/building_blocks/slabs/mossy_cobblestone": {
    "criteria": {
      "has_slab": "2022-06-18 12:12:38 +0100"
    },
    "done": true
  },
  "minecraft:recipes/decorations/light_blue_bed_from_white_bed": {
    "criteria": {
      "has_bed": "2022-06-18 17:54:39 +0100"
    },
    "done": true
  },
  "minecraft:recipes/building_blocks/red_concrete_powder": {
    "criteria": {
      "has_gravel": "2022-06-22 18:29:34 +0100"
    },
    "done": true
  },
  "minecraft:recipes/misc/iron_nugget_from_blasting": {
    "criteria": {
      "has_iron_sword": "2022-06-18 18:07:21 +0100"
    },
    "done": true
  },
  "minecraft:recipes/decorations/polished_deepslate_wall_from_cobbled_deepslate_stonecutting": {
    "criteria": {
      "has_cobbled_deepslate": "2022-06-18 18:12:39 +0100"
    },
    "done": true
  },
  "slabs_stairs_to_block:recipes/building_blocks/slabs/bricks": {
    "criteria": {
      "has_slab": "2022-06-18 12:12:38 +0100"
    },
    "done": true
  },
  "slabs_stairs_to_block:recipes/building_blocks/stairs/blackstone": {
    "criteria": {
      "has_stairs": "2022-06-18 12:12:38 +0100"
    },
    "done": true
  },
  "minecraft:adventure/kill_a_mob": {
    "criteria": {
      "minecraft:zombie": "2022-06-18 12:15:28 +0100"
    },
    "done": true
  },
  "universal_dyeing:recipes/building_blocks/universal_dyeing/glazed_terracotta": {
    "criteria": {
      "has_dye": "2022-06-18 17:46:58 +0100"
    },
    "done": false
  },
  "minecraft:recipes/decorations/diorite_wall": {
    "criteria": {
      "has_diorite": "2022-06-18 18:23:20 +0100"
    },
    "done": true
  },
  "coral_blocks:recipes/building_blocks/coral/fire_coral_block": {
    "criteria": {
      "has_fan": "2022-06-18 12:12:38 +0100",
      "has_coral": "2022-06-18 12:12:38 +0100"
    },
    "done": true
  },
  "flint_to_gravel:recipes/building_blocks/gravel": {
    "criteria": {
      "has_flint": "2022-06-18 12:12:38 +0100"
    },
    "done": true
  },
  "minecraft:recipes/building_blocks/stone": {
    "criteria": {
      "has_cobblestone": "2022-06-18 12:16:05 +0100"
    },
    "done": true
  },
  "minecraft:recipes/building_blocks/deepslate_bricks_from_cobbled_deepslate_stonecutting": {
    "criteria": {
      "has_cobbled_deepslate": "2022-06-18 18:12:39 +0100"
    },
    "done": true
  },
  "minecraft:recipes/decorations/stonecutter": {
    "criteria": {
      "has_stone": "2022-07-09 09:17:45 +0100"
    },
    "done": true
  },
  "minecraft:recipes/misc/gray_dye": {
    "criteria": {
      "has_white_dye": "2022-06-18 17:55:19 +0100"
    },
    "done": true
  },
  "minecraft:adventure/adventuring_time": {
    "criteria": {
      "minecraft:birch_forest": "2022-06-28 17:17:40 +0100",
      "minecraft:bamboo_jungle": "2022-06-18 17:54:03 +0100",
      "minecraft:stony_peaks": "2022-06-18 12:10:55 +0100",
      "minecraft:dark_forest": "2022-06-18 17:54:06 +0100",
      "minecraft:sparse_jungle": "2022-06-18 18:04:56 +0100",
      "minecraft:river": "2022-06-22 18:15:48 +0100",
      "minecraft:dripstone_caves": "2022-06-18 18:23:57 +0100",
      "minecraft:grove": "2022-06-18 18:14:17 +0100",
      "minecraft:jagged_peaks": "2022-06-18 18:24:24 +0100",
      "minecraft:forest": "2022-06-27 17:58:32 +0100",
      "minecraft:lush_caves": "2022-06-18 18:09:38 +0100",
      "minecraft:jungle": "2022-06-18 12:11:45 +0100",
      "minecraft:frozen_peaks": "2022-06-18 18:29:33 +0100",
      "minecraft:old_growth_birch_forest": "2022-06-28 17:16:52 +0100",
      "minecraft:deep_dark": "2022-06-18 18:13:36 +0100",
      "minecraft:savanna": "2022-07-03 09:43:32 +0100",
      "minecraft:plains": "2022-07-01 16:16:22 +0100"
    },
    "done": false
  },
  "slabs_stairs_to_block:recipes/building_blocks/slabs/crimson_planks": {
    "criteria": {
      "has_slab": "2022-06-18 12:12:38 +0100"
    },
    "done": true
  },
  "minecraft:recipes/building_blocks/deepslate_brick_stairs_from_cobbled_deepslate_stonecutting": {
    "criteria": {
      "has_cobbled_deepslate": "2022-06-18 18:12:39 +0100"
    },
    "done": true
  },
  "minecraft:recipes/decorations/purple_bed_from_white_bed": {
    "criteria": {
      "has_bed": "2022-06-18 17:54:39 +0100"
    },
    "done": true
  },
  "slabs_stairs_to_block:recipes/building_blocks/stairs/polished_blackstone": {
    "criteria": {
      "has_stairs": "2022-06-18 12:12:38 +0100"
    },
    "done": true
  },
  "minecraft:recipes/building_blocks/slabs/purpur_slab": {
    "criteria": {
      "has_block": "2022-06-18 12:12:38 +0100",
      "has_slab": "2022-06-18 12:12:38 +0100"
    },
    "done": true
  },
  "minecraft:recipes/combat/stone_sword": {
    "criteria": {
      "has_cobblestone": "2022-06-18 12:16:05 +0100"
    },
    "done": true
  },
  "minecraft:recipes/decorations/light_gray_carpet": {
    "criteria": {
      "has_light_gray_wool": "2022-06-28 17:17:16 +0100"
    },
    "done": true
  },
  "minecraft:recipes/decorations/barrel": {
    "criteria": {
      "has_planks": "2022-06-18 12:12:51 +0100"
    },
    "done": true
  },
  "minecraft:recipes/decorations/cobblestone_wall": {
    "criteria": {
      "has_cobblestone": "2022-06-18 12:16:05 +0100"
    },
    "done": true
  },
  "minecraft:recipes/misc/iron_ingot_from_smelting_raw_iron": {
    "criteria": {
      "has_raw_iron": "2022-07-01 16:31:57 +0100"
    },
    "done": true
  },
  "minecraft:recipes/tools/stone_pickaxe": {
    "criteria": {
      "has_cobblestone": "2022-06-18 12:16:05 +0100"
    },
    "done": true
  },
  "minecraft:recipes/decorations/smithing_table": {
    "criteria": {
      "has_iron_ingot": "2022-07-01 16:33:22 +0100"
    },
    "done": true
  },
  "slabs_stairs_to_block:recipes/building_blocks/stairs/weathered_cut_copper": {
    "criteria": {
      "has_stairs": "2022-06-18 12:12:38 +0100"
    },
    "done": true
  },
  "minecraft:recipes/building_blocks/slabs/quartz_slab": {
    "criteria": {
      "has_block": "2022-06-18 12:12:38 +0100",
      "has_slab": "2022-06-18 12:12:38 +0100"
    },
    "done": true
  },
  "minecraft:recipes/building_blocks/deepslate_brick_slab_from_cobbled_deepslate_stonecutting": {
    "criteria": {
      "has_cobbled_deepslate": "2022-06-18 18:12:39 +0100"
    },
    "done": true
  },
  "minecraft:recipes/building_blocks/slabs/shulker_box": {
    "criteria": {
      "has_chest": "2022-06-18 12:12:38 +0100",
      "has_item": "2022-06-18 12:12:38 +0100"
    },
    "done": true
  },
  "minecraft:husbandry/plant_seed": {
    "criteria": {
      "wheat": "2022-06-18 17:59:05 +0100"
    },
    "done": true
  },
  "minecraft:recipes/redstone/stone_pressure_plate": {
    "criteria": {
      "has_stone": "2022-07-09 09:17:45 +0100"
    },
    "done": true
  },
  "minecraft:recipes/combat/leather_boots": {
    "criteria": {
      "has_leather": "2022-06-28 17:14:08 +0100"
    },
    "done": true
  },
  "slabs_stairs_to_block:recipes/building_blocks/slabs/polished_diorite": {
    "criteria": {
      "has_slab": "2022-06-18 12:12:38 +0100"
    },
    "done": true
  },
  "minecraft:husbandry/axolotl_in_a_bucket": {
    "criteria": {
      "axolotl_bucket": "2022-07-01 16:36:27 +0100"
    },
    "done": true
  },
  "minecraft:recipes/decorations/cobblestone_wall_from_cobblestone_stonecutting": {
    "criteria": {
      "has_cobblestone": "2022-06-18 12:16:05 +0100"
    },
    "done": true
  },
  "universal_dyeing:recipes/building_blocks/universal_dyeing/stained_glass_pane": {
    "criteria": {
      "has_dye": "2022-06-18 17:46:58 +0100"
    },
    "done": false
  },
  "minecraft:recipes/building_blocks/diamond_block": {
    "criteria": {
      "has_diamond": "2022-07-09 09:35:20 +0100"
    },
    "done": true
  },
  "slabs_stairs_to_block:recipes/building_blocks/slabs/blackstone": {
    "criteria": {
      "has_slab": "2022-06-18 12:12:38 +0100"
    },
    "done": true
  },
  "minecraft:recipes/misc/light_gray_dye_from_gray_white_dye": {
    "criteria": {
      "has_white_dye": "2022-06-18 17:55:19 +0100"
    },
    "done": true
  },
  "powder_to_glass:recipes/misc/white_stained_glass": {
    "criteria": {
      "has_powder": "2022-06-18 12:12:38 +0100"
    },
    "done": true
  },
  "slabs_stairs_to_block:recipes/building_blocks/stairs/diorite": {
    "criteria": {
      "has_stairs": "2022-06-18 12:12:38 +0100"
    },
    "done": true
  },
  "slabs_stairs_to_block:recipes/building_blocks/slabs/cobblestone": {
    "criteria": {
      "has_slab": "2022-06-18 12:12:38 +0100"
    },
    "done": true
  },
  "minecraft:recipes/transportation/tnt_minecart": {
    "criteria": {
      "has_minecart": "2022-07-01 16:16:40 +0100"
    },
    "done": true
  },
  "slabs_stairs_to_block:recipes/building_blocks/slabs/red_sandstone": {
    "criteria": {
      "has_slab": "2022-06-18 12:12:38 +0100"
    },
    "done": true
  },
  "minecraft:recipes/decorations/lantern": {
    "criteria": {
      "has_iron_ingot": "2022-07-01 16:33:22 +0100"
    },
    "done": true
  },
  "minecraft:recipes/misc/stick_from_bamboo_item": {
    "criteria": {
      "has_bamboo": "2022-06-18 17:55:00 +0100"
    },
    "done": true
  },
  "minecraft:nether/explore_nether": {
    "criteria": {
      "minecraft:nether_wastes": "2022-07-21 17:21:52 +0100",
      "minecraft:basalt_deltas": "2022-07-21 17:22:34 +0100"
    },
    "done": false
  },
  "slabs_stairs_to_block:recipes/building_blocks/stairs/mossy_cobblestone": {
    "criteria": {
      "has_stairs": "2022-06-18 12:12:38 +0100"
    },
    "done": true
  },
  "rotten_flesh_to_leather:recipes/misc/leather": {
    "criteria": {
      "has_flesh": "2022-06-18 12:12:38 +0100"
    },
    "done": true
  },
  "slabs_stairs_to_block:recipes/building_blocks/slabs/polished_blackstone_bricks": {
    "criteria": {
      "has_slab": "2022-06-18 12:12:38 +0100"
    },
    "done": true
  },
  "minecraft:recipes/food/cookie": {
    "criteria": {
      "has_cocoa": "2022-06-18 17:46:58 +0100"
    },
    "done": true
  },
  "minecraft:recipes/misc/gold_nugget_from_smelting": {
    "criteria": {
      "has_golden_helmet": "2022-07-08 17:50:43 +0100"
    },
    "done": true
  },
  "minecraft:recipes/building_blocks/polished_diorite": {
    "criteria": {
      "has_diorite": "2022-06-18 18:23:20 +0100"
    },
    "done": true
  },
  "minecraft:recipes/building_blocks/cobbled_deepslate_slab_from_cobbled_deepslate_stonecutting": {
    "criteria": {
      "has_cobbled_deepslate": "2022-06-18 18:12:39 +0100"
    },
    "done": true
  },
  "minecraft:recipes/building_blocks/light_gray_wool": {
    "criteria": {
      "has_white_wool": "2022-06-28 17:17:11 +0100"
    },
    "done": true
  },
  "minecraft:recipes/decorations/red_bed_from_white_bed": {
    "criteria": {
      "has_bed": "2022-06-18 17:54:39 +0100"
    },
    "done": true
  },
  "minecraft:recipes/food/cooked_chicken": {
    "criteria": {
      "has_chicken": "2022-06-18 18:08:37 +0100"
    },
    "done": true
  },
  "minecraft:recipes/building_blocks/red_wool": {
    "criteria": {
      "has_white_wool": "2022-06-28 17:17:11 +0100"
    },
    "done": true
  },
  "powder_to_glass:recipes/misc/pink_stained_glass": {
    "criteria": {
      "has_powder": "2022-06-18 12:12:38 +0100"
    },
    "done": true
  },
  "minecraft:recipes/tools/stone_axe": {
    "criteria": {
      "has_cobblestone": "2022-06-18 12:16:05 +0100"
    },
    "done": true
  },
  "minecraft:recipes/misc/brown_dye": {
    "criteria": {
      "has_cocoa_beans": "2022-06-18 17:46:58 +0100"
    },
    "done": true
  },
  "minecraft:recipes/food/cooked_mutton": {
    "criteria": {
      "has_mutton": "2022-06-28 17:17:11 +0100"
    },
    "done": true
  },
  "minecraft:recipes/building_blocks/raw_iron_block": {
    "criteria": {
      "has_raw_iron": "2022-07-01 16:31:57 +0100"
    },
    "done": true
  },
  "minecraft:recipes/misc/white_dye_from_lily_of_the_valley": {
    "criteria": {
      "has_lily_of_the_valley": "2022-06-18 17:55:16 +0100"
    },
    "done": true
  },
  "minecraft:recipes/misc/light_gray_dye_from_black_white_dye": {
    "criteria": {
      "has_white_dye": "2022-06-18 17:55:19 +0100"
    },
    "done": true
  },
  "universal_dyeing:recipes/building_blocks/universal_dyeing/stained_glass": {
    "criteria": {
      "has_dye": "2022-06-18 17:46:58 +0100"
    },
    "done": false
  },
  "minecraft:recipes/building_blocks/slabs/red_nether_brick_slab": {
    "criteria": {
      "has_block": "2022-06-18 12:12:38 +0100",
      "has_slab": "2022-06-18 12:12:38 +0100"
    },
    "done": true
  },
  "minecraft:recipes/building_blocks/purple_wool": {
    "criteria": {
      "has_white_wool": "2022-06-28 17:17:11 +0100"
    },
    "done": true
  },
  "slabs_stairs_to_block:recipes/building_blocks/slabs/prismarine": {
    "criteria": {
      "has_slab": "2022-06-18 12:12:38 +0100"
    },
    "done": true
  },
  "minecraft:recipes/building_blocks/cobblestone_stairs_from_cobblestone_stonecutting": {
    "criteria": {
      "has_cobblestone": "2022-06-18 12:16:05 +0100"
    },
    "done": true
  },
  "minecraft:recipes/building_blocks/magenta_concrete_powder": {
    "criteria": {
      "has_gravel": "2022-06-22 18:29:34 +0100"
    },
    "done": true
  },
  "slabs_stairs_to_block:recipes/building_blocks/slabs/cut_sandstone": {
    "criteria": {
      "has_slab": "2022-06-18 12:12:38 +0100"
    },
    "done": true
  },
  "slabs_stairs_to_block:recipes/building_blocks/stairs/prismarine_bricks": {
    "criteria": {
      "has_stairs": "2022-06-18 12:12:38 +0100"
    },
    "done": true
  },
  "slabs_stairs_to_block:recipes/building_blocks/stairs/dark_prismarine": {
    "criteria": {
      "has_stairs": "2022-06-18 12:12:38 +0100"
    },
    "done": true
  },
  "slabs_stairs_to_block:recipes/building_blocks/slabs/oxidized_cut_copper": {
    "criteria": {
      "has_slab": "2022-06-18 12:12:38 +0100"
    },
    "done": true
  },
  "minecraft:recipes/decorations/white_bed": {
    "criteria": {
      "has_white_wool": "2022-06-28 17:17:11 +0100"
    },
    "done": true
  },
  "minecraft:recipes/transportation/furnace_minecart": {
    "criteria": {
      "has_minecart": "2022-07-01 16:16:40 +0100"
    },
    "done": true
  },
  "minecraft:nether/root": {
    "criteria": {
      "entered_nether": "2022-07-21 17:21:51 +0100"
    },
    "done": true
  },
  "minecraft:recipes/redstone/birch_pressure_plate": {
    "criteria": {
      "has_planks": "2022-06-28 17:19:24 +0100"
    },
    "done": true
  },
  "slabs_stairs_to_block:recipes/building_blocks/slabs/birch_planks": {
    "criteria": {
      "has_slab": "2022-06-18 12:12:38 +0100"
    },
    "done": true
  },
  "minecraft:recipes/decorations/campfire": {
    "criteria": {
      "has_stick": "2022-06-18 12:15:54 +0100"
    },
    "done": true
  },
  "minecraft:recipes/decorations/candle": {
    "criteria": {
      "has_string": "2022-07-08 17:50:38 +0100"
    },
    "done": true
  },
  "minecraft:recipes/food/bread": {
    "criteria": {
      "has_wheat": "2022-07-01 16:17:58 +0100"
    },
    "done": true
  },
  "minecraft:recipes/building_blocks/diorite_slab_from_diorite_stonecutting": {
    "criteria": {
      "has_diorite": "2022-06-18 18:23:20 +0100"
    },
    "done": true
  },
  "minecraft:recipes/building_blocks/smooth_stone": {
    "criteria": {
      "has_stone": "2022-07-09 09:17:45 +0100"
    },
    "done": true
  },
  "minecraft:recipes/misc/iron_nugget": {
    "criteria": {
      "has_iron_ingot": "2022-07-01 16:33:22 +0100"
    },
    "done": true
  },
  "minecraft:recipes/building_blocks/slabs/diorite_slab": {
    "criteria": {
      "has_block": "2022-06-18 12:12:38 +0100",
      "has_slab": "2022-06-18 12:12:38 +0100"
    },
    "done": true
  },
  "minecraft:recipes/transportation/hopper_minecart": {
    "criteria": {
      "has_minecart": "2022-07-01 16:16:40 +0100"
    },
    "done": true
  },
  "minecraft:recipes/building_blocks/brown_concrete_powder": {
    "criteria": {
      "has_gravel": "2022-06-22 18:29:34 +0100"
    },
    "done": true
  },
  "minecraft:recipes/building_blocks/stone_slab_from_stone_stonecutting": {
    "criteria": {
      "has_stone": "2022-07-09 09:17:45 +0100"
    },
    "done": true
  },
  "minecraft:recipes/decorations/black_bed_from_white_bed": {
    "criteria": {
      "has_bed": "2022-06-18 17:54:39 +0100"
    },
    "done": true
  },
  "minecraft:recipes/building_blocks/deepslate_tile_slab_from_cobbled_deepslate_stonecutting": {
    "criteria": {
      "has_cobbled_deepslate": "2022-06-18 18:12:39 +0100"
    },
    "done": true
  },
  "minecraft:recipes/combat/diamond_sword": {
    "criteria": {
      "has_diamond": "2022-07-09 09:35:20 +0100"
    },
    "done": true
  },
  "minecraft:recipes/building_blocks/cyan_wool": {
    "criteria": {
      "has_white_wool": "2022-06-28 17:17:11 +0100"
    },
    "done": true
  },
  "slabs_stairs_to_block:recipes/building_blocks/stairs/stone_bricks": {
    "criteria": {
      "has_stairs": "2022-06-18 12:12:38 +0100"
    },
    "done": true
  },
  "sandstone_dyeing:recipes/building_blocks/red_sandstone": {
    "criteria": {
      "has_dye": "2022-06-18 12:12:38 +0100",
      "has_block": "2022-06-18 12:12:38 +0100"
    },
    "done": true
  },
  "slabs_stairs_to_block:recipes/building_blocks/slabs/exposed_cut_copper": {
    "criteria": {
      "has_slab": "2022-06-18 12:12:38 +0100"
    },
    "done": true
  },
  "slabs_stairs_to_block:recipes/building_blocks/stairs/sandstone": {
    "criteria": {
      "has_stairs": "2022-06-18 12:12:38 +0100"
    },
    "done": true
  },
  "universal_dyeing:recipes/building_blocks/universal_dyeing/wool": {
    "criteria": {
      "has_dye": "2022-06-18 17:46:58 +0100",
      "has_block": "2022-06-28 17:17:11 +0100"
    },
    "done": true
  },
  "minecraft:recipes/transportation/spruce_boat": {
    "criteria": {
      "in_water": "2022-06-18 12:16:17 +0100"
    },
    "done": true
  },
  "minecraft:recipes/decorations/jukebox": {
    "criteria": {
      "has_diamond": "2022-07-09 09:35:20 +0100"
    },
    "done": true
  },
  "minecraft:recipes/building_blocks/diorite": {
    "criteria": {
      "has_quartz": "2022-07-09 09:07:18 +0100"
    },
    "done": true
  },
  "minecraft:recipes/building_blocks/terracotta": {
    "criteria": {
      "has_clay_block": "2022-07-09 09:25:13 +0100"
    },
    "done": true
  },
  "slabs_stairs_to_block:recipes/building_blocks/slabs/granite": {
    "criteria": {
      "has_slab": "2022-06-18 12:12:38 +0100"
    },
    "done": true
  },
  "minecraft:recipes/tools/flint_and_steel": {
    "criteria": {
      "has_flint": "2022-07-09 09:25:35 +0100"
    },
    "done": true
  },
  "minecraft:recipes/misc/firework_rocket_simple": {
    "criteria": {
      "has_gunpowder": "2022-07-09 08:58:40 +0100"
    },
    "done": true
  },
  "slabs_stairs_to_block:recipes/building_blocks/slabs/waxed_weathered_cut_copper": {
    "criteria": {
      "has_slab": "2022-06-18 12:12:38 +0100"
    },
    "done": true
  },
  "slabs_stairs_to_block:recipes/building_blocks/slabs/deepslate_tiles": {
    "criteria": {
      "has_slab": "2022-06-18 12:12:38 +0100"
    },
    "done": true
  },
  "minecraft:recipes/food/mushroom_stew": {
    "criteria": {
      "has_brown_mushroom": "2022-07-02 10:03:49 +0100"
    },
    "done": true
  },
  "minecraft:recipes/building_blocks/gray_wool": {
    "criteria": {
      "has_white_wool": "2022-06-28 17:17:11 +0100"
    },
    "done": true
  },
  "minecraft:recipes/building_blocks/slabs/prismarine_brick_slab": {
    "criteria": {
      "has_block": "2022-06-18 12:12:38 +0100",
      "has_slab": "2022-06-18 12:12:38 +0100"
    },
    "done": true
  },
  "minecraft:recipes/building_blocks/polished_granite_from_granite_stonecutting": {
    "criteria": {
      "has_granite": "2022-06-28 17:37:33 +0100"
    },
    "done": true
  },
  "vanillatweaks:double_shulker_shells": {
    "criteria": {
      "tick": "2022-06-18 12:10:55 +0100"
    },
    "done": true
  },
  "equestrian_crafting:recipes/misc/diamond_horse_armor": {
    "criteria": {
      "has_ingot": "2022-06-18 12:12:38 +0100",
      "has_saddle": "2022-06-18 12:12:38 +0100",
      "has_the_recipe": "2022-06-18 12:12:38 +0100"
    },
    "done": true
  },
  "powder_to_glass:recipes/misc/gray_stained_glass": {
    "criteria": {
      "has_powder": "2022-06-18 12:12:38 +0100"
    },
    "done": true
  },
  "minecraft:husbandry/balanced_diet": {
    "criteria": {
      "cooked_porkchop": "2022-07-02 13:42:31 +0100",
      "chicken": "2022-07-02 13:41:43 +0100",
      "cooked_mutton": "2022-07-01 16:33:37 +0100",
      "cooked_beef": "2022-06-18 18:08:22 +0100",
      "beef": "2022-07-01 16:41:28 +0100",
      "tropical_fish": "2022-07-02 09:50:58 +0100",
      "apple": "2022-06-18 18:23:12 +0100",
      "bread": "2022-06-18 17:47:28 +0100",
      "rotten_flesh": "2022-06-18 17:37:53 +0100",
      "glow_berries": "2022-06-18 18:22:21 +0100",
      "cooked_chicken": "2022-07-06 18:57:47 +0100",
      "carrot": "2022-07-09 09:07:21 +0100"
    },
    "done": false
  },
  "minecraft:recipes/redstone/jungle_trapdoor": {
    "criteria": {
      "has_planks": "2022-06-18 12:12:51 +0100"
    },
    "done": true
  },
  "minecraft:recipes/tools/wooden_hoe": {
    "criteria": {
      "has_stick": "2022-06-18 12:15:54 +0100"
    },
    "done": true
  },
  "minecraft:recipes/building_blocks/slabs/smooth_quartz_slab": {
    "criteria": {
      "has_block": "2022-06-18 12:12:38 +0100",
      "has_slab": "2022-06-18 12:12:38 +0100"
    },
    "done": true
  },
  "minecraft:recipes/misc/bucket": {
    "criteria": {
      "has_iron_ingot": "2022-07-01 16:33:22 +0100"
    },
    "done": true
  },
  "minecraft:recipes/redstone/jungle_button": {
    "criteria": {
      "has_planks": "2022-06-18 12:12:51 +0100"
    },
    "done": true
  },
  "minecraft:recipes/building_blocks/slabs/mossy_cobblestone_slab": {
    "criteria": {
      "has_block": "2022-06-18 12:12:38 +0100",
      "has_slab": "2022-06-18 12:12:38 +0100"
    },
    "done": true
  },
  "slabs_stairs_to_block:recipes/building_blocks/stairs/deepslate_tiles": {
    "criteria": {
      "has_stairs": "2022-06-18 12:12:38 +0100"
    },
    "done": true
  },
  "minecraft:recipes/building_blocks/cobblestone_stairs": {
    "criteria": {
      "has_cobblestone": "2022-06-18 12:16:05 +0100"
    },
    "done": true
  },
  "minecraft:recipes/building_blocks/diorite_slab": {
    "criteria": {
      "has_diorite": "2022-06-18 18:23:20 +0100"
    },
    "done": true
  },
  "minecraft:recipes/building_blocks/birch_slab": {
    "criteria": {
      "has_planks": "2022-06-28 17:19:24 +0100"
    },
    "done": true
  },
  "minecraft:recipes/building_blocks/slabs/polished_granite_slab": {
    "criteria": {
      "has_block": "2022-06-18 12:12:38 +0100",
      "has_slab": "2022-06-18 12:12:38 +0100"
    },
    "done": true
  },
  "minecraft:recipes/decorations/yellow_bed_from_white_bed": {
    "criteria": {
      "has_bed": "2022-06-18 17:54:39 +0100"
    },
    "done": true
  },
  "minecraft:recipes/decorations/granite_wall": {
    "criteria": {
      "has_granite": "2022-06-28 17:37:33 +0100"
    },
    "done": true
  },
  "minecraft:recipes/redstone/note_block": {
    "criteria": {
      "has_redstone": "2022-07-08 17:50:40 +0100"
    },
    "done": true
  },
  "minecraft:recipes/decorations/white_banner": {
    "criteria": {
      "has_white_wool": "2022-06-28 17:17:11 +0100"
    },
    "done": true
  },
  "slabs_stairs_to_block:recipes/building_blocks/stairs/crimson_planks": {
    "criteria": {
      "has_stairs": "2022-06-18 12:12:38 +0100"
    },
    "done": true
  },
  "slabs_stairs_to_block:recipes/building_blocks/slabs/end_stone_bricks": {
    "criteria": {
      "has_slab": "2022-06-18 12:12:38 +0100"
    },
    "done": true
  },
  "minecraft:recipes/building_blocks/deepslate_tiles_from_cobbled_deepslate_stonecutting": {
    "criteria": {
      "has_cobbled_deepslate": "2022-06-18 18:12:39 +0100"
    },
    "done": true
  },
  "minecraft:recipes/building_blocks/polished_diorite_slab_from_diorite_stonecutting": {
    "criteria": {
      "has_diorite": "2022-06-18 18:23:20 +0100"
    },
    "done": true
  },
  "minecraft:recipes/building_blocks/light_blue_concrete_powder": {
    "criteria": {
      "has_gravel": "2022-06-22 18:29:34 +0100"
    },
    "done": true
  },
  "equestrian_crafting:recipes/combat/golden_horse_armor": {
    "criteria": {
      "has_ingot": "2022-06-18 12:12:38 +0100",
      "has_saddle": "2022-06-18 12:12:38 +0100",
      "has_the_recipe": "2022-06-18 12:12:38 +0100"
    },
    "done": true
  },
  "slabs_stairs_to_block:recipes/building_blocks/stairs/jungle_planks": {
    "criteria": {
      "has_stairs": "2022-06-18 12:12:38 +0100"
    },
    "done": true
  },
  "minecraft:recipes/misc/leather_horse_armor": {
    "criteria": {
      "has_leather": "2022-06-28 17:14:08 +0100"
    },
    "done": true
  },
  "minecraft:recipes/building_blocks/hay_block": {
    "criteria": {
      "has_wheat": "2022-07-01 16:17:58 +0100"
    },
    "done": true
  },
  "minecraft:recipes/combat/iron_helmet": {
    "criteria": {
      "has_iron_ingot": "2022-07-01 16:33:22 +0100"
    },
    "done": true
  },
  "slabs_stairs_to_block:recipes/building_blocks/stairs/cut_copper": {
    "criteria": {
      "has_stairs": "2022-06-18 12:12:38 +0100"
    },
    "done": true
  },
  "minecraft:recipes/misc/magenta_dye_from_blue_red_white_dye": {
    "criteria": {
      "has_white_dye": "2022-06-18 17:55:19 +0100"
    },
    "done": true
  },
  "minecraft:recipes/combat/bow": {
    "criteria": {
      "has_string": "2022-07-08 17:50:38 +0100"
    },
    "done": true
  },
  "minecraft:recipes/redstone/oak_fence_gate": {
    "criteria": {
      "has_planks": "2022-06-18 17:48:58 +0100"
    },
    "done": true
  },
  "minecraft:recipes/food/cooked_chicken_from_smoking": {
    "criteria": {
      "has_chicken": "2022-06-18 18:08:37 +0100"
    },
    "done": true
  },
  "minecraft:recipes/redstone/tnt": {
    "criteria": {
      "has_gunpowder": "2022-07-09 08:58:40 +0100"
    },
    "done": true
  },
  "minecraft:recipes/building_blocks/granite": {
    "criteria": {
      "has_quartz": "2022-07-09 09:07:18 +0100"
    },
    "done": true
  },
  "minecraft:recipes/building_blocks/purple_concrete_powder": {
    "criteria": {
      "has_gravel": "2022-06-22 18:29:34 +0100"
    },
    "done": true
  },
  "minecraft:recipes/building_blocks/slabs/nether_brick_slab": {
    "criteria": {
      "has_block": "2022-06-18 12:12:38 +0100",
      "has_slab": "2022-06-18 12:12:38 +0100"
    },
    "done": true
  },
  "minecraft:recipes/decorations/diorite_wall_from_diorite_stonecutting": {
    "criteria": {
      "has_diorite": "2022-06-18 18:23:20 +0100"
    },
    "done": true
  },
  "minecraft:recipes/decorations/orange_bed_from_white_bed": {
    "criteria": {
      "has_bed": "2022-06-18 17:54:39 +0100"
    },
    "done": true
  },
  "minecraft:recipes/transportation/oak_chest_boat": {
    "criteria": {
      "has_boat": "2022-06-18 17:53:48 +0100"
    },
    "done": true
  },
  "minecraft:recipes/combat/diamond_chestplate": {
    "criteria": {
      "has_diamond": "2022-07-09 09:35:20 +0100"
    },
    "done": true
  },
  "slabs_stairs_to_block:recipes/building_blocks/stairs/red_nether_bricks": {
    "criteria": {
      "has_stairs": "2022-06-18 12:12:38 +0100"
    },
    "done": true
  },
  "minecraft:story/mine_stone": {
    "criteria": {
      "get_stone": "2022-06-18 12:16:05 +0100"
    },
    "done": true
  },
  "minecraft:recipes/redstone/target": {
    "criteria": {
      "has_redstone": "2022-07-08 17:50:40 +0100"
    },
    "done": true
  },
  "minecraft:recipes/decorations/furnace": {
    "criteria": {
      "has_cobblestone": "2022-06-18 12:16:05 +0100"
    },
    "done": true
  },
  "minecraft:recipes/transportation/minecart": {
    "criteria": {
      "has_iron_ingot": "2022-07-01 16:33:22 +0100"
    },
    "done": true
  },
  "slabs_stairs_to_block:recipes/building_blocks/stairs/nether_bricks": {
    "criteria": {
      "has_stairs": "2022-06-18 12:12:38 +0100"
    },
    "done": true
  },
  "minecraft:recipes/misc/charcoal": {
    "criteria": {
      "has_log": "2022-06-18 12:12:38 +0100"
    },
    "done": true
  },
  "minecraft:recipes/building_blocks/orange_wool": {
    "criteria": {
      "has_white_wool": "2022-06-28 17:17:11 +0100"
    },
    "done": true
  },
  "minecraft:recipes/tools/wooden_pickaxe": {
    "criteria": {
      "has_stick": "2022-06-18 12:15:54 +0100"
    },
    "done": true
  },
  "minecraft:recipes/tools/iron_hoe": {
    "criteria": {
      "has_iron_ingot": "2022-07-01 16:33:22 +0100"
    },
    "done": true
  },
  "minecraft:recipes/building_blocks/cobbled_deepslate_stairs": {
    "criteria": {
      "has_cobbled_deepslate": "2022-06-18 18:12:39 +0100"
    },
    "done": true
  },
  "minecraft:husbandry/root": {
    "criteria": {
      "consumed_item": "2022-06-18 17:37:53 +0100"
    },
    "done": true
  },
  "minecraft:recipes/redstone/redstone_torch": {
    "criteria": {
      "has_redstone": "2022-07-08 17:50:40 +0100"
    },
    "done": true
  },
  "minecraft:recipes/transportation/birch_boat": {
    "criteria": {
      "in_water": "2022-06-18 12:16:17 +0100"
    },
    "done": true
  },
  "coral_blocks:recipes/building_blocks/coral/horn_coral_block": {
    "criteria": {
      "has_fan": "2022-06-18 12:12:38 +0100",
      "has_coral": "2022-06-18 12:12:38 +0100"
    },
    "done": true
  },
  "slabs_stairs_to_block:recipes/building_blocks/slabs/prismarine_bricks": {
    "criteria": {
      "has_slab": "2022-06-18 12:12:38 +0100"
    },
    "done": true
  },
  "minecraft:recipes/misc/gold_ingot_from_blasting_raw_gold": {
    "criteria": {
      "has_raw_gold": "2022-07-09 09:35:35 +0100"
    },
    "done": true
  },
  "minecraft:recipes/building_blocks/polished_granite_slab_from_granite_stonecutting": {
    "criteria": {
      "has_granite": "2022-06-28 17:37:33 +0100"
    },
    "done": true
  },
  "minecraft:recipes/building_blocks/green_concrete_powder": {
    "criteria": {
      "has_gravel": "2022-06-22 18:29:34 +0100"
    },
    "done": true
  },
  "minecraft:recipes/building_blocks/cobbled_deepslate_stairs_from_cobbled_deepslate_stonecutting": {
    "criteria": {
      "has_cobbled_deepslate": "2022-06-18 18:12:39 +0100"
    },
    "done": true
  },
  "minecraft:recipes/tools/iron_shovel": {
    "criteria": {
      "has_iron_ingot": "2022-07-01 16:33:22 +0100"
    },
    "done": true
  },
  "minecraft:recipes/building_blocks/dark_oak_wood": {
    "criteria": {
      "has_log": "2022-06-18 19:18:03 +0100"
    },
    "done": true
  },
  "minecraft:recipes/decorations/cyan_bed_from_white_bed": {
    "criteria": {
      "has_bed": "2022-06-18 17:54:39 +0100"
    },
    "done": true
  },
  "slabs_stairs_to_block:recipes/building_blocks/stairs/end_stone_bricks": {
    "criteria": {
      "has_stairs": "2022-06-18 12:12:38 +0100"
    },
    "done": true
  },
  "minecraft:recipes/misc/bowl": {
    "criteria": {
      "has_brown_mushroom": "2022-07-02 10:03:49 +0100"
    },
    "done": true
  },
  "equestrian_crafting:recipes/misc/golden_horse_armor": {
    "criteria": {
      "has_ingot": "2022-06-18 12:12:38 +0100",
      "has_saddle": "2022-06-18 12:12:38 +0100"
    },
    "done": true
  },
  "minecraft:recipes/decorations/item_frame": {
    "criteria": {
      "has_leather": "2022-06-28 17:14:08 +0100"
    },
    "done": true
  },
  "minecraft:recipes/decorations/lime_bed_from_white_bed": {
    "criteria": {
      "has_bed": "2022-06-18 17:54:39 +0100"
    },
    "done": true
  },
  "minecraft:recipes/tools/stone_hoe": {
    "criteria": {
      "has_cobblestone": "2022-06-18 12:16:05 +0100"
    },
    "done": true
  },
  "minecraft:recipes/tools/clock": {
    "criteria": {
      "has_redstone": "2022-07-08 17:50:40 +0100"
    },
    "done": true
  },
  "minecraft:recipes/tools/diamond_hoe": {
    "criteria": {
      "has_diamond": "2022-07-09 09:35:20 +0100"
    },
    "done": true
  },
  "minecraft:recipes/building_blocks/dark_oak_stairs": {
    "criteria": {
      "has_planks": "2022-07-02 10:02:41 +0100"
    },
    "done": true
  },
  "minecraft:recipes/tools/diamond_shovel": {
    "criteria": {
      "has_diamond": "2022-07-09 09:35:20 +0100"
    },
    "done": true
  },
  "minecraft:story/enter_the_nether": {
    "criteria": {
      "entered_nether": "2022-07-21 17:21:51 +0100"
    },
    "done": true
  },
  "minecraft:recipes/decorations/green_bed_from_white_bed": {
    "criteria": {
      "has_bed": "2022-06-18 17:54:39 +0100"
    },
    "done": true
  },
  "minecraft:recipes/building_blocks/slabs/cobblestone_slab": {
    "criteria": {
      "has_block": "2022-06-18 12:12:38 +0100",
      "has_slab": "2022-06-18 12:12:38 +0100"
    },
    "done": true
  },
  "minecraft:recipes/building_blocks/deepslate": {
    "criteria": {
      "has_cobbled_deepslate": "2022-06-18 18:12:39 +0100"
    },
    "done": true
  },
  "universal_dyeing:recipes/building_blocks/universal_dyeing/terracotta": {
    "criteria": {
      "has_dye": "2022-06-18 17:46:58 +0100"
    },
    "done": false
  },
  "minecraft:recipes/building_blocks/granite_slab": {
    "criteria": {
      "has_granite": "2022-06-28 17:37:33 +0100"
    },
    "done": true
  },
  "minecraft:recipes/decorations/white_carpet": {
    "criteria": {
      "has_white_wool": "2022-06-28 17:17:11 +0100"
    },
    "done": true
  },
  "minecraft:recipes/decorations/dark_oak_sign": {
    "criteria": {
      "has_planks": "2022-07-02 10:02:41 +0100"
    },
    "done": true
  },
  "coral_blocks:recipes/building_blocks/coral/brain_coral_block": {
    "criteria": {
      "has_fan": "2022-06-18 12:12:38 +0100",
      "has_coral": "2022-06-18 12:12:38 +0100"
    },
    "done": true
  },
  "craftable_blackstone:recipes/building_blocks/coral/blackstone": {
    "criteria": {
      "has_basalt": "2022-06-18 12:12:38 +0100"
    },
    "done": true
  },
  "minecraft:recipes/redstone/birch_door": {
    "criteria": {
      "has_planks": "2022-06-28 17:19:24 +0100"
    },
    "done": true
  },
  "minecraft:recipes/transportation/birch_chest_boat": {
    "criteria": {
      "has_boat": "2022-06-18 17:53:48 +0100"
    },
    "done": true
  },
  "powder_to_glass:recipes/misc/orange_stained_glass": {
    "criteria": {
      "has_powder": "2022-06-18 12:12:38 +0100"
    },
    "done": true
  },
  "minecraft:story/mine_diamond": {
    "criteria": {
      "diamond": "2022-07-09 09:35:20 +0100"
    },
    "done": true
  },
  "minecraft:story/upgrade_tools": {
    "criteria": {
      "stone_pickaxe": "2022-06-18 18:13:21 +0100"
    },
    "done": true
  },
  "slabs_stairs_to_block:recipes/building_blocks/stairs/polished_andesite": {
    "criteria": {
      "has_stairs": "2022-06-18 12:12:38 +0100"
    },
    "done": true
  },
  "minecraft:recipes/building_blocks/polished_granite_stairs_from_granite_stonecutting": {
    "criteria": {
      "has_granite": "2022-06-28 17:37:33 +0100"
    },
    "done": true
  },
  "minecraft:recipes/combat/diamond_helmet": {
    "criteria": {
      "has_diamond": "2022-07-09 09:35:20 +0100"
    },
    "done": true
  },
  "minecraft:recipes/decorations/snow": {
    "criteria": {
      "has_snowball": "2022-06-21 18:10:55 +0100"
    },
    "done": true
  },
  "minecraft:recipes/transportation/oak_boat": {
    "criteria": {
      "in_water": "2022-06-18 12:16:17 +0100"
    },
    "done": true
  },
  "slabs_stairs_to_block:recipes/building_blocks/slabs/red_nether_bricks": {
    "criteria": {
      "has_slab": "2022-06-18 12:12:38 +0100"
    },
    "done": true
  },
  "slabs_stairs_to_block:recipes/building_blocks/slabs/polished_blackstone": {
    "criteria": {
      "has_slab": "2022-06-18 12:12:38 +0100"
    },
    "done": true
  },
  "minecraft:recipes/building_blocks/slabs/red_sandstone_slab": {
    "criteria": {
      "has_block": "2022-06-18 12:12:38 +0100",
      "has_slab": "2022-06-18 12:12:38 +0100"
    },
    "done": true
  },
  "minecraft:recipes/decorations/blue_bed_from_white_bed": {
    "criteria": {
      "has_bed": "2022-06-18 17:54:39 +0100"
    },
    "done": true
  },
  "minecraft:recipes/decorations/birch_fence": {
    "criteria": {
      "has_planks": "2022-06-28 17:19:24 +0100"
    },
    "done": true
  },
  "minecraft:recipes/building_blocks/cyan_concrete_powder": {
    "criteria": {
      "has_gravel": "2022-06-22 18:29:34 +0100"
    },
    "done": true
  },
  "minecraft:recipes/building_blocks/slabs/polished_andesite_slab": {
    "criteria": {
      "has_block": "2022-06-18 12:12:38 +0100",
      "has_slab": "2022-06-18 12:12:38 +0100"
    },
    "done": true
  },
  "powder_to_glass:recipes/misc/brown_stained_glass": {
    "criteria": {
      "has_powder": "2022-06-18 12:12:38 +0100"
    },
    "done": true
  },
  "minecraft:recipes/tools/wooden_axe": {
    "criteria": {
      "has_stick": "2022-06-18 12:15:54 +0100"
    },
    "done": true
  },
  "minecraft:recipes/building_blocks/lime_wool": {
    "criteria": {
      "has_white_wool": "2022-06-28 17:17:11 +0100"
    },
    "done": true
  },
  "slabs_stairs_to_block:recipes/building_blocks/slabs/andesite": {
    "criteria": {
      "has_slab": "2022-06-18 12:12:38 +0100"
    },
    "done": true
  },
  "sandstone_dyeing:recipes/building_blocks/red_sand": {
    "criteria": {
      "has_dye": "2022-06-18 12:12:38 +0100",
      "has_block": "2022-06-18 12:12:38 +0100"
    },
    "done": true
  },
  "slabs_stairs_to_block:recipes/building_blocks/stairs/deepslate_bricks": {
    "criteria": {
      "has_stairs": "2022-06-18 12:12:38 +0100"
    },
    "done": true
  },
  "minecraft:recipes/building_blocks/polished_diorite_stairs_from_diorite_stonecutting": {
    "criteria": {
      "has_diorite": "2022-06-18 18:23:20 +0100"
    },
    "done": true
  },
  "minecraft:recipes/building_blocks/stone_bricks_from_stone_stonecutting": {
    "criteria": {
      "has_stone": "2022-07-09 09:17:45 +0100"
    },
    "done": true
  },
  "minecraft:husbandry/tactical_fishing": {
    "criteria": {
      "tropical_fish_bucket": "2022-07-01 16:37:55 +0100"
    },
    "done": true
  },
  "minecraft:recipes/decorations/loom": {
    "criteria": {
      "has_string": "2022-07-08 17:50:38 +0100"
    },
    "done": true
  },
  "minecraft:recipes/building_blocks/green_wool": {
    "criteria": {
      "has_white_wool": "2022-06-28 17:17:11 +0100"
    },
    "done": true
  },
  "powder_to_glass:recipes/misc/lime_stained_glass": {
    "criteria": {
      "has_powder": "2022-06-18 12:12:38 +0100"
    },
    "done": true
  },
  "minecraft:recipes/tools/diamond_axe": {
    "criteria": {
      "has_diamond": "2022-07-09 09:35:20 +0100"
    },
    "done": true
  },
  "slabs_stairs_to_block:recipes/building_blocks/slabs/stone_bricks": {
    "criteria": {
      "has_slab": "2022-06-18 12:12:38 +0100"
    },
    "done": true
  },
  "minecraft:recipes/building_blocks/brown_wool": {
    "criteria": {
      "has_white_wool": "2022-06-28 17:17:11 +0100"
    },
    "done": true
  },
  "powder_to_glass:recipes/misc/red_stained_glass": {
    "criteria": {
      "has_powder": "2022-06-18 12:12:38 +0100"
    },
    "done": true
  },
  "minecraft:recipes/decorations/scaffolding": {
    "criteria": {
      "has_bamboo": "2022-06-18 17:55:00 +0100"
    },
    "done": true
  },
  "minecraft:recipes/building_blocks/slabs/brick_slab": {
    "criteria": {
      "has_block": "2022-06-18 12:12:38 +0100",
      "has_slab": "2022-06-18 12:12:38 +0100"
    },
    "done": true
  },
  "minecraft:recipes/decorations/painting": {
    "criteria": {
      "has_wool": "2022-06-28 17:17:11 +0100"
    },
    "done": true
  },
  "powder_to_glass:recipes/misc/light_gray_stained_glass": {
    "criteria": {
      "has_powder": "2022-06-18 12:12:38 +0100"
    },
    "done": true
  },
  "minecraft:recipes/building_blocks/mossy_cobblestone_from_moss_block": {
    "criteria": {
      "has_moss_block": "2022-06-18 18:30:18 +0100"
    },
    "done": true
  },
  "minecraft:recipes/building_blocks/slabs/smooth_red_sandstone_slab": {
    "criteria": {
      "has_block": "2022-06-18 12:12:38 +0100",
      "has_slab": "2022-06-18 12:12:38 +0100"
    },
    "done": true
  },
  "slabs_stairs_to_block:recipes/building_blocks/stairs/waxed_exposed_cut_copper": {
    "criteria": {
      "has_stairs": "2022-06-18 12:12:38 +0100"
    },
    "done": true
  },
  "minecraft:recipes/combat/arrow": {
    "criteria": {
      "has_feather": "2022-06-18 18:08:37 +0100"
    },
    "done": true
  },
  "minecraft:recipes/decorations/black_carpet": {
    "criteria": {
      "has_black_wool": "2022-07-08 17:45:41 +0100"
    },
    "done": true
  },
  "minecraft:recipes/building_blocks/stone_slab": {
    "criteria": {
      "has_stone": "2022-07-09 09:17:45 +0100"
    },
    "done": true
  },
  "minecraft:recipes/building_blocks/coal_block": {
    "criteria": {
      "has_coal": "2022-07-02 09:54:44 +0100"
    },
    "done": true
  },
  "uncraftable_ice:recipes/building_blocks/ice": {
    "criteria": {
      "has_packed_ice": "2022-06-18 12:12:38 +0100"
    },
    "done": true
  },
  "vanillatweaks:more_mob_heads": {
    "criteria": {
      "tick": "2022-06-18 12:10:55 +0100"
    },
    "done": true
  },
  "minecraft:recipes/building_blocks/slabs/end_stone_brick_slab": {
    "criteria": {
      "has_block": "2022-06-18 12:12:38 +0100",
      "has_slab": "2022-06-18 12:12:38 +0100"
    },
    "done": true
  },
  "minecraft:recipes/misc/gold_nugget_from_blasting": {
    "criteria": {
      "has_golden_helmet": "2022-07-08 17:50:43 +0100"
    },
    "done": true
  },
  "slabs_stairs_to_block:recipes/building_blocks/slabs/weathered_cut_copper": {
    "criteria": {
      "has_slab": "2022-06-18 12:12:38 +0100"
    },
    "done": true
  },
  "minecraft:recipes/tools/stone_shovel": {
    "criteria": {
      "has_cobblestone": "2022-06-18 12:16:05 +0100"
    },
    "done": true
  },
  "slabs_stairs_to_block:recipes/building_blocks/slabs/jungle_planks": {
    "criteria": {
      "has_slab": "2022-06-18 12:12:38 +0100"
    },
    "done": true
  },
  "minecraft:recipes/building_blocks/blue_concrete_powder": {
    "criteria": {
      "has_gravel": "2022-06-22 18:29:34 +0100"
    },
    "done": true
  },
  "minecraft:recipes/building_blocks/diorite_stairs": {
    "criteria": {
      "has_diorite": "2022-06-18 18:23:20 +0100"
    },
    "done": true
  },
  "craftable_blackstone:recipes/building_blocks/coral/polished_blackstone": {
    "criteria": {
      "has_polished_blackstone": "2022-06-18 12:12:38 +0100",
      "has_the_recipe": "2022-06-18 12:12:38 +0100"
    },
    "done": true
  },
  "minecraft:recipes/building_blocks/granite_slab_from_granite_stonecutting": {
    "criteria": {
      "has_granite": "2022-06-28 17:37:33 +0100"
    },
    "done": true
  },
  "dropper_to_dispenser:recipes/building_blocks/dropper_to_dispenser/dispenser_alternate": {
    "criteria": {
      "has_string": "2022-06-18 12:12:38 +0100",
      "has_block": "2022-06-18 12:12:38 +0100",
      "has_stick": "2022-06-18 12:12:38 +0100"
    },
    "done": true
  },
  "minecraft:recipes/decorations/jungle_sign": {
    "criteria": {
      "has_planks": "2022-06-18 12:12:51 +0100"
    },
    "done": true
  },
  "minecraft:recipes/building_blocks/andesite": {
    "criteria": {
      "has_stone": "2022-06-18 18:23:20 +0100"
    },
    "done": true
  },
  "minecraft:recipes/redstone/oak_pressure_plate": {
    "criteria": {
      "has_planks": "2022-06-18 17:48:58 +0100"
    },
    "done": true
  },
  "minecraft:recipes/decorations/white_stained_glass_pane_from_glass_pane": {
    "criteria": {
      "has_white_dye": "2022-06-18 17:55:19 +0100"
    },
    "done": true
  },
  "minecraft:recipes/building_blocks/polished_deepslate_stairs_from_cobbled_deepslate_stonecutting": {
    "criteria": {
      "has_cobbled_deepslate": "2022-06-18 18:12:39 +0100"
    },
    "done": true
  },
  "minecraft:recipes/building_blocks/mossy_stone_bricks_from_moss_block": {
    "criteria": {
      "has_moss_block": "2022-06-18 18:30:18 +0100"
    },
    "done": true
  },
  "powder_to_glass:recipes/misc/light_blue_stained_glass": {
    "criteria": {
      "has_powder": "2022-06-18 12:12:38 +0100"
    },
    "done": true
  },
  "sandstone_dyeing:recipes/building_blocks/smooth_red_sandstone": {
    "criteria": {
      "has_dye": "2022-06-18 12:12:38 +0100",
      "has_block": "2022-06-18 12:12:38 +0100"
    },
    "done": true
  },
  "minecraft:recipes/building_blocks/oak_wood": {
    "criteria": {
      "has_log": "2022-06-18 12:19:40 +0100"
    },
    "done": true
  },
  "minecraft:story/root": {
    "criteria": {
      "crafting_table": "2022-06-18 12:12:54 +0100"
    },
    "done": true
  },
  "minecraft:recipes/redstone/dropper": {
    "criteria": {
      "has_redstone": "2022-07-08 17:50:40 +0100"
    },
    "done": true
  },
  "minecraft:recipes/building_blocks/slabs/granite_slab": {
    "criteria": {
      "has_block": "2022-06-18 12:12:38 +0100",
      "has_slab": "2022-06-18 12:12:38 +0100"
    },
    "done": true
  },
  "slabs_stairs_to_block:recipes/building_blocks/slabs/waxed_oxidized_cut_copper": {
    "criteria": {
      "has_slab": "2022-06-18 12:12:38 +0100"
    },
    "done": true
  },
  "slabs_stairs_to_block:recipes/building_blocks/stairs/smooth_red_sandstone": {
    "criteria": {
      "has_stairs": "2022-06-18 12:12:38 +0100"
    },
    "done": true
  },
  "universal_dyeing:recipes/building_blocks/universal_dyeing/concrete_powder": {
    "criteria": {
      "has_dye": "2022-06-18 17:46:58 +0100"
    },
    "done": false
  },
  "minecraft:recipes/transportation/spruce_chest_boat": {
    "criteria": {
      "has_boat": "2022-06-18 17:53:48 +0100"
    },
    "done": true
  },
  "powder_to_glass:recipes/misc/purple_stained_glass": {
    "criteria": {
      "has_powder": "2022-06-18 12:12:38 +0100"
    },
    "done": true
  },
  "minecraft:recipes/building_blocks/jungle_slab": {
    "criteria": {
      "has_planks": "2022-06-18 12:12:51 +0100"
    },
    "done": true
  },
  "craftable_bundles_leather:recipes/bundle_leather": {
    "criteria": {
      "has_leather": "2022-06-18 12:12:38 +0100",
      "has_string": "2022-06-18 12:12:38 +0100"
    },
    "done": true
  },
  "slabs_stairs_to_block:recipes/building_blocks/slabs/stone": {
    "criteria": {
      "has_slab": "2022-06-18 12:12:38 +0100"
    },
    "done": true
  },
  "minecraft:recipes/combat/leather_chestplate": {
    "criteria": {
      "has_leather": "2022-06-28 17:14:08 +0100"
    },
    "done": true
  },
  "minecraft:recipes/tools/compass": {
    "criteria": {
      "has_redstone": "2022-07-08 17:50:40 +0100"
    },
    "done": true
  },
  "slabs_stairs_to_block:recipes/building_blocks/stairs/polished_blackstone_bricks": {
    "criteria": {
      "has_stairs": "2022-06-18 12:12:38 +0100"
    },
    "done": true
  },
  "minecraft:recipes/redstone/oak_button": {
    "criteria": {
      "has_planks": "2022-06-18 17:48:58 +0100"
    },
    "done": true
  },
  "vanillatweaks:fast_leaf_decay": {
    "criteria": {
      "tick": "2022-06-18 12:10:55 +0100"
    },
    "done": true
  },
  "slabs_stairs_to_block:recipes/building_blocks/stairs/exposed_cut_copper": {
    "criteria": {
      "has_stairs": "2022-06-18 12:12:38 +0100"
    },
    "done": true
  },
  "craftable_name_tags:recipes/building_blocks/craftable_name_tags/name_tag": {
    "criteria": {
      "has_string": "2022-06-18 12:12:38 +0100",
      "has_paper": "2022-06-18 12:12:38 +0100",
      "has_iron": "2022-06-18 12:12:38 +0100"
    },
    "done": true
  },
  "minecraft:recipes/building_blocks/quartz_block": {
    "criteria": {
      "has_quartz": "2022-07-09 09:07:18 +0100"
    },
    "done": true
  },
  "minecraft:recipes/redstone/dark_oak_pressure_plate": {
    "criteria": {
      "has_planks": "2022-07-02 10:02:41 +0100"
    },
    "done": true
  },
  "slabs_stairs_to_block:recipes/building_blocks/slabs/quartz_block": {
    "criteria": {
      "has_slab": "2022-06-18 12:12:38 +0100"
    },
    "done": true
  },
  "minecraft:recipes/food/cooked_beef": {
    "criteria": {
      "has_beef": "2022-06-28 17:14:08 +0100"
    },
    "done": true
  },
  "minecraft:recipes/redstone/iron_door": {
    "criteria": {
      "has_iron_ingot": "2022-07-01 16:33:22 +0100"
    },
    "done": true
  },
  "slabs_stairs_to_block:recipes/building_blocks/slabs/mossy_stone_bricks": {
    "criteria": {
      "has_slab": "2022-06-18 12:12:38 +0100"
    },
    "done": true
  },
  "minecraft:recipes/decorations/composter": {
    "criteria": {
      "has_wood_slab": "2022-06-18 12:12:58 +0100"
    },
    "done": true
  },
  "minecraft:recipes/misc/copper_ingot_from_smelting_raw_copper": {
    "criteria": {
      "has_raw_copper": "2022-07-02 09:56:09 +0100"
    },
    "done": true
  },
  "minecraft:recipes/building_blocks/snow_block": {
    "criteria": {
      "has_snowball": "2022-06-21 18:10:55 +0100"
    },
    "done": true
  },
  "minecraft:recipes/building_blocks/slabs/mud_brick_slab": {
    "criteria": {
      "has_block": "2022-06-18 12:12:38 +0100",
      "has_slab": "2022-06-18 12:12:38 +0100"
    },
    "done": true
  },
  "coral_blocks:recipes/building_blocks/coral/bubble_coral_block": {
    "criteria": {
      "has_fan": "2022-06-18 12:12:38 +0100",
      "has_coral": "2022-06-18 12:12:38 +0100"
    },
    "done": true
  },
  "minecraft:recipes/redstone/oak_door": {
    "criteria": {
      "has_planks": "2022-06-18 17:48:58 +0100"
    },
    "done": true
  },
  "slabs_stairs_to_block:recipes/building_blocks/slabs/diorite": {
    "criteria": {
      "has_slab": "2022-06-18 12:12:38 +0100"
    },
    "done": true
  },
  "minecraft:recipes/transportation/jungle_boat": {
    "criteria": {
      "in_water": "2022-06-18 12:16:17 +0100"
    },
    "done": true
  },
  "slabs_stairs_to_block:recipes/building_blocks/stairs/oxidized_cut_copper": {
    "criteria": {
      "has_stairs": "2022-06-18 12:12:38 +0100"
    },
    "done": true
  },
  "slabs_stairs_to_block:recipes/building_blocks/slabs/purpur_block": {
    "criteria": {
      "has_slab": "2022-06-18 12:12:38 +0100"
    },
    "done": true
  },
  "minecraft:recipes/building_blocks/birch_stairs": {
    "criteria": {
      "has_planks": "2022-06-28 17:19:24 +0100"
    },
    "done": true
  },
  "minecraft:recipes/decorations/stone_brick_walls_from_stone_stonecutting": {
    "criteria": {
      "has_stone": "2022-07-09 09:17:45 +0100"
    },
    "done": true
  },
  "minecraft:recipes/building_blocks/jungle_stairs": {
    "criteria": {
      "has_planks": "2022-06-18 12:12:51 +0100"
    },
    "done": true
  },
  "minecraft:recipes/redstone/heavy_weighted_pressure_plate": {
    "criteria": {
      "has_iron_ingot": "2022-07-01 16:33:22 +0100"
    },
    "done": true
  },
  "minecraft:recipes/transportation/dark_oak_boat": {
    "criteria": {
      "in_water": "2022-06-18 12:16:17 +0100"
    },
    "done": true
  },
  "minecraft:recipes/decorations/glow_item_frame": {
    "criteria": {
      "has_glow_ink_sac": "2022-07-08 17:50:40 +0100"
    },
    "done": true
  },
  "minecraft:recipes/redstone/daylight_detector": {
    "criteria": {
      "has_quartz": "2022-07-09 09:07:18 +0100"
    },
    "done": true
  },
  "minecraft:recipes/transportation/carrot_on_a_stick": {
    "criteria": {
      "has_carrot": "2022-07-09 09:07:19 +0100"
    },
    "done": true
  },
  "minecraft:recipes/building_blocks/pink_wool": {
    "criteria": {
      "has_white_wool": "2022-06-28 17:17:11 +0100"
    },
    "done": true
  },
  "minecraft:recipes/redstone/jungle_door": {
    "criteria": {
      "has_planks": "2022-06-18 12:12:51 +0100"
    },
    "done": true
  },
  "minecraft:recipes/decorations/brown_bed_from_white_bed": {
    "criteria": {
      "has_bed": "2022-06-18 17:54:39 +0100"
    },
    "done": true
  },
  "minecraft:recipes/redstone/jungle_fence_gate": {
    "criteria": {
      "has_planks": "2022-06-18 12:12:51 +0100"
    },
    "done": true
  },
  "minecraft:recipes/building_blocks/polished_granite": {
    "criteria": {
      "has_granite": "2022-06-28 17:37:33 +0100"
    },
    "done": true
  },
  "coral_blocks:recipes/building_blocks/coral/tube_coral_block": {
    "criteria": {
      "has_fan": "2022-06-18 12:12:38 +0100",
      "has_coral": "2022-06-18 12:12:38 +0100"
    },
    "done": true
  },
  "minecraft:recipes/redstone/birch_trapdoor": {
    "criteria": {
      "has_planks": "2022-06-28 17:19:24 +0100"
    },
    "done": true
  },
  "minecraft:recipes/redstone/piston": {
    "criteria": {
      "has_redstone": "2022-07-08 17:50:40 +0100"
    },
    "done": true
  },
  "slabs_stairs_to_block:recipes/building_blocks/slabs/cut_red_sandstone": {
    "criteria": {
      "has_slab": "2022-06-18 12:12:38 +0100"
    },
    "done": true
  },
  "slabs_stairs_to_block:recipes/building_blocks/slabs/nether_bricks": {
    "criteria": {
      "has_slab": "2022-06-18 12:12:38 +0100"
    },
    "done": true
  },
  "minecraft:recipes/building_blocks/stone_stairs": {
    "criteria": {
      "has_stone": "2022-07-09 09:17:45 +0100"
    },
    "done": true
  },
  "slabs_stairs_to_block:recipes/building_blocks/stairs/waxed_weathered_cut_copper": {
    "criteria": {
      "has_stairs": "2022-06-18 12:12:38 +0100"
    },
    "done": true
  },
  "slabs_stairs_to_block:recipes/building_blocks/stairs/waxed_cut_copper": {
    "criteria": {
      "has_stairs": "2022-06-18 12:12:38 +0100"
    },
    "done": true
  },
  "minecraft:recipes/transportation/rail": {
    "criteria": {
      "has_minecart": "2022-07-01 16:16:40 +0100"
    },
    "done": true
  },
  "uncraftable_nether_wart_block:recipes/building_blocks/nether_wart": {
    "criteria": {
      "has_nether_wart_block": "2022-06-18 12:12:38 +0100"
    },
    "done": true
  },
  "minecraft:recipes/food/cooked_beef_from_campfire_cooking": {
    "criteria": {
      "has_beef": "2022-06-28 17:14:08 +0100"
    },
    "done": true
  },
  "minecraft:recipes/decorations/dark_oak_fence": {
    "criteria": {
      "has_planks": "2022-07-02 10:02:41 +0100"
    },
    "done": true
  },
  "minecraft:recipes/combat/diamond_boots": {
    "criteria": {
      "has_diamond": "2022-07-09 09:35:20 +0100"
    },
    "done": true
  },
  "slabs_stairs_to_block:recipes/building_blocks/slabs/dark_prismarine": {
    "criteria": {
      "has_slab": "2022-06-18 12:12:38 +0100"
    },
    "done": true
  },
  "minecraft:recipes/decorations/soul_campfire": {
    "criteria": {
      "has_stick": "2022-06-18 12:15:54 +0100"
    },
    "done": true
  },
  "minecraft:story/smelt_iron": {
    "criteria": {
      "iron": "2022-07-01 16:33:22 +0100"
    },
    "done": true
  },
  "minecraft:recipes/building_blocks/melon": {
    "criteria": {
      "has_melon": "2022-06-18 17:55:41 +0100"
    },
    "done": true
  },
  "minecraft:recipes/building_blocks/slabs/stone_brick_slab": {
    "criteria": {
      "has_block": "2022-06-18 12:12:38 +0100",
      "has_slab": "2022-06-18 12:12:38 +0100"
    },
    "done": true
  },
  "minecraft:recipes/building_blocks/slabs/sandstone_slab": {
    "criteria": {
      "has_block": "2022-06-18 12:12:38 +0100",
      "has_slab": "2022-06-18 12:12:38 +0100"
    },
    "done": true
  },
  "slabs_stairs_to_block:recipes/building_blocks/stairs/mossy_stone_bricks": {
    "criteria": {
      "has_stairs": "2022-06-18 12:12:38 +0100"
    },
    "done": true
  },
  "slabs_stairs_to_block:recipes/building_blocks/stairs/granite": {
    "criteria": {
      "has_stairs": "2022-06-18 12:12:38 +0100"
    },
    "done": true
  },
  "minecraft:recipes/decorations/light_gray_bed_from_white_bed": {
    "criteria": {
      "has_bed": "2022-06-18 17:54:39 +0100"
    },
    "done": true
  },
  "slabs_stairs_to_block:recipes/building_blocks/slabs/warped_planks": {
    "criteria": {
      "has_slab": "2022-06-18 12:12:38 +0100"
    },
    "done": true
  },
  "DataVersion": 3105
}