{"stats":{"minecraft:killed_by":{"minecraft:skeleton":4,"minecraft:spider":1},"minecraft:broken":{"minecraft:wooden_sword":1},"minecraft:picked_up":{"minecraft:stick":4,"minecraft:crafting_table":5,"minecraft:iron_chestplate":5,"minecraft:dandelion":2,"minecraft:wooden_pickaxe":4,"minecraft:oak_log":3,"minecraft:dirt":62,"minecraft:wooden_sword":4,"minecraft:bone":4,"minecraft:arrow":4,"minecraft:rotten_flesh":2,"minecraft:wheat_seeds":4,"minecraft:iron_helmet":1,"minecraft:oak_boat":4,"minecraft:baked_potato":63,"minecraft:chest":2,"minecraft:iron_boots":4},"minecraft:crafted":{"minecraft:wooden_sword":1,"minecraft:oak_boat":1,"minecraft:oak_planks":12,"minecraft:stick":4,"minecraft:wooden_pickaxe":1},"minecraft:killed":{"minecraft:skeleton":1,"minecraft:zombie":1},"minecraft:mined":{"minecraft:dandelion":2,"minecraft:crafting_table":1,"minecraft:grass":8,"minecraft:oak_log":3,"minecraft:chest":1,"minecraft:tall_grass":1,"minecraft:oak_leaves":2},"minecraft:used":{"minecraft:baked_potato":10,"minecraft:wooden_pickaxe":3,"minecraft:wooden_sword":65},"minecraft:custom":{"minecraft:time_since_rest":3052,"minecraft:sprint_one_cm":30006,"minecraft:damage_taken":2089,"minecraft:walk_one_cm":83440,"minecraft:mob_kills":2,"minecraft:drop":3,"minecraft:damage_dealt":913,"minecraft:swim_one_cm":2032,"minecraft:interact_with_crafting_table":2,"minecraft:fly_one_cm":8804,"minecraft:open_chest":2,"minecraft:crouch_one_cm":4488,"minecraft:play_time":17570,"minecraft:deaths":5,"minecraft:sneak_time":1680,"minecraft:walk_under_water_one_cm":573,"minecraft:jump":214,"minecraft:leave_game":1,"minecraft:time_since_death":3013,"minecraft:walk_on_water_one_cm":3916,"minecraft:climb_one_cm":3150,"minecraft:total_world_time":17570,"minecraft:fall_one_cm":8839},"minecraft:dropped":{"minecraft:iron_helmet":1,"minecraft:rotten_flesh":2}},"DataVersion":3465}