{"stats":{"minecraft:killed_by":{"minecraft:piglin_brute":1,"minecraft:pillager":1,"minecraft:zombie":7,"minecraft:guardian":2,"minecraft:wither_skeleton":2,"minecraft:creeper":4,"minecraft:piglin":1,"minecraft:blaze":2,"minecraft:player":9,"minecraft:enderman":2,"minecraft:iron_golem":1,"minecraft:skeleton":6},"minecraft:broken":{"minecraft:golden_boots":1,"minecraft:wooden_shovel":1,"minecraft:wooden_sword":1,"minecraft:stone_hoe":1,"minecraft:shield":3,"minecraft:iron_axe":2,"minecraft:iron_pickaxe":10,"minecraft:golden_helmet":1,"minecraft:iron_shovel":2,"minecraft:stone_pickaxe":6,"minecraft:stone_axe":1,"minecraft:wooden_axe":1,"minecraft:stone_shovel":1},"minecraft:picked_up":{"minecraft:iron_chestplate":11,"minecraft:flower_pot":9,"minecraft:anvil":15,"minecraft:suspicious_stew":7,"minecraft:smithing_table":3,"minecraft:diamond_sword":14,"minecraft:enchanted_book":6,"minecraft:brewing_stand":15,"minecraft:golden_sword":1,"minecraft:amethyst_block":267,"minecraft:string":88,"minecraft:pufferfish":1,"minecraft:diamond_leggings":4,"minecraft:gold_nugget":194,"minecraft:cobbled_deepslate":1747,"minecraft:spruce_planks":652,"minecraft:netherite_upgrade_smithing_template":2,"minecraft:hopper_minecart":27,"minecraft:enchanted_golden_apple":2,"minecraft:melon_slice":75,"minecraft:coal_block":21,"minecraft:golden_helmet":1,"minecraft:composter":5,"minecraft:acacia_log":18,"minecraft:bamboo_slab":1,"minecraft:cherry_log":98,"minecraft:golden_chestplate":3,"minecraft:orange_bed":4,"minecraft:bamboo_block":295,"minecraft:stone_sword":2,"minecraft:iron_block":136,"minecraft:glowstone":14,"minecraft:blaze_rod":34,"minecraft:birch_log":16,"minecraft:magma_block":5,"minecraft:feather":52,"minecraft:cooked_beef":239,"minecraft:water_bucket":7,"minecraft:iron_door":3,"minecraft:medium_amethyst_bud":6,"minecraft:jungle_log":4,"minecraft:copper_block":42,"minecraft:flint":11,"minecraft:twisting_vines":10,"minecraft:stripped_bamboo_block":30,"minecraft:chipped_anvil":3,"minecraft:large_amethyst_bud":2,"minecraft:stonecutter":3,"minecraft:honeycomb":18,"minecraft:stripped_spruce_log":9,"minecraft:ink_sac":21,"minecraft:iron_hoe":3,"minecraft:polished_andesite":94,"minecraft:deepslate":19,"minecraft:lever":20,"minecraft:deepslate_gold_ore":16,"minecraft:granite":81,"minecraft:chainmail_helmet":1,"minecraft:golden_horse_armor":2,"minecraft:bread":19,"minecraft:cherry_slab":10,"minecraft:diamond_pickaxe":38,"minecraft:mud":1,"minecraft:crafting_table":55,"minecraft:bee_nest":26,"minecraft:nether_wart":15,"minecraft:clay_ball":72,"minecraft:redstone_lamp":77,"minecraft:stripped_cherry_log":7,"minecraft:cornflower":6,"minecraft:flint_and_steel":11,"minecraft:white_carpet":10,"minecraft:compass":1,"minecraft:iron_shovel":10,"minecraft:cracked_stone_bricks":1,"minecraft:beef":179,"minecraft:poppy":58,"minecraft:spruce_slab":43,"minecraft:minecart":9,"minecraft:chest":87,"minecraft:birch_sapling":2,"minecraft:piston":246,"minecraft:diamond_hoe":2,"minecraft:egg":12,"minecraft:copper_ore":42,"minecraft:sandstone":2,"minecraft:stone":258,"minecraft:spruce_fence":8,"minecraft:amethyst_cluster":4,"minecraft:fire_charge":1,"minecraft:carrot":224,"minecraft:redstone":1205,"minecraft:jungle_sign":5,"minecraft:diamond_chestplate":10,"minecraft:stone_shovel":1,"minecraft:beetroot_seeds":10,"minecraft:decorated_pot":1,"minecraft:deepslate_bricks":80,"minecraft:shears":1,"minecraft:diamond_boots":3,"minecraft:hay_block":48,"minecraft:gold_ingot":10,"minecraft:mutton":90,"minecraft:rail":100,"minecraft:white_wool":150,"minecraft:bone_block":64,"minecraft:oxeye_daisy":4,"minecraft:lapis_ore":3,"minecraft:stripped_oak_log":5,"minecraft:lime_bed":2,"minecraft:clock":16,"minecraft:red_mushroom":28,"minecraft:filled_map":4,"minecraft:oak_log":305,"minecraft:ancient_debris":1,"minecraft:lily_pad":10,"minecraft:golden_boots":7,"minecraft:blue_bed":5,"minecraft:paper":10,"minecraft:white_banner":4,"minecraft:stone_bricks":512,"minecraft:apple":9,"minecraft:kelp":111,"minecraft:pufferfish_bucket":3,"minecraft:stone_pickaxe":4,"minecraft:iron_ore":20,"minecraft:cobweb":216,"minecraft:glass_bottle":1,"minecraft:iron_sword":12,"minecraft:polished_andesite_stairs":15,"minecraft:smooth_basalt":9,"minecraft:milk_bucket":4,"minecraft:sweet_berries":144,"minecraft:spyglass":2,"minecraft:gravel":115,"minecraft:small_amethyst_bud":14,"minecraft:spruce_sapling":439,"minecraft:spruce_log":2382,"minecraft:crying_obsidian":4,"minecraft:leather_helmet":1,"minecraft:purple_bed":2,"minecraft:coal_ore":77,"minecraft:stone_axe":8,"minecraft:polished_diorite":17,"minecraft:deepslate_redstone_ore":23,"minecraft:diamond_axe":6,"minecraft:gray_wool":3,"minecraft:warped_roots":1,"minecraft:melon_seeds":2,"minecraft:mangrove_propagule":9,"minecraft:hopper":51,"minecraft:ender_pearl":1,"minecraft:wheat":36,"minecraft:redstone_block":109,"minecraft:ender_chest":1,"minecraft:stone_brick_stairs":18,"minecraft:lapis_block":87,"minecraft:raw_copper":726,"minecraft:deepslate_lapis_ore":9,"minecraft:iron_leggings":11,"minecraft:oak_sign":2,"minecraft:activator_rail":7,"minecraft:comparator":12,"minecraft:bucket":7,"minecraft:redstone_torch":85,"minecraft:cobblestone_slab":8,"minecraft:calcite":285,"minecraft:iron_pickaxe":16,"minecraft:deepslate_iron_ore":32,"minecraft:iron_boots":9,"minecraft:furnace":48,"minecraft:stick":544,"minecraft:deepslate_brick_wall":1,"minecraft:oak_fence":1,"minecraft:torch":461,"minecraft:spruce_stairs":8,"minecraft:porkchop":69,"minecraft:snow_block":3,"minecraft:pointed_dripstone":33,"minecraft:diorite":2144,"minecraft:rotten_flesh":350,"minecraft:deepslate_copper_ore":7,"minecraft:obsidian":94,"minecraft:cobblestone":3214,"minecraft:enchanting_table":11,"minecraft:pink_petals":4,"minecraft:magma_cream":6,"minecraft:repeater":232,"minecraft:cherry_planks":10,"minecraft:andesite":126,"minecraft:beacon":6,"minecraft:potato":30,"minecraft:tuff":130,"minecraft:wither_skeleton_skull":1,"minecraft:dirt":3491,"minecraft:lapis_lazuli":708,"minecraft:name_tag":5,"minecraft:glass":148,"minecraft:bone":173,"minecraft:acacia_planks":3,"minecraft:bow":7,"minecraft:wheat_seeds":136,"minecraft:raw_gold":61,"minecraft:deepslate_brick_slab":54,"minecraft:bell":9,"minecraft:grindstone":1,"minecraft:fletching_table":25,"minecraft:bamboo":875,"minecraft:powered_rail":37,"minecraft:oak_planks":108,"minecraft:stone_hoe":5,"minecraft:cooked_porkchop":120,"minecraft:jungle_planks":5,"minecraft:sand":344,"minecraft:cyan_bed":2,"minecraft:diamond":34,"minecraft:spruce_boat":3,"minecraft:cracked_polished_blackstone_bricks":3,"minecraft:cherry_wood":2,"minecraft:crossbow":2,"minecraft:bone_meal":23,"minecraft:golden_apple":2,"minecraft:spruce_sign":23,"minecraft:emerald":16,"minecraft:nether_star":1,"minecraft:oak_sapling":137,"minecraft:oak_leaves":4,"minecraft:netherrack":1527,"minecraft:charcoal":4,"minecraft:fishing_rod":4,"minecraft:cocoa_beans":7,"minecraft:azure_bluet":2,"minecraft:chicken":9,"minecraft:ladder":3,"minecraft:packed_ice":664,"minecraft:brown_mushroom":67,"minecraft:stone_brick_wall":1,"minecraft:gold_block":84,"minecraft:chain":3,"minecraft:shield":15,"minecraft:brick":62,"minecraft:iron_axe":7,"minecraft:item_frame":3,"minecraft:blackstone":13,"minecraft:oak_boat":36,"minecraft:player_head":48,"minecraft:observer":143,"minecraft:light_gray_wool":7,"minecraft:lectern":95,"minecraft:sugar_cane":623,"minecraft:cherry_trapdoor":2,"minecraft:spruce_trapdoor":81,"minecraft:phantom_membrane":4,"minecraft:dark_oak_sapling":1,"minecraft:raw_iron":276,"minecraft:cherry_stairs":15,"minecraft:copper_ingot":26,"minecraft:bowl":78,"minecraft:note_block":31,"minecraft:polished_blackstone_bricks":6,"minecraft:stone_button":8,"minecraft:iron_horse_armor":1,"minecraft:dark_oak_planks":1,"minecraft:arrow":245,"minecraft:saddle":4,"minecraft:jungle_boat":4,"minecraft:basalt":492,"minecraft:glow_ink_sac":4,"minecraft:salmon":2,"minecraft:leather":136,"minecraft:birch_planks":35,"minecraft:ice":3,"minecraft:chainmail_chestplate":3,"minecraft:gunpowder":84,"minecraft:nether_wart_block":1,"minecraft:yellow_bed":2,"minecraft:cobblestone_wall":51,"minecraft:cobblestone_stairs":93,"minecraft:cooked_mutton":81,"minecraft:coast_armor_trim_smithing_template":4,"minecraft:iron_ingot":167,"minecraft:cooked_chicken":5,"minecraft:acacia_sapling":3,"minecraft:soul_sand":3,"minecraft:book":222,"minecraft:birch_boat":14,"minecraft:bamboo_planks":17,"minecraft:emerald_block":38,"minecraft:pumpkin":38,"minecraft:stone_brick_slab":15,"minecraft:quartz":403,"minecraft:dandelion":73,"minecraft:dripstone_block":7,"minecraft:amethyst_shard":4,"minecraft:white_bed":38,"minecraft:spider_eye":12,"minecraft:spruce_door":3,"minecraft:brick_slab":6,"minecraft:iron_helmet":12,"minecraft:cherry_sapling":39,"minecraft:black_wool":4,"minecraft:damaged_anvil":1,"minecraft:coal":767},"minecraft:crafted":{"minecraft:black_dye":1,"minecraft:blaze_powder":28,"minecraft:birch_boat":2,"minecraft:chain":9,"minecraft:lever":2,"minecraft:bookshelf":53,"minecraft:cooked_mutton":31,"minecraft:glass":160,"minecraft:diamond_helmet":1,"minecraft:repeater":15,"minecraft:diamond_leggings":1,"minecraft:melon_seeds":10,"minecraft:decorated_pot":3,"minecraft:iron_door":6,"minecraft:name_tag":1,"minecraft:flower_pot":4,"minecraft:glass_bottle":24,"minecraft:redstone_lamp":13,"minecraft:wooden_shovel":1,"minecraft:emerald":838,"minecraft:cooked_porkchop":47,"minecraft:diamond_axe":2,"minecraft:polished_andesite_stairs":40,"minecraft:jungle_boat":1,"minecraft:raw_gold_block":4,"minecraft:copper_ingot":379,"minecraft:fletching_table":4,"minecraft:stone_brick_stairs":45,"minecraft:iron_pickaxe":17,"minecraft:iron_block":116,"minecraft:gold_ingot":107,"minecraft:composter":1,"minecraft:fire_charge":3,"minecraft:stone_shovel":1,"minecraft:iron_nugget":63,"minecraft:diamond_hoe":3,"minecraft:bone_meal":417,"minecraft:spruce_fence":3,"minecraft:white_carpet":3,"minecraft:lantern":5,"minecraft:polished_diorite":24,"minecraft:ladder":21,"minecraft:spruce_slab":102,"minecraft:cherry_stairs":216,"minecraft:stone_pickaxe":17,"minecraft:diamond_boots":1,"minecraft:spruce_boat":1,"minecraft:redstone_block":54,"minecraft:brick_slab":16,"minecraft:wheat":351,"minecraft:coal_block":26,"minecraft:firework_star":7,"minecraft:crossbow":1,"minecraft:enchanted_book":40,"minecraft:golden_apple":3,"minecraft:fermented_spider_eye":3,"minecraft:wooden_axe":1,"minecraft:iron_shovel":8,"minecraft:iron_leggings":4,"minecraft:white_bed":8,"minecraft:note_block":5,"minecraft:brick":64,"minecraft:oak_planks":1104,"minecraft:cobblestone_slab":64,"minecraft:cherry_slab":12,"minecraft:stone":52,"minecraft:cobblestone_stairs":64,"minecraft:suspicious_stew":20,"minecraft:bamboo_block":399,"minecraft:hopper":27,"minecraft:stone_brick_slab":2,"minecraft:iron_boots":4,"minecraft:raw_copper":360,"minecraft:comparator":2,"minecraft:chest":77,"minecraft:oak_button":1,"minecraft:copper_block":42,"minecraft:rail":80,"minecraft:bricks":8,"minecraft:stone_hoe":2,"minecraft:stone_bricks":180,"minecraft:golden_boots":2,"minecraft:raw_iron_block":17,"minecraft:magma_block":1,"minecraft:item_frame":1,"minecraft:arrow":104,"minecraft:crafting_table":32,"minecraft:spruce_planks":8369,"minecraft:wooden_pickaxe":2,"minecraft:baked_potato":5,"minecraft:iron_helmet":6,"minecraft:gold_block":7,"minecraft:hopper_minecart":3,"minecraft:birch_planks":52,"minecraft:spruce_trapdoor":24,"minecraft:iron_chestplate":15,"minecraft:book":73,"minecraft:paper":252,"minecraft:diamond_pickaxe":2,"minecraft:charcoal":13,"minecraft:emerald_block":38,"minecraft:shield":11,"minecraft:stick":15501,"minecraft:iron_ingot":457,"minecraft:stone_sword":4,"minecraft:snow_block":4,"minecraft:redstone_torch":65,"minecraft:shears":2,"minecraft:polished_andesite":44,"minecraft:cherry_planks":369,"minecraft:wooden_sword":4,"minecraft:redstone":243,"minecraft:raw_iron":153,"minecraft:tripwire_hook":2,"minecraft:spruce_button":17,"minecraft:furnace":32,"minecraft:stone_button":12,"minecraft:piston":32,"minecraft:enchanted_golden_apple":1,"minecraft:raw_copper_block":40,"minecraft:flint_and_steel":2,"minecraft:iron_axe":8,"minecraft:iron_hoe":2,"minecraft:cobblestone_wall":60,"minecraft:observer":30,"minecraft:minecart":3,"minecraft:cooked_beef":58,"minecraft:sugar":1,"minecraft:red_dye":27,"minecraft:bone_block":9,"minecraft:diamond_sword":2,"minecraft:spruce_sign":33,"minecraft:powered_rail":24,"minecraft:activator_rail":6,"minecraft:iron_sword":8,"minecraft:bowl":56,"minecraft:bucket":14,"minecraft:stone_axe":6,"minecraft:bread":118,"minecraft:acacia_boat":2,"minecraft:jungle_planks":36,"minecraft:oak_boat":4,"minecraft:raw_gold":36,"minecraft:stonecutter":1,"minecraft:anvil":2,"minecraft:acacia_planks":72,"minecraft:torch":712,"minecraft:lapis_lazuli":9,"minecraft:lapis_block":63,"minecraft:diamond_chestplate":2,"minecraft:firework_rocket":3},"minecraft:killed":{"minecraft:skeleton":39,"minecraft:chicken":6,"minecraft:magma_cube":6,"minecraft:salmon":2,"minecraft:iron_golem":2,"minecraft:pillager":21,"minecraft:goat":1,"minecraft:zombie":394,"minecraft:glow_squid":2,"minecraft:cow":90,"minecraft:vindicator":4,"minecraft:horse":1,"minecraft:enderman":3,"minecraft:spider":15,"minecraft:wither":1,"minecraft:wolf":1,"minecraft:piglin":1,"minecraft:pig":48,"minecraft:zombie_villager":2,"minecraft:creeper":31,"minecraft:sheep":53,"minecraft:blaze":13,"minecraft:phantom":3,"minecraft:drowned":3,"minecraft:bat":1,"minecraft:squid":3,"minecraft:wither_skeleton":8,"minecraft:player":4,"minecraft:villager":6},"minecraft:mined":{"minecraft:dark_oak_planks":1,"minecraft:white_bed":30,"minecraft:cherry_log":91,"minecraft:jungle_leaves":4,"minecraft:obsidian":59,"minecraft:granite":78,"minecraft:acacia_log":18,"minecraft:yellow_carpet":4,"minecraft:jungle_log":4,"minecraft:deepslate_bricks":20,"minecraft:coal_block":1,"minecraft:bamboo_block":39,"minecraft:hopper":16,"minecraft:oxeye_daisy":4,"minecraft:polished_blackstone_bricks":6,"minecraft:tall_seagrass":9,"minecraft:magma_block":6,"minecraft:cobbled_deepslate":50,"minecraft:fire":81,"minecraft:pumpkin":16,"minecraft:deepslate_lapis_ore":31,"minecraft:fletching_table":24,"minecraft:enchanting_table":8,"minecraft:twisting_vines":6,"minecraft:dirt_path":126,"minecraft:small_amethyst_bud":8,"minecraft:stripped_bamboo_block":16,"minecraft:iron_block":46,"minecraft:player_head":11,"minecraft:orange_bed":4,"minecraft:piston_head":1,"minecraft:brown_mushroom":12,"minecraft:potted_brown_mushroom":1,"minecraft:kelp_plant":14,"minecraft:player_wall_head":6,"minecraft:crimson_nylium":18,"minecraft:soul_fire":3,"minecraft:amethyst_cluster":3,"minecraft:powder_snow":30,"minecraft:torch":29,"minecraft:note_block":1,"minecraft:polished_andesite_stairs":9,"minecraft:melon":2,"minecraft:spruce_wall_sign":10,"minecraft:glass":65,"minecraft:cyan_bed":3,"minecraft:sugar_cane":197,"minecraft:damaged_anvil":1,"minecraft:spruce_sign":2,"minecraft:amethyst_block":117,"minecraft:cherry_slab":1,"minecraft:chain":3,"minecraft:repeater":105,"minecraft:bamboo_planks":7,"minecraft:potted_poppy":1,"minecraft:stone_brick_stairs":18,"minecraft:grass":285,"minecraft:smooth_basalt":9,"minecraft:red_mushroom_block":90,"minecraft:stonecutter":3,"minecraft:piston":113,"minecraft:deepslate":1071,"minecraft:jungle_planks":4,"minecraft:redstone_wire":474,"minecraft:kelp":7,"minecraft:red_mushroom":3,"minecraft:andesite":108,"minecraft:vine":4,"minecraft:rail":55,"minecraft:bamboo_sapling":17,"minecraft:bamboo":55,"minecraft:bone_block":1,"minecraft:white_wool":5,"minecraft:ender_chest":1,"minecraft:smithing_table":3,"minecraft:redstone_block":27,"minecraft:glass_pane":7,"minecraft:cherry_planks":2,"minecraft:soul_sand":1,"minecraft:brown_stained_glass_pane":1,"minecraft:stone_brick_slab":7,"minecraft:observer":51,"minecraft:dandelion":38,"minecraft:cornflower":4,"minecraft:emerald_ore":1,"minecraft:warped_roots":2,"minecraft:tall_grass":6,"minecraft:copper_ore":101,"minecraft:deepslate_gold_ore":58,"minecraft:diorite":650,"minecraft:warped_wart_block":1,"minecraft:purple_bed":2,"minecraft:cobblestone_wall":2,"minecraft:spruce_log":2197,"minecraft:birch_leaves":9,"minecraft:dripstone_block":4,"minecraft:gravel":64,"minecraft:cobweb":65,"minecraft:stone_bricks":291,"minecraft:chipped_anvil":3,"minecraft:gold_ore":8,"minecraft:fern":25,"minecraft:large_amethyst_bud":1,"minecraft:spruce_planks":71,"minecraft:oak_sapling":1,"minecraft:cobblestone_stairs":5,"minecraft:brewing_stand":10,"minecraft:spruce_trapdoor":10,"minecraft:cherry_trapdoor":2,"minecraft:budding_amethyst":12,"minecraft:grass_block":709,"minecraft:cracked_polished_blackstone_bricks":3,"minecraft:polished_diorite":14,"minecraft:composter":1,"minecraft:iron_ore":139,"minecraft:anvil":12,"minecraft:azure_bluet":1,"minecraft:pointed_dripstone":14,"minecraft:spruce_slab":5,"minecraft:deepslate_redstone_ore":103,"minecraft:blackstone":13,"minecraft:twisting_vines_plant":10,"minecraft:medium_amethyst_bud":2,"minecraft:clay":16,"minecraft:calcite":161,"minecraft:poppy":5,"minecraft:beacon":6,"minecraft:chest":79,"minecraft:mushroom_stem":13,"minecraft:nether_quartz_ore":99,"minecraft:cobblestone":883,"minecraft:grindstone":1,"minecraft:oak_planks":24,"minecraft:iron_door":3,"minecraft:wall_torch":83,"minecraft:deepslate_copper_ore":15,"minecraft:pink_petals":2,"minecraft:seagrass":4,"minecraft:warped_nylium":18,"minecraft:powered_rail":25,"minecraft:lapis_block":15,"minecraft:birch_log":16,"minecraft:activator_rail":7,"minecraft:oak_log":308,"minecraft:sand":321,"minecraft:dirt":847,"minecraft:netherrack":996,"minecraft:oak_leaves":136,"minecraft:redstone_lamp":31,"minecraft:emerald_block":3,"minecraft:nether_gold_ore":31,"minecraft:crying_obsidian":1,"minecraft:tuff":59,"minecraft:dark_oak_leaves":3,"minecraft:deepslate_diamond_ore":20,"minecraft:stripped_cherry_log":7,"minecraft:ladder":7,"minecraft:glow_lichen":1,"minecraft:lever":17,"minecraft:chiseled_bookshelf":1,"minecraft:stone_button":3,"minecraft:decorated_pot":1,"minecraft:weeping_vines":1,"minecraft:brown_mushroom_block":45,"minecraft:spruce_leaves":203,"minecraft:sandstone":2,"minecraft:large_fern":9,"minecraft:hay_block":39,"minecraft:deepslate_brick_slab":2,"minecraft:furnace":39,"minecraft:spruce_sapling":2,"minecraft:carrots":94,"minecraft:stripped_spruce_log":6,"minecraft:gold_block":49,"minecraft:bell":6,"minecraft:bookshelf":42,"minecraft:deepslate_iron_ore":79,"minecraft:stripped_oak_log":8,"minecraft:packed_ice":361,"minecraft:stone":3786,"minecraft:cherry_stairs":10,"minecraft:redstone_wall_torch":16,"minecraft:podzol":3,"minecraft:acacia_leaves":15,"minecraft:basalt":266,"minecraft:spruce_door":1,"minecraft:crafting_table":51,"minecraft:lectern":91,"minecraft:lapis_ore":25,"minecraft:lily_pad":1,"minecraft:blue_bed":5,"minecraft:lime_bed":3,"minecraft:brick_slab":4,"minecraft:redstone_torch":24,"minecraft:sweet_berry_bush":61,"minecraft:ice":8,"minecraft:bee_nest":18,"minecraft:yellow_bed":3,"minecraft:potted_azure_bluet":1,"minecraft:coal_ore":334,"minecraft:cherry_leaves":16,"minecraft:flower_pot":4,"minecraft:cracked_stone_bricks":1,"minecraft:polished_andesite":3},"minecraft:used":{"minecraft:spruce_slab":44,"minecraft:ladder":18,"minecraft:poppy":3,"minecraft:chest":115,"minecraft:stone":52,"minecraft:rotten_flesh":71,"minecraft:soul_sand":1,"minecraft:brick_slab":9,"minecraft:deepslate_brick_slab":2,"minecraft:azure_bluet":2,"minecraft:stripped_spruce_log":1,"minecraft:spruce_boat":1,"minecraft:packed_ice":26,"minecraft:lava_bucket":31,"minecraft:deepslate_copper_ore":7,"minecraft:polished_andesite_stairs":43,"minecraft:quartz_block":56,"minecraft:copper_ore":41,"minecraft:stone_brick_stairs":53,"minecraft:bow":48,"minecraft:sweet_berries":110,"minecraft:oak_sapling":45,"minecraft:furnace":49,"minecraft:egg":9,"minecraft:potato":17,"minecraft:diorite":26,"minecraft:damaged_anvil":1,"minecraft:powered_rail":33,"minecraft:blackstone":7,"minecraft:lily_pad":11,"minecraft:wooden_pickaxe":47,"minecraft:composter":1,"minecraft:jungle_boat":4,"minecraft:oak_leaves":3,"minecraft:golden_apple":1,"minecraft:sand":161,"minecraft:stripped_bamboo_block":2,"minecraft:deepslate_iron_ore":32,"minecraft:stone_button":14,"minecraft:lectern":88,"minecraft:coal_block":1,"minecraft:nether_wart_block":1,"minecraft:diamond_sword":1039,"minecraft:fire_charge":4,"minecraft:wooden_sword":81,"minecraft:smithing_table":2,"minecraft:ice":3,"minecraft:oak_boat":32,"minecraft:enchanting_table":7,"minecraft:stone_sword":114,"minecraft:netherrack":582,"minecraft:orange_bed":4,"minecraft:torch":654,"minecraft:brewing_stand":9,"minecraft:anvil":13,"minecraft:twisting_vines":5,"minecraft:yellow_carpet":3,"minecraft:polished_diorite":36,"minecraft:chipped_anvil":2,"minecraft:iron_block":100,"minecraft:iron_axe":1488,"minecraft:cherry_slab":22,"minecraft:bamboo":271,"minecraft:diamond_chestplate":15,"minecraft:basalt":93,"minecraft:beef":15,"minecraft:observer":91,"minecraft:acacia_planks":7,"minecraft:cobbled_deepslate":266,"minecraft:cherry_log":25,"minecraft:pointed_dripstone":5,"minecraft:calcite":40,"minecraft:wheat_seeds":4,"minecraft:water_bucket":315,"minecraft:birch_planks":4,"minecraft:cherry_planks":20,"minecraft:glow_ink_sac":4,"minecraft:fletching_table":31,"minecraft:deepslate_bricks":71,"minecraft:cracked_stone_bricks":1,"minecraft:polished_blackstone_bricks":2,"minecraft:rail":92,"minecraft:crafting_table":75,"minecraft:white_bed":36,"minecraft:spruce_log":116,"minecraft:oak_log":6,"minecraft:diamond_pickaxe":6454,"minecraft:cornflower":2,"minecraft:oxeye_daisy":2,"minecraft:acacia_sign":1,"minecraft:mangrove_propagule":3,"minecraft:iron_pickaxe":3492,"minecraft:oak_button":1,"minecraft:suspicious_stew":12,"minecraft:spruce_trapdoor":10,"minecraft:spruce_sapling":79,"minecraft:enchanted_book":1,"minecraft:potion":10,"minecraft:cobblestone":2341,"minecraft:purple_bed":2,"minecraft:cooked_porkchop":58,"minecraft:porkchop":5,"minecraft:kelp":25,"minecraft:dandelion":4,"minecraft:diamond_leggings":5,"minecraft:cherry_sapling":11,"minecraft:iron_shovel":1161,"minecraft:bone_block":2,"minecraft:decorated_pot":4,"minecraft:shield":294,"minecraft:iron_sword":749,"minecraft:bell":4,"minecraft:player_head":27,"minecraft:iron_chestplate":11,"minecraft:mutton":6,"minecraft:jungle_planks":1,"minecraft:carrot":208,"minecraft:tuff":40,"minecraft:milk_bucket":5,"minecraft:obsidian":47,"minecraft:glass":143,"minecraft:coal_ore":82,"minecraft:lantern":5,"minecraft:iron_helmet":8,"minecraft:hopper_minecart":23,"minecraft:stone_bricks":406,"minecraft:item_frame":4,"minecraft:deepslate_diamond_ore":3,"minecraft:repeater":122,"minecraft:redstone_lamp":31,"minecraft:magma_block":1,"minecraft:gold_block":10,"minecraft:golden_boots":7,"minecraft:diamond_boots":3,"minecraft:wither_skeleton_skull":1,"minecraft:stone_pickaxe":1223,"minecraft:oak_planks":200,"minecraft:sandstone":2,"minecraft:redstone_block":27,"minecraft:diamond_axe":1683,"minecraft:blue_bed":5,"minecraft:sugar_cane":20,"minecraft:white_wool":11,"minecraft:deepslate_redstone_ore":23,"minecraft:crossbow":4,"minecraft:note_block":1,"minecraft:dripstone_block":2,"minecraft:stone_brick_wall":1,"minecraft:shears":73,"minecraft:deepslate_lapis_ore":7,"minecraft:redstone_torch":50,"minecraft:lever":19,"minecraft:firework_rocket":3,"minecraft:bread":113,"minecraft:iron_door":7,"minecraft:deepslate":4,"minecraft:gravel":128,"minecraft:golden_helmet":4,"minecraft:jungle_sign":3,"minecraft:pufferfish_bucket":2,"minecraft:grindstone":1,"minecraft:andesite":11,"minecraft:chain":5,"minecraft:stripped_cherry_log":2,"minecraft:tropical_fish_bucket":1,"minecraft:bone_meal":274,"minecraft:cobweb":1,"minecraft:experience_bottle":3,"minecraft:flint_and_steel":152,"minecraft:redstone":596,"minecraft:stone_shovel":72,"minecraft:spruce_planks":421,"minecraft:ender_chest":3,"minecraft:deepslate_gold_ore":16,"minecraft:wooden_shovel":59,"minecraft:stone_hoe":132,"minecraft:cooked_chicken":2,"minecraft:dirt":1725,"minecraft:white_carpet":1,"minecraft:hopper":37,"minecraft:spruce_stairs":1,"minecraft:cobblestone_wall":2,"minecraft:diamond_helmet":2,"minecraft:bee_nest":10,"minecraft:granite":5,"minecraft:golden_chestplate":1,"minecraft:salmon_bucket":1,"minecraft:spruce_fence":1,"minecraft:iron_hoe":71,"minecraft:stone_brick_slab":14,"minecraft:wooden_axe":39,"minecraft:bookshelf":53,"minecraft:cherry_trapdoor":2,"minecraft:iron_boots":11,"minecraft:light_gray_wool":1,"minecraft:golden_carrot":1,"minecraft:emerald_block":3,"minecraft:minecart":4,"minecraft:cooked_beef":117,"minecraft:enchanted_golden_apple":1,"minecraft:pumpkin":2,"minecraft:bamboo_planks":9,"minecraft:iron_leggings":9,"minecraft:cooked_mutton":29,"minecraft:acacia_boat":1,"minecraft:iron_ore":20,"minecraft:cobblestone_stairs":26,"minecraft:snow_block":4,"minecraft:glass_bottle":30,"minecraft:polished_andesite":5,"minecraft:brown_mushroom":3,"minecraft:birch_boat":15,"minecraft:spruce_sign":35,"minecraft:beacon":6,"minecraft:stonecutter":4,"minecraft:cobblestone_slab":30,"minecraft:red_mushroom":4,"minecraft:bamboo_block":165,"minecraft:apple":14,"minecraft:flower_pot":10,"minecraft:piston":164,"minecraft:activator_rail":7,"minecraft:cracked_polished_blackstone_bricks":2,"minecraft:map":2,"minecraft:lapis_ore":3,"minecraft:golden_leggings":1,"minecraft:stone_axe":308,"minecraft:pink_petals":4,"minecraft:fishing_rod":11,"minecraft:cherry_stairs":59,"minecraft:white_banner":1,"minecraft:bucket":353,"minecraft:lapis_block":15,"minecraft:splash_potion":8},"minecraft:custom":{"minecraft:interact_with_crafting_table":551,"minecraft:bell_ring":65,"minecraft:leave_game":40,"minecraft:time_since_death":460702,"minecraft:damage_blocked_by_shield":17201,"minecraft:play_time":2569100,"minecraft:deaths":62,"minecraft:jump":35271,"minecraft:enchant_item":4,"minecraft:interact_with_furnace":546,"minecraft:traded_with_villager":562,"minecraft:sleep_in_bed":134,"minecraft:damage_dealt":106161,"minecraft:inspect_dispenser":5,"minecraft:horse_one_cm":1322307,"minecraft:interact_with_smithing_table":16,"minecraft:interact_with_anvil":91,"minecraft:inspect_hopper":63,"minecraft:sneak_time":291146,"minecraft:interact_with_blast_furnace":12,"minecraft:total_world_time":2569100,"minecraft:tune_noteblock":8,"minecraft:interact_with_stonecutter":13,"minecraft:time_since_rest":12198,"minecraft:swim_one_cm":505016,"minecraft:fly_one_cm":5366197,"minecraft:open_chest":2854,"minecraft:fall_one_cm":899273,"minecraft:animals_bred":1,"minecraft:damage_resisted":147,"minecraft:sprint_one_cm":4943104,"minecraft:drop":1197,"minecraft:play_noteblock":1,"minecraft:talked_to_villager":417,"minecraft:interact_with_brewingstand":129,"minecraft:walk_on_water_one_cm":1016453,"minecraft:open_enderchest":234,"minecraft:interact_with_beacon":13,"minecraft:player_kills":6,"minecraft:crouch_one_cm":332936,"minecraft:mob_kills":802,"minecraft:climb_one_cm":79100,"minecraft:walk_one_cm":7205803,"minecraft:walk_under_water_one_cm":405003,"minecraft:boat_one_cm":2350340,"minecraft:raid_trigger":1,"minecraft:pot_flower":6,"minecraft:interact_with_grindstone":9,"minecraft:damage_taken":39114,"minecraft:damage_absorbed":154,"minecraft:minecart_one_cm":4446},"minecraft:dropped":{"minecraft:iron_sword":5,"minecraft:piston":9,"minecraft:porkchop":10,"minecraft:lapis_lazuli":15,"minecraft:cooked_beef":28,"minecraft:glass_bottle":2,"minecraft:diamond":11,"minecraft:crafting_table":2,"minecraft:cooked_porkchop":8,"minecraft:crossbow":2,"minecraft:warped_roots":1,"minecraft:saddle":2,"minecraft:leather_helmet":1,"minecraft:rail":2,"minecraft:emerald":52,"minecraft:gold_block":2,"minecraft:dirt":145,"minecraft:bone_meal":4,"minecraft:sand":10,"minecraft:iron_pickaxe":9,"minecraft:dark_oak_planks":1,"minecraft:white_wool":4,"minecraft:fishing_rod":1,"minecraft:emerald_block":34,"minecraft:sugar_cane":95,"minecraft:stone_axe":4,"minecraft:ancient_debris":1,"minecraft:iron_nugget":2,"minecraft:golden_chestplate":2,"minecraft:cobbled_deepslate":12,"minecraft:wheat":1,"minecraft:obsidian":16,"minecraft:deepslate_brick_slab":52,"minecraft:rotten_flesh":16,"minecraft:oak_planks":103,"minecraft:enchanted_golden_apple":1,"minecraft:white_bed":2,"minecraft:salmon":2,"minecraft:charcoal":4,"minecraft:acacia_sapling":2,"minecraft:spruce_slab":3,"minecraft:beef":13,"minecraft:lectern":1,"minecraft:enchanted_book":2,"minecraft:iron_ingot":39,"minecraft:golden_boots":1,"minecraft:wheat_seeds":19,"minecraft:clock":9,"minecraft:copper_block":42,"minecraft:deepslate_brick_wall":1,"minecraft:golden_horse_armor":1,"minecraft:dripstone_block":1,"minecraft:feather":5,"minecraft:book":12,"minecraft:iron_helmet":4,"minecraft:cobblestone":138,"minecraft:apple":2,"minecraft:granite":2,"minecraft:spruce_door":1,"minecraft:bamboo_block":64,"minecraft:coal":14,"minecraft:golden_apple":2,"minecraft:cobweb":56,"minecraft:gray_wool":1,"minecraft:golden_carrot":2,"minecraft:iron_shovel":2,"minecraft:paper":7,"minecraft:spruce_sapling":25,"minecraft:acacia_planks":1,"minecraft:furnace":1,"minecraft:player_head":6,"minecraft:stone_sword":2,"minecraft:bowl":5,"minecraft:diamond_hoe":3,"minecraft:chicken":1,"minecraft:iron_boots":3,"minecraft:deepslate_lapis_ore":2,"minecraft:suspicious_stew":1,"minecraft:diamond_sword":9,"minecraft:potato":2,"minecraft:stone":9,"minecraft:spruce_boat":2,"minecraft:flower_pot":2,"minecraft:spruce_trapdoor":1,"minecraft:spruce_planks":357,"minecraft:diamond_pickaxe":21,"minecraft:redstone_torch":5,"minecraft:stone_bricks":1,"minecraft:spider_eye":2,"minecraft:bamboo":102,"minecraft:bow":3,"minecraft:bell":1,"minecraft:brick_slab":1,"minecraft:black_wool":2,"minecraft:spruce_sign":7,"minecraft:soul_sand":1,"minecraft:brown_mushroom":2,"minecraft:diamond_axe":4,"minecraft:oak_log":2,"minecraft:baked_potato":5,"minecraft:nether_star":1,"minecraft:dark_oak_sapling":1,"minecraft:netherite_upgrade_smithing_template":2,"minecraft:leather":6,"minecraft:jungle_planks":3,"minecraft:cornflower":2,"minecraft:coast_armor_trim_smithing_template":1,"minecraft:jungle_sign":1,"minecraft:gold_ingot":9,"minecraft:gravel":2,"minecraft:pointed_dripstone":1,"minecraft:cherry_sapling":1,"minecraft:carrot":10,"minecraft:chainmail_chestplate":2,"minecraft:gunpowder":8,"minecraft:melon_seeds":2,"minecraft:glowstone":1,"minecraft:chest":2,"minecraft:bee_nest":2,"minecraft:arrow":13,"minecraft:powered_rail":4,"minecraft:quartz":15,"minecraft:netherrack":51,"minecraft:oak_leaves":1,"minecraft:enchanting_table":1,"minecraft:stone_hoe":3,"minecraft:water_bucket":3,"minecraft:bread":34,"minecraft:golden_helmet":1,"minecraft:hopper_minecart":3,"minecraft:copper_ingot":4,"minecraft:spruce_stairs":4,"minecraft:stick":510,"minecraft:iron_block":29,"minecraft:milk_bucket":7,"minecraft:diorite":1028,"minecraft:torch":127,"minecraft:repeater":1,"minecraft:melon_slice":65,"minecraft:fire_charge":1,"minecraft:iron_leggings":4,"minecraft:iron_axe":3,"minecraft:bucket":4,"minecraft:smooth_basalt":9,"minecraft:redstone_block":26,"minecraft:dandelion":10,"minecraft:lapis_block":46,"minecraft:redstone":47,"minecraft:anvil":1,"minecraft:sweet_berries":25,"minecraft:kelp":2,"minecraft:raw_copper":14,"minecraft:tuff":4,"minecraft:raw_iron":1,"minecraft:light_gray_wool":2,"minecraft:flint_and_steel":7,"minecraft:deepslate_bricks":60,"minecraft:filled_map":3,"minecraft:diamond_chestplate":5,"minecraft:iron_chestplate":13,"minecraft:andesite":3,"minecraft:golden_leggings":1,"minecraft:oak_boat":1,"minecraft:oak_sapling":12,"minecraft:golden_sword":1,"minecraft:diamond_boots":1,"minecraft:spruce_log":49,"minecraft:wooden_pickaxe":1}},"DataVersion":3465}