{"stats":{"minecraft:killed_by":{"minecraft:player":2,"minecraft:skeleton":7,"minecraft:creeper":1,"minecraft:zombie":1},"minecraft:picked_up":{"minecraft:charcoal":2,"minecraft:chicken":1,"minecraft:crafting_table":3,"minecraft:wheat":5,"minecraft:salmon":6,"minecraft:water_bucket":1,"minecraft:andesite":2,"minecraft:brown_wool":1,"minecraft:acacia_wood":2,"minecraft:oak_stairs":212,"minecraft:tuff":61,"minecraft:oak_log":9,"minecraft:amethyst_block":40,"minecraft:string":2,"minecraft:dirt":23,"minecraft:white_banner":1,"minecraft:iron_axe":1,"minecraft:oak_sign":1,"minecraft:wheat_seeds":42,"minecraft:cobbled_deepslate":364,"minecraft:stone_pickaxe":1,"minecraft:calcite":5,"minecraft:player_head":11,"minecraft:iron_pickaxe":6,"minecraft:melon_slice":9,"minecraft:iron_sword":3,"minecraft:furnace":2,"minecraft:egg":2,"minecraft:stick":72,"minecraft:smooth_basalt":1,"minecraft:stone":16,"minecraft:oak_door":1,"minecraft:pumpkin":3,"minecraft:composter":1,"minecraft:torch":55,"minecraft:acacia_log":8,"minecraft:porkchop":1,"minecraft:amethyst_shard":2,"minecraft:white_bed":1,"minecraft:redstone":64,"minecraft:golden_chestplate":1,"minecraft:stone_sword":3,"minecraft:arrow":15,"minecraft:rotten_flesh":5,"minecraft:diamond":2,"minecraft:deepslate":144,"minecraft:diamond_boots":1,"minecraft:cherry_sapling":8,"minecraft:bread":3,"minecraft:black_wool":1,"minecraft:oak_sapling":15,"minecraft:melon_seeds":3,"minecraft:netherrack":5,"minecraft:glow_berries":1,"minecraft:mutton":5,"minecraft:white_wool":1,"minecraft:cobblestone":61},"minecraft:custom":{"minecraft:interact_with_furnace":18,"minecraft:mob_kills":17,"minecraft:interact_with_crafting_table":7,"minecraft:leave_game":22,"minecraft:time_since_death":23892,"minecraft:sleep_in_bed":1,"minecraft:climb_one_cm":1220,"minecraft:time_since_rest":23912,"minecraft:sprint_one_cm":445066,"minecraft:damage_taken":5282,"minecraft:walk_one_cm":542369,"minecraft:drop":3,"minecraft:damage_dealt":931,"minecraft:swim_one_cm":72202,"minecraft:fly_one_cm":361553,"minecraft:open_chest":33,"minecraft:crouch_one_cm":15176,"minecraft:play_time":195063,"minecraft:deaths":19,"minecraft:sneak_time":16952,"minecraft:walk_under_water_one_cm":17398,"minecraft:jump":2433,"minecraft:walk_on_water_one_cm":40579,"minecraft:total_world_time":195063,"minecraft:fall_one_cm":78513},"minecraft:used":{"minecraft:wheat_seeds":6,"minecraft:cherry_sapling":2,"minecraft:stone_sword":1,"minecraft:stone_pickaxe":12,"minecraft:oak_sign":1,"minecraft:iron_sword":24,"minecraft:player_head":6,"minecraft:rotten_flesh":1,"minecraft:netherrack":1,"minecraft:white_wool":1,"minecraft:salmon":6,"minecraft:torch":12,"minecraft:glow_berries":1,"minecraft:dirt":11,"minecraft:mutton":5,"minecraft:crafting_table":2,"minecraft:golden_chestplate":1,"minecraft:oak_log":6,"minecraft:black_wool":1,"minecraft:chicken":1,"minecraft:brown_wool":1,"minecraft:iron_axe":1,"minecraft:bread":2,"minecraft:melon_slice":6,"minecraft:iron_pickaxe":60,"minecraft:cobblestone":8,"minecraft:magma_block":2,"minecraft:porkchop":1,"minecraft:andesite":2,"minecraft:egg":1,"minecraft:cobbled_deepslate":86},"minecraft:crafted":{"minecraft:oak_planks":12,"minecraft:deepslate":48,"minecraft:diamond_sword":1,"minecraft:oak_sign":3,"minecraft:crafting_table":1,"minecraft:spyglass":1,"minecraft:copper_ingot":2,"minecraft:stone":8,"minecraft:bucket":1,"minecraft:iron_hoe":1,"minecraft:stick":4,"minecraft:iron_ingot":10,"minecraft:iron_pickaxe":1,"minecraft:stone_sword":1,"minecraft:torch":8,"minecraft:shears":1},"minecraft:mined":{"minecraft:farmland":1,"minecraft:white_bed":1,"minecraft:oak_sapling":1,"minecraft:glass_pane":2,"minecraft:player_wall_head":4,"minecraft:cherry_sapling":8,"minecraft:crafting_table":2,"minecraft:torch":17,"minecraft:acacia_log":8,"minecraft:grass_block":14,"minecraft:calcite":3,"minecraft:melon":4,"minecraft:campfire":1,"minecraft:cobblestone":3,"minecraft:oak_wall_sign":1,"minecraft:wall_torch":16,"minecraft:amethyst_block":42,"minecraft:seagrass":2,"minecraft:magma_block":1,"minecraft:furnace":1,"minecraft:wheat":8,"minecraft:cobbled_deepslate":5,"minecraft:acacia_wood":2,"minecraft:pumpkin":3,"minecraft:grass":14,"minecraft:oak_log":3,"minecraft:deepslate_iron_ore":1,"minecraft:dirt":7,"minecraft:netherrack":6,"minecraft:deepslate":2},"minecraft:dropped":{"minecraft:player_head":1,"minecraft:rotten_flesh":2,"minecraft:melon_seeds":8},"minecraft:killed":{"minecraft:pig":1,"minecraft:salmon":12,"minecraft:sheep":3,"minecraft:chicken":1}},"DataVersion":3465}