{"stats":{"minecraft:killed_by":{"minecraft:creeper":1,"minecraft:player":3,"minecraft:skeleton":2,"minecraft:guardian":4},"minecraft:picked_up":{"minecraft:wheat":41,"minecraft:chainmail_boots":13,"minecraft:smithing_table":1,"minecraft:lead":4,"minecraft:potion":3,"betterend:tenanea_bark":331,"minecraft:stone_brick_stairs":3,"minecraft:string":9,"minecraft:raw_copper":3,"minecraft:iron_leggings":2,"minecraft:diamond_leggings":8,"minecraft:gold_nugget":35,"minecraft:cobbled_deepslate":135,"minecraft:bucket":9,"minecraft:spruce_planks":16,"minecraft:azalea":1,"minecraft:iron_pickaxe":6,"minecraft:melon_slice":81,"minecraft:iron_boots":2,"minecraft:furnace":1,"minecraft:golden_helmet":3,"minecraft:stick":328,"minecraft:torch":11,"minecraft:spruce_stairs":4,"minecraft:porkchop":3,"minecraft:cherry_log":538,"minecraft:diorite":1,"betterend:tenanea_sapling":99,"minecraft:golden_chestplate":19,"minecraft:stone_sword":17,"minecraft:cactus":3,"minecraft:rotten_flesh":78,"create:track":2,"minecraft:iron_block":3,"minecraft:obsidian":1,"minecraft:snowball":1248,"minecraft:cobblestone":17,"minecraft:feather":1,"minecraft:cherry_planks":3,"minecraft:cherry_leaves":1272,"minecraft:water_bucket":9,"minecraft:jungle_log":3,"minecraft:golden_leggings":10,"minecraft:flint":6,"minecraft:cherry_fence":131,"minecraft:lapis_lazuli":4,"minecraft:dirt":736,"minecraft:bone":75,"minecraft:bow":21,"minecraft:wheat_seeds":323,"create:goggles":1,"minecraft:diamond_helmet":8,"minecraft:rabbit":4,"minecraft:bamboo":748,"minecraft:moss_block":31,"minecraft:oak_planks":8,"minecraft:cooked_porkchop":7,"minecraft:sand":17,"minecraft:stripped_spruce_log":3,"minecraft:ink_sac":3,"minecraft:cyan_bed":1,"minecraft:dark_oak_log":7,"betterend:pink_moss":1,"minecraft:shulker_box":9,"minecraft:iron_hoe":12,"minecraft:spruce_fence_gate":1,"minecraft:diamond":5,"minecraft:spruce_boat":1,"minecraft:bone_meal":813,"minecraft:chainmail_helmet":30,"minecraft:spruce_sign":3,"minecraft:bread":32,"minecraft:emerald":66,"betterend:tenanea_leaves":1061,"minecraft:rooted_dirt":1,"minecraft:netherrack":429,"minecraft:dark_oak_fence":2,"minecraft:diamond_pickaxe":20,"minecraft:spruce_leaves":13,"minecraft:crafting_table":22,"minecraft:chicken":12,"minecraft:ladder":388,"minecraft:clay_ball":64,"minecraft:brown_mushroom":2,"minecraft:stripped_cherry_log":18,"minecraft:oak_trapdoor":1,"minecraft:moss_carpet":4,"minecraft:iron_axe":6,"minecraft:flint_and_steel":1,"minecraft:snow":37,"minecraft:beef":1,"minecraft:player_head":76,"minecraft:poppy":5,"minecraft:spruce_slab":5,"minecraft:light_gray_wool":1,"minecraft:sugar_cane":312,"minecraft:chest":3,"minecraft:cherry_trapdoor":18,"minecraft:egg":12,"minecraft:dark_oak_sapling":8,"minecraft:stone":770,"minecraft:copper_ingot":1,"minecraft:spruce_fence":103,"minecraft:fire_charge":2,"minecraft:white_dye":2,"minecraft:carrot":20,"minecraft:redstone":3,"minecraft:dark_oak_planks":6,"minecraft:cherry_fence_gate":19,"minecraft:tnt":1,"minecraft:arrow":179,"minecraft:diamond_chestplate":8,"minecraft:golden_hoe":2,"minecraft:shears":2,"minecraft:diamond_boots":8,"minecraft:gold_ingot":49,"minecraft:white_shulker_box":22,"minecraft:mutton":3,"minecraft:white_wool":6,"minecraft:emerald_ore":1,"minecraft:lime_bed":1,"minecraft:jungle_boat":5,"minecraft:basalt":1,"minecraft:golden_carrot":9,"minecraft:leather":8,"minecraft:red_mushroom":1,"minecraft:filled_map":3,"minecraft:oak_log":1,"minecraft:chainmail_chestplate":1,"minecraft:lily_pad":1,"minecraft:ancient_debris":2,"minecraft:golden_boots":2,"minecraft:yellow_bed":7,"minecraft:gunpowder":903,"minecraft:blue_bed":4,"minecraft:paper":112,"minecraft:white_banner":1,"minecraft:cooked_mutton":8,"betternether:spruce_chair":8,"minecraft:apple":65,"minecraft:stone_bricks":2,"minecraft:kelp":3,"minecraft:iron_ingot":143,"minecraft:glass_bottle":11,"minecraft:iron_sword":4,"minecraft:sweet_berries":19,"minecraft:brush":1,"minecraft:quartz":199,"minecraft:gravel":88,"minecraft:lava_bucket":4,"minecraft:spruce_sapling":69,"betterend:tenanea_chair":1,"minecraft:white_bed":2,"minecraft:spruce_log":338,"betterend:tenanea_outer_leaves":115,"minecraft:dark_oak_fence_gate":1,"minecraft:spider_eye":11,"minecraft:spruce_door":12,"minecraft:leather_helmet":3,"minecraft:firework_rocket":1352,"minecraft:diamond_shovel":2,"minecraft:coal_ore":2,"minecraft:purple_bed":2,"minecraft:chainmail_leggings":12,"minecraft:iron_helmet":1,"minecraft:cherry_sapling":102,"minecraft:baked_potato":1,"minecraft:melon_seeds":33,"minecraft:pink_dye":4},"minecraft:dropped":{"minecraft:moss_block":31,"minecraft:leather":2,"minecraft:emerald":22,"minecraft:dirt":165,"minecraft:gold_nugget":2,"minecraft:bone_meal":60,"minecraft:iron_pickaxe":2,"minecraft:dark_oak_planks":6,"minecraft:white_wool":5,"minecraft:gold_ingot":4,"minecraft:gravel":40,"minecraft:sugar_cane":2,"minecraft:ancient_debris":1,"minecraft:iron_nugget":17,"minecraft:cobbled_deepslate":1,"minecraft:obsidian":14,"minecraft:rotten_flesh":8,"minecraft:diamond_shovel":1,"minecraft:white_bed":1,"minecraft:carrot":1,"minecraft:dark_oak_fence_gate":1,"minecraft:melon_seeds":2,"minecraft:ladder":12,"minecraft:azalea":1,"minecraft:basalt":1,"minecraft:arrow":16,"minecraft:quartz":26,"minecraft:iron_ingot":20,"minecraft:water_bucket":1,"minecraft:wheat_seeds":4,"minecraft:diamond_leggings":1,"minecraft:lead":2,"minecraft:cobblestone":13,"minecraft:apple":1,"minecraft:spruce_door":1,"minecraft:stick":2,"minecraft:lava_bucket":2,"minecraft:golden_carrot":1,"betterend:diorite_pedestal":1,"minecraft:rabbit":3,"minecraft:melon_slice":1,"minecraft:diamond_helmet":1,"betterend:tenanea_leaves":190,"minecraft:golden_hoe":1,"minecraft:iron_axe":1,"minecraft:chainmail_leggings":1,"minecraft:paper":9,"minecraft:string":3,"minecraft:bucket":2,"minecraft:spruce_sapling":16,"minecraft:redstone":1,"minecraft:moss_carpet":4,"minecraft:player_head":2,"minecraft:stone_sword":1,"minecraft:light_gray_wool":1,"minecraft:iron_hoe":1,"minecraft:spruce_fence":1,"minecraft:shears":1,"minecraft:flint_and_steel":1,"minecraft:filled_map":2,"minecraft:snow":19,"minecraft:stone":512,"minecraft:diamond_chestplate":1,"minecraft:spruce_planks":4,"minecraft:diamond_pickaxe":2,"minecraft:golden_leggings":1,"minecraft:diamond_boots":1,"minecraft:bow":1,"minecraft:brick":64},"minecraft:broken":{"minecraft:shears":1,"minecraft:stone_axe":1,"minecraft:iron_sword":1,"minecraft:wooden_axe":1,"minecraft:stone_shovel":4,"minecraft:golden_chestplate":1,"minecraft:leather_helmet":1,"minecraft:golden_hoe":1,"minecraft:stone_sword":1,"minecraft:chainmail_helmet":1,"minecraft:iron_axe":1,"minecraft:iron_pickaxe":1},"minecraft:custom":{"minecraft:interact_with_crafting_table":133,"minecraft:open_shulker_box":89,"minecraft:bell_ring":41,"minecraft:leave_game":76,"minecraft:time_since_death":326112,"minecraft:sprint_one_cm":2296885,"minecraft:drop":706,"minecraft:talked_to_villager":28,"minecraft:play_time":1499485,"minecraft:deaths":33,"minecraft:jump":12569,"minecraft:walk_on_water_one_cm":140504,"minecraft:interact_with_furnace":31,"minecraft:traded_with_villager":19,"minecraft:sleep_in_bed":58,"minecraft:open_enderchest":67,"minecraft:damage_dealt":4494,"minecraft:interact_with_beacon":1,"minecraft:player_kills":1,"minecraft:crouch_one_cm":132699,"minecraft:interact_with_anvil":24,"minecraft:mob_kills":457,"minecraft:inspect_hopper":29,"minecraft:climb_one_cm":263889,"minecraft:walk_one_cm":2235870,"minecraft:sneak_time":107054,"minecraft:walk_under_water_one_cm":169469,"minecraft:boat_one_cm":312298,"minecraft:total_world_time":1499485,"minecraft:interact_with_grindstone":1,"minecraft:interact_with_stonecutter":3,"minecraft:time_since_rest":5627,"minecraft:damage_taken":21003,"minecraft:damage_absorbed":76,"minecraft:swim_one_cm":131553,"minecraft:fly_one_cm":1661384,"minecraft:open_chest":663,"minecraft:aviate_one_cm":10968130,"minecraft:fall_one_cm":345520},"minecraft:used":{"minecraft:cherry_sapling":6,"minecraft:poppy":2,"minecraft:ladder":24,"minecraft:chest":7,"minecraft:stone":26,"minecraft:iron_sword":133,"minecraft:white_shulker_box":21,"minecraft:bell":1,"minecraft:player_head":5,"minecraft:rotten_flesh":112,"minecraft:mutton":3,"minecraft:jungle_planks":3,"minecraft:carrot":14,"minecraft:axolotl_bucket":1,"minecraft:snowball":129,"minecraft:stripped_spruce_log":2,"minecraft:spruce_boat":2,"minecraft:cherry_leaves":17,"minecraft:stone_brick_stairs":3,"minecraft:bow":368,"minecraft:snow":29,"minecraft:sweet_berries":19,"minecraft:furnace":1,"minecraft:egg":3,"minecraft:dark_oak_sapling":8,"minecraft:golden_boots":1,"minecraft:emerald_ore":1,"minecraft:diamond_boots":2,"minecraft:spruce_door":4,"minecraft:oak_planks":7,"minecraft:cactus":3,"minecraft:wooden_pickaxe":5,"minecraft:chainmail_helmet":4,"minecraft:sugar_cane":4,"minecraft:blue_bed":3,"minecraft:jungle_boat":3,"minecraft:golden_hoe":4,"minecraft:sand":5,"betterend:tenanea_sapling":2,"betterend:tenanea_chair":1,"minecraft:shears":238,"betternether:spruce_chair":9,"minecraft:firework_rocket":292,"minecraft:cyan_bed":1,"minecraft:bread":75,"minecraft:melon_slice":87,"minecraft:chainmail_boots":6,"minecraft:dark_oak_fence":12,"minecraft:tropical_fish_bucket":1,"minecraft:bone_meal":118,"minecraft:oak_trapdoor":1,"minecraft:stone_sword":117,"minecraft:flint_and_steel":17,"minecraft:stone_shovel":524,"minecraft:dried_kelp":9,"minecraft:spruce_planks":149,"minecraft:netherrack":3,"minecraft:torch":32,"minecraft:dirt":385,"betterend:pink_moss":2,"minecraft:spruce_stairs":20,"minecraft:shulker_box":9,"minecraft:diamond_helmet":3,"minecraft:golden_chestplate":5,"minecraft:spruce_fence":32,"minecraft:iron_hoe":11,"minecraft:wooden_axe":59,"minecraft:iron_axe":251,"minecraft:cherry_trapdoor":3,"minecraft:totem_of_undying":6,"minecraft:cherry_fence_gate":3,"minecraft:melon_seeds":9,"minecraft:bamboo":5,"minecraft:diamond_chestplate":2,"minecraft:golden_carrot":3,"minecraft:beef":1,"minecraft:cherry_fence":47,"minecraft:cherry_log":43,"minecraft:wheat_seeds":38,"minecraft:cooked_mutton":3,"minecraft:water_bucket":63,"minecraft:rabbit":1,"minecraft:cherry_planks":1,"minecraft:brown_mushroom":2,"minecraft:spruce_fence_gate":2,"minecraft:crafting_table":10,"minecraft:tnt":1,"minecraft:lime_bed":1,"minecraft:white_bed":1,"minecraft:dark_oak_fence_gate":1,"minecraft:spruce_log":84,"create:track":2,"minecraft:diamond_pickaxe":385,"minecraft:apple":24,"minecraft:diamond_shovel":2,"minecraft:chicken":3,"betterend:diorite_pedestal":1,"minecraft:iron_pickaxe":140,"betterend:iron_hammer":3,"minecraft:leather_helmet":1,"minecraft:golden_leggings":5,"minecraft:stone_axe":124,"minecraft:cobblestone":4,"minecraft:potion":1,"minecraft:purple_bed":2,"minecraft:bucket":67,"minecraft:glass_pane":14,"minecraft:yellow_bed":4,"minecraft:brush":28,"minecraft:diamond_leggings":2,"minecraft:chainmail_leggings":3},"minecraft:crafted":{"minecraft:brick":61,"minecraft:black_dye":3,"minecraft:oak_planks":12,"minecraft:cobweb":30,"minecraft:snow":192,"minecraft:glass":8,"minecraft:iron_boots":1,"minecraft:melon_seeds":3,"betterend:diorite_pedestal":2,"minecraft:chest":5,"minecraft:cherry_fence":24,"minecraft:name_tag":3,"minecraft:polished_diorite_slab":2,"minecraft:golden_boots":1,"minecraft:white_banner":1,"minecraft:emerald":11,"minecraft:crafting_table":4,"minecraft:spruce_planks":348,"minecraft:jungle_boat":1,"minecraft:wooden_pickaxe":1,"minecraft:iron_helmet":1,"minecraft:brush":1,"minecraft:spruce_door":3,"minecraft:copper_ingot":1,"minecraft:string":4,"minecraft:iron_chestplate":1,"minecraft:paper":162,"minecraft:golden_leggings":1,"minecraft:stick":334,"minecraft:iron_ingot":29,"minecraft:iron_pickaxe":1,"minecraft:stone_sword":1,"minecraft:snow_block":282,"minecraft:gold_ingot":3,"minecraft:dark_oak_fence_gate":1,"minecraft:spruce_fence_gate":2,"minecraft:shears":1,"minecraft:cherry_planks":64,"minecraft:stone_shovel":4,"minecraft:golden_chestplate":1,"minecraft:player_head":16,"minecraft:furnace":1,"minecraft:bone_meal":261,"minecraft:spruce_fence":42,"minecraft:pink_dye":2,"minecraft:glass_pane":16,"minecraft:cherry_trapdoor":12,"minecraft:spruce_stairs":16,"minecraft:dark_oak_fence":12,"minecraft:iron_axe":1,"minecraft:ladder":33,"minecraft:spruce_slab":6,"minecraft:iron_hoe":1,"minecraft:spruce_boat":1,"minecraft:dark_oak_planks":28,"minecraft:golden_helmet":1,"minecraft:cherry_fence_gate":3,"minecraft:red_dye":1,"create:goggles":1,"minecraft:stone_axe":2,"minecraft:bread":53,"minecraft:air":0,"minecraft:jungle_planks":12,"minecraft:white_wool":6,"minecraft:gold_nugget":1,"minecraft:white_dye":3,"betternether:spruce_chair":1,"minecraft:wooden_axe":1,"minecraft:iron_leggings":1,"minecraft:torch":24,"minecraft:firework_rocket":453},"minecraft:killed":{"minecraft:witch":3,"minecraft:spider":2,"betternether:firefly":1,"minecraft:skeleton":152,"minecraft:chicken":4,"minecraft:zombie_villager":5,"minecraft:creeper":126,"minecraft:sheep":2,"minecraft:trader_llama":1,"minecraft:zombie":157,"minecraft:cow":1,"minecraft:rabbit":1,"minecraft:squid":2,"minecraft:player":1},"minecraft:mined":{"minecraft:spruce_planks":13,"minecraft:white_bed":2,"minecraft:cherry_log":78,"minecraft:jungle_leaves":1,"minecraft:cherry_trapdoor":3,"minecraft:grass_block":11,"minecraft:jungle_log":3,"minecraft:fire":17,"betterend:tenanea_leaves":2,"minecraft:white_shulker_box":22,"minecraft:player_head":2,"betterend:tenanea_outer_leaves":2,"minecraft:brown_mushroom":2,"minecraft:blackstone":33,"minecraft:player_wall_head":1,"minecraft:torch":3,"minecraft:poppy":4,"minecraft:melon":12,"minecraft:chest":3,"minecraft:dead_bush":1,"minecraft:nether_quartz_ore":17,"minecraft:glass":1,"minecraft:cyan_bed":1,"minecraft:sugar_cane":96,"minecraft:wall_torch":2,"minecraft:spruce_sign":2,"minecraft:seagrass":1,"minecraft:cherry_fence":47,"minecraft:wheat":27,"minecraft:grass":16,"minecraft:oak_log":1,"minecraft:dark_oak_sapling":1,"minecraft:sand":15,"minecraft:dirt":354,"betterend:tenanea_flowers":1,"minecraft:netherrack":255,"minecraft:oak_leaves":3,"minecraft:nether_gold_ore":7,"minecraft:dark_oak_leaves":22,"minecraft:cherry_sapling":3,"minecraft:stripped_cherry_log":2,"minecraft:dark_oak_log":7,"minecraft:shulker_box":9,"minecraft:ladder":9,"minecraft:spruce_fence":4,"minecraft:spruce_leaves":100,"minecraft:red_mushroom":1,"minecraft:oak_trapdoor":1,"betterend:tenanea_chair":1,"minecraft:furnace":1,"minecraft:carrots":2,"minecraft:snow":523,"minecraft:stripped_spruce_log":3,"minecraft:vine":2,"minecraft:bamboo":30,"minecraft:stone":26,"minecraft:cherry_fence_gate":3,"betterend:tenanea_sapling":1,"minecraft:smithing_table":1,"betternether:spruce_chair":8,"minecraft:cherry_planks":1,"minecraft:basalt":155,"minecraft:spruce_door":2,"minecraft:crafting_table":8,"minecraft:emerald_ore":1,"minecraft:blue_bed":4,"minecraft:spruce_stairs":4,"minecraft:purple_bed":2,"minecraft:lime_bed":1,"minecraft:sweet_berry_bush":4,"minecraft:spruce_log":249,"minecraft:yellow_bed":4,"betterend:tenanea_bark":65,"minecraft:cherry_leaves":233,"minecraft:gravel":46,"minecraft:spruce_fence_gate":1,"minecraft:fern":2}},"DataVersion":3465}