{"stats":{"minecraft:used":{"minecraft:stone_sword":78,"minecraft:chest":5,"minecraft:shield":41,"minecraft:player_head":2,"minecraft:cooked_salmon":8,"minecraft:cooked_chicken":4,"minecraft:rotten_flesh":4,"minecraft:oak_door":5,"minecraft:torch":22,"minecraft:dirt":13,"minecraft:mutton":2,"minecraft:smooth_basalt":1,"minecraft:furnace":10,"minecraft:egg":1,"minecraft:cobbled_deepslate":37,"minecraft:iron_leggings":1,"minecraft:cooked_mutton":2,"minecraft:water_bucket":10,"minecraft:diorite":2,"minecraft:amethyst_block":44,"minecraft:stone_pickaxe":124,"minecraft:wooden_pickaxe":88,"minecraft:cherry_planks":18,"minecraft:stonecutter":1,"minecraft:salmon":9,"minecraft:crafting_table":10,"minecraft:white_bed":2,"minecraft:diamond_pickaxe":182,"minecraft:iron_pickaxe":258,"minecraft:golden_leggings":1,"minecraft:stone_axe":175,"minecraft:diamond_sword":24,"minecraft:cobblestone":82,"minecraft:porkchop":5,"minecraft:bucket":11},"minecraft:broken":{"minecraft:wooden_pickaxe":1,"minecraft:golden_leggings":1},"minecraft:mined":{"minecraft:tuff":27,"minecraft:white_bed":2,"minecraft:deepslate_diamond_ore":13,"minecraft:oak_door":1,"minecraft:cherry_log":28,"minecraft:cherry_sapling":1,"minecraft:obsidian":18,"minecraft:ladder":3,"minecraft:budding_amethyst":6,"minecraft:grass_block":14,"minecraft:jungle_log":8,"minecraft:tall_seagrass":3,"minecraft:furnace":11,"minecraft:iron_ore":46,"minecraft:cobbled_deepslate":7,"minecraft:andesite":4,"minecraft:deepslate_lapis_ore":3,"minecraft:vine":3,"minecraft:deepslate_iron_ore":8,"minecraft:small_amethyst_bud":2,"minecraft:stone":173,"minecraft:player_head":1,"minecraft:deepslate_redstone_ore":10,"minecraft:player_wall_head":1,"minecraft:oak_fence":1,"minecraft:crafting_table":9,"minecraft:calcite":33,"minecraft:chest":2,"minecraft:cobblestone":5,"minecraft:tall_grass":31,"minecraft:copper_ore":1,"minecraft:deepslate_gold_ore":10,"minecraft:sugar_cane":2,"minecraft:diorite":4,"minecraft:wall_torch":2,"minecraft:amethyst_block":49,"minecraft:seagrass":4,"minecraft:yellow_wool":1,"minecraft:grass":231,"minecraft:coal_ore":41,"minecraft:oak_log":17,"minecraft:cherry_leaves":1,"minecraft:sand":1,"minecraft:dirt":28,"minecraft:cobweb":11,"minecraft:smooth_basalt":11,"minecraft:stonecutter":1,"minecraft:gold_ore":2,"minecraft:oak_leaves":2,"minecraft:deepslate":144,"minecraft:fern":1},"minecraft:killed":{"minecraft:spider":1,"minecraft:skeleton":3,"minecraft:chicken":4,"minecraft:pig":5,"minecraft:salmon":18,"minecraft:creeper":3,"minecraft:sheep":5,"minecraft:zombie":4,"minecraft:player":1},"minecraft:custom":{"minecraft:mob_kills":46,"minecraft:interact_with_crafting_table":22,"minecraft:leave_game":3,"minecraft:time_since_death":4031,"minecraft:climb_one_cm":5073,"minecraft:sprint_one_cm":292070,"minecraft:walk_one_cm":170529,"minecraft:damage_blocked_by_shield":2460,"minecraft:drop":30,"minecraft:play_time":112373,"minecraft:deaths":5,"minecraft:sneak_time":30986,"minecraft:walk_under_water_one_cm":21831,"minecraft:jump":2369,"minecraft:walk_on_water_one_cm":25120,"minecraft:total_world_time":112373,"minecraft:interact_with_furnace":32,"minecraft:sleep_in_bed":1,"minecraft:time_since_rest":4060,"minecraft:damage_taken":2172,"minecraft:damage_dealt":4055,"minecraft:swim_one_cm":65110,"minecraft:fly_one_cm":366429,"minecraft:player_kills":1,"minecraft:open_chest":9,"minecraft:crouch_one_cm":84023,"minecraft:fall_one_cm":54393},"minecraft:picked_up":{"minecraft:iron_chestplate":2,"minecraft:crafting_table":13,"minecraft:chicken":4,"minecraft:ladder":9,"minecraft:yellow_wool":4,"minecraft:diamond_sword":2,"minecraft:shield":2,"minecraft:amethyst_block":134,"minecraft:string":18,"minecraft:cooked_salmon":1,"minecraft:raw_copper":2,"minecraft:iron_leggings":2,"minecraft:cobbled_deepslate":490,"minecraft:player_head":18,"minecraft:calcite":36,"minecraft:sugar_cane":18,"minecraft:chest":3,"minecraft:egg":1,"minecraft:furnace":21,"minecraft:raw_iron":91,"minecraft:stick":43,"minecraft:oak_door":3,"minecraft:torch":24,"minecraft:porkchop":11,"minecraft:cherry_log":65,"minecraft:diorite":2,"minecraft:redstone":56,"minecraft:golden_chestplate":1,"minecraft:stone_sword":2,"minecraft:arrow":17,"minecraft:rotten_flesh":10,"minecraft:shears":2,"minecraft:obsidian":18,"minecraft:mutton":8,"minecraft:white_wool":7,"minecraft:cobblestone":502,"minecraft:feather":8,"minecraft:water_bucket":3,"minecraft:jungle_log":8,"minecraft:salmon":17,"minecraft:golden_leggings":2,"minecraft:flint":9,"minecraft:tuff":25,"minecraft:oak_log":36,"minecraft:gunpowder":11,"minecraft:lapis_lazuli":63,"minecraft:dirt":141,"minecraft:leather_boots":1,"minecraft:bone":17,"minecraft:stonecutter":3,"minecraft:wheat_seeds":75,"minecraft:raw_gold":62,"minecraft:iron_ingot":5,"minecraft:stone_pickaxe":2,"minecraft:oak_planks":16,"minecraft:iron_sword":2,"minecraft:smooth_basalt":16,"minecraft:gravel":14,"minecraft:sand":2,"minecraft:jungle_planks":36,"minecraft:amethyst_shard":212,"minecraft:white_bed":2,"minecraft:diamond":25,"minecraft:stone_axe":4,"minecraft:cherry_sapling":14,"minecraft:oak_sapling":36,"minecraft:black_wool":2,"minecraft:coal":117,"minecraft:diamond_pickaxe":2},"minecraft:dropped":{"minecraft:wheat_seeds":2,"minecraft:diamond":2,"minecraft:feather":2,"minecraft:jungle_planks":6,"minecraft:stick":3,"minecraft:iron_pickaxe":1,"minecraft:string":2,"minecraft:white_wool":1,"minecraft:stone_axe":1,"minecraft:player_head":3,"minecraft:golden_chestplate":1,"minecraft:stone_sword":1,"minecraft:yellow_wool":2,"minecraft:rotten_flesh":2,"minecraft:oak_planks":4,"minecraft:oak_sapling":1,"minecraft:arrow":1,"minecraft:wooden_pickaxe":1,"minecraft:stone_pickaxe":1,"minecraft:black_wool":2},"minecraft:killed_by":{"minecraft:skeleton":2,"minecraft:zombie":3},"minecraft:crafted":{"minecraft:cherry_planks":56,"minecraft:oak_door":6,"minecraft:oak_planks":20,"minecraft:cooked_chicken":4,"minecraft:furnace":2,"minecraft:cooked_mutton":2,"minecraft:stone_pickaxe":2,"minecraft:chest":3,"minecraft:diamond_sword":1,"minecraft:crafting_table":2,"minecraft:wooden_pickaxe":2,"minecraft:cooked_salmon":7,"minecraft:bucket":1,"minecraft:stone_axe":3,"minecraft:air":0,"minecraft:jungle_planks":32,"minecraft:white_wool":4,"minecraft:iron_chestplate":1,"minecraft:diamond_pickaxe":1,"minecraft:shield":1,"minecraft:stick":32,"minecraft:iron_ingot":23,"minecraft:iron_pickaxe":2,"minecraft:stone_sword":2,"minecraft:iron_leggings":1,"minecraft:white_bed":1,"minecraft:torch":28}},"DataVersion":3463}