{"stats":{"minecraft:killed_by":{"minecraft:creeper":1,"minecraft:zombie":2,"minecraft:player":2,"minecraft:iron_golem":1,"minecraft:skeleton":1},"minecraft:used":{"minecraft:iron_shovel":1368,"minecraft:elytra":4,"minecraft:oak_sign":3,"minecraft:chest":27,"minecraft:iron_sword":242,"minecraft:player_head":8,"minecraft:rotten_flesh":2,"minecraft:iron_chestplate":3,"minecraft:mutton":31,"minecraft:tuff":7,"minecraft:jungle_sapling":1,"minecraft:glass":159,"minecraft:mangrove_log":2,"minecraft:bricks":20,"minecraft:lantern":4,"minecraft:iron_helmet":4,"minecraft:golden_sword":44,"minecraft:furnace":7,"minecraft:oak_sapling":13,"minecraft:egg":2,"minecraft:golden_boots":2,"minecraft:diamond_boots":1,"minecraft:diorite":10,"minecraft:stone_pickaxe":799,"minecraft:oak_planks":33,"minecraft:cactus":6,"minecraft:wooden_pickaxe":5,"minecraft:sandstone":150,"minecraft:diamond_axe":300,"minecraft:composter":72,"minecraft:sugar_cane":37,"minecraft:oak_leaves":9,"minecraft:white_wool":5,"minecraft:sand":299,"minecraft:blast_furnace":2,"minecraft:crossbow":11,"minecraft:shears":17,"minecraft:acacia_door":21,"minecraft:cyan_bed":2,"minecraft:bread":139,"minecraft:birch_slab":102,"minecraft:melon_slice":9,"minecraft:lectern":10,"minecraft:gravel":11,"minecraft:golden_helmet":1,"minecraft:wooden_sword":30,"minecraft:birch_log":4,"minecraft:smithing_table":3,"minecraft:andesite":14,"minecraft:oak_boat":47,"minecraft:oak_fence":87,"minecraft:stone_shovel":403,"minecraft:stone_hoe":46,"minecraft:oak_door":12,"minecraft:orange_bed":8,"minecraft:torch":75,"minecraft:dirt":424,"minecraft:white_carpet":3,"minecraft:cobblestone_wall":37,"minecraft:granite":63,"minecraft:golden_chestplate":1,"minecraft:jungle_trapdoor":7,"minecraft:golden_shovel":18,"minecraft:oak_fence_gate":6,"minecraft:oak_stairs":55,"minecraft:iron_axe":529,"minecraft:smooth_sandstone":2,"minecraft:bamboo":53,"minecraft:diamond_chestplate":5,"minecraft:beef":19,"minecraft:cooked_beef":11,"minecraft:cobbled_deepslate":184,"minecraft:iron_leggings":2,"minecraft:wheat_seeds":42,"minecraft:water_bucket":133,"minecraft:rabbit":3,"minecraft:birch_planks":226,"minecraft:cartography_table":5,"minecraft:birch_boat":4,"minecraft:cut_sandstone":1,"minecraft:stonecutter":3,"minecraft:fletching_table":5,"minecraft:green_bed":1,"minecraft:cobblestone_slab":123,"minecraft:salmon":3,"minecraft:crafting_table":25,"minecraft:lime_bed":12,"minecraft:oak_slab":101,"minecraft:bamboo_block":46,"minecraft:red_bed":1,"minecraft:white_bed":25,"minecraft:oak_log":164,"minecraft:mud":9,"minecraft:flower_pot":1,"minecraft:diamond_pickaxe":1698,"minecraft:apple":3,"minecraft:chicken":3,"minecraft:mangrove_propagule":1,"minecraft:iron_pickaxe":2041,"minecraft:map":2,"minecraft:golden_leggings":4,"minecraft:stone_axe":702,"minecraft:fishing_rod":28,"minecraft:cobblestone":382,"minecraft:porkchop":26,"minecraft:bucket":134,"minecraft:gray_wool":1,"minecraft:diamond_leggings":1,"minecraft:birch_stairs":20},"minecraft:custom":{"minecraft:animals_bred":3,"minecraft:interact_with_crafting_table":183,"minecraft:open_shulker_box":19,"minecraft:bell_ring":21,"minecraft:leave_game":58,"minecraft:time_since_death":43597,"minecraft:sprint_one_cm":4426701,"minecraft:drop":95,"minecraft:talked_to_villager":474,"minecraft:play_time":1207891,"minecraft:deaths":12,"minecraft:jump":19218,"minecraft:walk_on_water_one_cm":153711,"minecraft:interact_with_furnace":133,"minecraft:traded_with_villager":277,"minecraft:interact_with_cartography_table":6,"minecraft:sleep_in_bed":59,"minecraft:open_enderchest":5,"minecraft:damage_dealt":13983,"minecraft:crouch_one_cm":148681,"minecraft:mob_kills":138,"minecraft:climb_one_cm":2687,"minecraft:walk_one_cm":1642342,"minecraft:sneak_time":61096,"minecraft:walk_under_water_one_cm":205120,"minecraft:boat_one_cm":1655473,"minecraft:total_world_time":1207891,"minecraft:pot_flower":1,"minecraft:interact_with_stonecutter":4,"minecraft:time_since_rest":43626,"minecraft:damage_taken":4987,"minecraft:swim_one_cm":666169,"minecraft:fly_one_cm":4519432,"minecraft:open_chest":595,"minecraft:aviate_one_cm":493190,"minecraft:fall_one_cm":511493},"minecraft:picked_up":{"minecraft:iron_chestplate":3,"minecraft:wheat":1,"minecraft:flower_pot":1,"minecraft:smithing_table":3,"minecraft:oak_stairs":7,"minecraft:enchanted_book":1,"minecraft:brewing_stand":1,"minecraft:amethyst_block":30,"minecraft:string":2,"minecraft:raw_copper":50,"minecraft:diamond_leggings":1,"minecraft:cobbled_deepslate":2032,"minecraft:cobblestone_slab":13,"minecraft:calcite":13,"endrem:wither_eye":1,"minecraft:iron_pickaxe":4,"minecraft:melon_slice":34,"minecraft:mangrove_log":2,"minecraft:furnace":4,"minecraft:golden_helmet":1,"minecraft:stick":169,"minecraft:composter":72,"minecraft:big_dripleaf":2,"minecraft:oak_fence":19,"minecraft:green_bed":1,"minecraft:torch":43,"minecraft:acacia_log":9,"minecraft:sandstone_wall":2,"minecraft:porkchop":29,"minecraft:diorite":68,"minecraft:end_crystal":16,"minecraft:orange_bed":9,"minecraft:bamboo_block":12,"minecraft:cactus":32,"minecraft:rotten_flesh":30,"minecraft:mangrove_roots":5,"minecraft:obsidian":30,"minecraft:cobblestone":1172,"minecraft:birch_log":104,"minecraft:magma_block":14,"minecraft:feather":1,"minecraft:cooked_beef":25,"minecraft:water_bucket":4,"minecraft:birch_slab":12,"minecraft:andesite":14,"minecraft:brown_wool":4,"minecraft:golden_leggings":3,"minecraft:flint":12,"minecraft:tuff":78,"minecraft:lantern":2,"minecraft:netherite_leggings":1,"minecraft:lapis_lazuli":104,"minecraft:dirt":1218,"minecraft:glass":3,"minecraft:bone":6,"minecraft:stonecutter":2,"minecraft:wheat_seeds":69,"minecraft:raw_gold":6,"minecraft:grindstone":1,"minecraft:rabbit":3,"minecraft:bamboo":1016,"minecraft:fletching_table":4,"minecraft:moss_block":9,"minecraft:oak_planks":148,"minecraft:sand":678,"minecraft:ink_sac":10,"minecraft:dead_bush":3,"minecraft:cyan_bed":2,"minecraft:chiseled_sandstone":1,"minecraft:diamond":26,"minecraft:crossbow":4,"minecraft:granite":107,"minecraft:golden_apple":1,"minecraft:emerald":3,"minecraft:bread":37,"minecraft:oak_sapling":179,"minecraft:bricks":4,"minecraft:oak_leaves":17,"minecraft:diamond_pickaxe":1,"minecraft:mud":13,"minecraft:cocoa_beans":9,"minecraft:crafting_table":19,"minecraft:chicken":5,"minecraft:clay_ball":280,"minecraft:golden_pickaxe":1,"minecraft:gold_block":1,"minecraft:jungle_trapdoor":8,"minecraft:red_bed":1,"minecraft:moss_carpet":1,"minecraft:iron_axe":4,"minecraft:acacia_door":21,"minecraft:white_carpet":2,"minecraft:iron_shovel":2,"minecraft:cartography_table":6,"minecraft:beef":146,"minecraft:oak_boat":44,"minecraft:player_head":16,"minecraft:poppy":5,"minecraft:jungle_sapling":1,"minecraft:light_gray_wool":3,"minecraft:lectern":9,"minecraft:chest":8,"minecraft:sugar_cane":384,"minecraft:birch_sapling":33,"minecraft:egg":3,"minecraft:raw_iron":112,"minecraft:sandstone":410,"minecraft:oak_door":13,"minecraft:copper_ingot":3,"minecraft:spruce_fence":1,"origins:orb_of_origin":4,"minecraft:redstone":26,"minecraft:stone_pressure_plate":3,"minecraft:smooth_sandstone_slab":3,"minecraft:tnt":16,"minecraft:arrow":8,"minecraft:diamond_chestplate":2,"minecraft:peony":1,"minecraft:diamond_boots":1,"minecraft:hay_block":60,"minecraft:mutton":53,"minecraft:white_wool":37,"minecraft:lime_bed":12,"minecraft:salmon":10,"minecraft:cut_sandstone":11,"minecraft:leather":63,"minecraft:filled_map":3,"minecraft:birch_planks":168,"minecraft:oak_log":937,"minecraft:golden_boots":3,"minecraft:cobblestone_wall":11,"minecraft:paper":28,"minecraft:orange_terracotta":2,"minecraft:smooth_sandstone":7,"minecraft:apple":25,"minecraft:kelp":6,"minecraft:rabbit_hide":1,"minecraft:iron_ingot":332,"minecraft:oak_fence_gate":1,"minecraft:iron_sword":1,"minecraft:flowering_azalea":4,"minecraft:book":3,"minecraft:oak_slab":23,"minecraft:smooth_basalt":6,"minecraft:birch_boat":4,"minecraft:dandelion":3,"minecraft:gravel":73,"minecraft:birch_stairs":4,"minecraft:blast_furnace":2,"minecraft:white_bed":22,"minecraft:stone_axe":2,"minecraft:iron_helmet":2,"minecraft:diamond_axe":2,"minecraft:gray_wool":2,"minecraft:coal":186,"minecraft:mangrove_propagule":1},"minecraft:killed":{"minecraft:spider":1,"minecraft:skeleton":2,"minecraft:chicken":3,"minecraft:wolf":1,"minecraft:pig":14,"minecraft:salmon":11,"minecraft:iron_golem":2,"minecraft:creeper":2,"minecraft:sheep":43,"minecraft:zombie":6,"minecraft:cow":44,"minecraft:husk":1,"minecraft:rabbit":3,"minecraft:squid":1},"minecraft:dropped":{"minecraft:porkchop":1,"minecraft:leather":11,"minecraft:emerald":60,"minecraft:dirt":2,"minecraft:mutton":2,"minecraft:cut_sandstone":8,"minecraft:sand":6,"minecraft:iron_pickaxe":1,"minecraft:mangrove_roots":3,"minecraft:cobbled_deepslate":11,"minecraft:wheat":4,"minecraft:rotten_flesh":2,"minecraft:oak_planks":7,"minecraft:sandstone_wall":2,"minecraft:beef":16,"minecraft:water_bucket":1,"minecraft:bread":23,"minecraft:diamond_leggings":1,"minecraft:cobblestone":117,"minecraft:granite":40,"minecraft:stick":9,"origins:orb_of_origin":2,"minecraft:fire_charge":2,"minecraft:dead_bush":3,"minecraft:smooth_sandstone_slab":2,"minecraft:iron_axe":2,"minecraft:string":2,"minecraft:dandelion":3,"minecraft:moss_carpet":1,"minecraft:kelp":6,"minecraft:player_head":1,"minecraft:netherite_ingot":6,"minecraft:raw_copper":25,"minecraft:tuff":1,"minecraft:spruce_fence":1,"minecraft:potato":6,"minecraft:hay_block":2,"minecraft:diamond_chestplate":1,"minecraft:orange_terracotta":1,"minecraft:peony":1,"minecraft:iron_chestplate":1,"minecraft:oak_sapling":4,"minecraft:stone_pressure_plate":3,"minecraft:diamond_boots":1,"minecraft:sandstone":1,"minecraft:stone_pickaxe":1,"minecraft:wooden_pickaxe":1},"minecraft:mined":{"minecraft:white_bed":22,"minecraft:stone_pressure_plate":2,"minecraft:farmland":2,"minecraft:jungle_leaves":75,"minecraft:brewing_stand":1,"minecraft:obsidian":14,"minecraft:granite":116,"minecraft:potted_dead_bush":1,"minecraft:budding_amethyst":1,"minecraft:acacia_log":9,"minecraft:grass_block":771,"minecraft:frosted_ice":14,"minecraft:composter":72,"minecraft:bamboo_block":12,"minecraft:tall_seagrass":4,"minecraft:magma_block":14,"minecraft:iron_ore":94,"minecraft:cobbled_deepslate":21,"minecraft:fletching_table":4,"minecraft:deepslate_lapis_ore":11,"minecraft:dirt_path":1,"minecraft:oak_stairs":7,"minecraft:azalea_leaves":1,"minecraft:azalea":1,"minecraft:player_head":3,"minecraft:green_bed":1,"minecraft:orange_bed":9,"minecraft:jungle_trapdoor":8,"minecraft:deepslate_redstone_ore":5,"minecraft:cut_sandstone":16,"minecraft:red_bed":1,"minecraft:melon_stem":3,"minecraft:player_wall_head":2,"minecraft:orange_terracotta":2,"minecraft:clay":88,"minecraft:torch":23,"minecraft:blast_furnace":2,"minecraft:calcite":13,"minecraft:poppy":1,"minecraft:melon":6,"minecraft:chest":8,"minecraft:dead_bush":47,"minecraft:glass":5,"minecraft:cobblestone":133,"minecraft:sugar_cane":171,"minecraft:cyan_bed":2,"minecraft:grindstone":1,"minecraft:oak_planks":19,"minecraft:bricks":4,"minecraft:smooth_sandstone_slab":1,"minecraft:wall_torch":6,"minecraft:amethyst_block":30,"minecraft:seagrass":1,"minecraft:mud":13,"minecraft:birch_log":105,"minecraft:wheat":4,"minecraft:tnt":18,"minecraft:grass":236,"minecraft:oak_log":738,"minecraft:beetroots":1,"minecraft:oak_fence_gate":1,"minecraft:sand":628,"minecraft:dirt":438,"minecraft:sandstone_wall":2,"minecraft:mangrove_log":3,"minecraft:smooth_basalt":6,"minecraft:stonecutter":2,"minecraft:oak_leaves":197,"minecraft:deepslate":2032,"minecraft:diamond_ore":3,"minecraft:tuff":79,"minecraft:deepslate_diamond_ore":23,"minecraft:oak_door":8,"minecraft:mangrove_roots":7,"minecraft:spruce_fence":1,"minecraft:birch_slab":8,"minecraft:moss_block":9,"minecraft:cartography_table":6,"minecraft:mangrove_propagule":1,"minecraft:sandstone":412,"minecraft:hay_block":60,"minecraft:redstone_ore":1,"minecraft:furnace":4,"minecraft:chiseled_sandstone":2,"minecraft:andesite":34,"minecraft:peony":1,"minecraft:bookshelf":1,"minecraft:deepslate_iron_ore":8,"minecraft:cobblestone_slab":8,"minecraft:vine":2,"minecraft:lantern":2,"minecraft:bamboo_sapling":1,"minecraft:bamboo":125,"minecraft:stone":843,"minecraft:white_wool":2,"minecraft:smithing_table":3,"minecraft:oak_slab":17,"minecraft:birch_stairs":4,"minecraft:acacia_leaves":6,"minecraft:flowering_azalea":3,"minecraft:dandelion":3,"minecraft:oak_fence":19,"minecraft:smooth_sandstone":7,"minecraft:crafting_table":17,"minecraft:lectern":9,"minecraft:copper_ore":6,"minecraft:tall_grass":45,"minecraft:deepslate_gold_ore":6,"minecraft:lapis_ore":4,"minecraft:diorite":75,"minecraft:big_dripleaf":1,"minecraft:lime_bed":13,"minecraft:birch_planks":168,"minecraft:cactus":11,"minecraft:cobblestone_wall":11,"minecraft:white_carpet":2,"minecraft:birch_leaves":1,"minecraft:mangrove_leaves":1,"minecraft:coal_ore":197,"minecraft:cocoa":3,"minecraft:gravel":80,"minecraft:acacia_door":20,"minecraft:fern":6},"minecraft:broken":{"minecraft:golden_helmet":1,"minecraft:iron_shovel":3,"minecraft:stone_pickaxe":5,"minecraft:golden_sword":1,"minecraft:wooden_sword":1,"minecraft:stone_axe":4,"minecraft:iron_sword":1,"minecraft:stone_shovel":3,"minecraft:iron_axe":1,"minecraft:iron_pickaxe":7},"minecraft:crafted":{"minecraft:brick":20,"minecraft:smooth_stone":4,"minecraft:oak_planks":3052,"minecraft:oak_sign":3,"minecraft:birch_boat":2,"minecraft:birch_slab":96,"minecraft:stone":10,"minecraft:bookshelf":1,"minecraft:bamboo_block":34,"minecraft:glass":170,"minecraft:hopper":1,"minecraft:diamond_leggings":1,"minecraft:bow":3,"minecraft:chest":20,"minecraft:bricks":20,"minecraft:stone_hoe":12,"minecraft:oak_fence":102,"minecraft:oak_slab":198,"minecraft:emerald":232,"minecraft:diamond_axe":1,"minecraft:map":3,"minecraft:crafting_table":14,"minecraft:wooden_pickaxe":1,"minecraft:iron_helmet":6,"minecraft:smithing_table":1,"minecraft:fletching_table":1,"minecraft:birch_planks":332,"minecraft:cartography_table":1,"betterend:leather_stripe":3,"minecraft:lectern":1,"minecraft:book":6,"minecraft:iron_chestplate":1,"minecraft:paper":252,"minecraft:diamond_pickaxe":2,"minecraft:stick":5543,"minecraft:iron_ingot":98,"minecraft:iron_pickaxe":10,"minecraft:acacia_door":3,"minecraft:gold_ingot":9,"minecraft:composter":4,"minecraft:birch_stairs":24,"minecraft:shears":1,"minecraft:wooden_sword":1,"minecraft:oak_door":6,"minecraft:stone_shovel":4,"minecraft:furnace":5,"minecraft:blast_furnace":1,"minecraft:white_carpet":3,"minecraft:lantern":2,"minecraft:leather":3,"minecraft:iron_axe":4,"minecraft:stone_pickaxe":6,"minecraft:diamond_boots":1,"minecraft:wheat":522,"minecraft:cooked_beef":31,"minecraft:crossbow":7,"minecraft:iron_sword":1,"minecraft:golden_shovel":1,"minecraft:bucket":1,"minecraft:stone_axe":7,"minecraft:enchanted_book":3,"minecraft:bread":171,"minecraft:air":0,"minecraft:oak_boat":9,"minecraft:oak_fence_gate":5,"minecraft:oak_stairs":56,"minecraft:iron_shovel":8,"minecraft:stonecutter":1,"minecraft:white_bed":5,"minecraft:acacia_planks":36,"minecraft:torch":64,"minecraft:diamond_chestplate":1}},"DataVersion":3465}