{"stats":{"minecraft:used":{"minecraft:moss_block":41,"create:deployer":133,"create:brass_casing":7,"minecraft:dispenser":3,"minecraft:poppy":6,"minecraft:stone":6693,"minecraft:red_nether_brick_stairs":16,"minecraft:quartz_stairs":75,"minecraft:rotten_flesh":3,"minecraft:soul_sand":28,"minecraft:deepslate_brick_slab":136,"minecraft:polished_blackstone_slab":9,"minecraft:spruce_boat":11,"create:controls":8,"minecraft:packed_ice":8,"minecraft:lava_bucket":61,"minecraft:quartz_pillar":100,"minecraft:quartz_block":45,"betterend:elytra_crystalite":1,"create:rope_pulley":3,"minecraft:netherite_boots":2,"minecraft:bow":43,"create:shaft":651,"create:steam_engine":22,"minecraft:oak_sapling":19,"minecraft:acacia_fence":3,"minecraft:prismarine":5,"minecraft:blackstone":13,"minecraft:cactus":4,"minecraft:wooden_pickaxe":76,"minecraft:composter":8,"minecraft:clay":32,"minecraft:jungle_boat":5,"minecraft:golden_apple":1,"minecraft:glow_berries":8,"minecraft:blast_furnace":1,"betterend:tenanea_chair":1,"minecraft:deepslate_brick_stairs":1867,"create:contraption_controls":4,"create:powered_toggle_latch":2,"minecraft:diamond_sword":4600,"minecraft:coal_block":12,"create:basin":13,"minecraft:smithing_table":5,"minecraft:oak_boat":4,"minecraft:oak_trapdoor":65,"minecraft:enchanting_table":8,"create:schematic_table":2,"betterend:flavolite":1,"betterend:helix_tree_bark":9,"minecraft:torch":347,"minecraft:brewing_stand":7,"minecraft:nether_quartz_ore":51,"minecraft:fern":2,"minecraft:iron_block":174,"minecraft:jungle_log":4,"create:creative_motor":11,"minecraft:bamboo":18,"minecraft:diamond_chestplate":1,"minecraft:basalt":3134,"create:fluid_pipe":46,"create:belt_connector":230,"minecraft:wheat_seeds":73,"minecraft:chiseled_bookshelf":3,"railways:semaphore":23,"minecraft:birch_planks":14,"create:brass_tunnel":25,"minecraft:blue_concrete_powder":43,"minecraft:glow_ink_sac":4,"create:framed_glass_trapdoor":19,"minecraft:deepslate_bricks":240,"railways:track_switch_andesite":42,"create:blaze_burner":24,"minecraft:polished_deepslate_slab":131,"minecraft:rail":228,"minecraft:campfire":5,"minecraft:white_bed":5,"minecraft:spruce_log":166,"minecraft:diamond_pickaxe":79800,"minecraft:diamond_shovel":18623,"betterend:diorite_pedestal":7,"minecraft:oak_button":7,"minecraft:suspicious_stew":2,"minecraft:spruce_trapdoor":34,"minecraft:bamboo_slab":18,"create:mechanical_arm":103,"minecraft:spruce_sapling":4,"minecraft:enchanted_book":2,"minecraft:potion":2,"minecraft:purple_bed":9,"minecraft:porkchop":3,"minecraft:stripped_oak_log":28,"create:elevator_pulley":13,"create:redstone_link":19,"minecraft:diamond_leggings":7,"minecraft:cherry_sapling":5,"minecraft:moss_carpet":16,"create:portable_storage_interface":7,"minecraft:nether_wart":46,"minecraft:grass":6,"create:railway_casing":17,"minecraft:spruce_leaves":8,"minecraft:mutton":3,"create:cogwheel":521,"minecraft:furnace_minecart":6,"minecraft:obsidian":51,"minecraft:big_dripleaf":4,"minecraft:bricks":2524,"minecraft:spruce_wood":8,"minecraft:lantern":19,"betternether:bone_wall":10,"minecraft:item_frame":19,"create:experience_block":2,"minecraft:deepslate_diamond_ore":40,"minecraft:golden_sword":21,"minecraft:written_book":27,"create:mechanical_drill":94,"minecraft:gold_block":12,"betterend:tenanea_bark":8,"minecraft:dark_oak_sapling":4,"betternether:bone_stairs":16,"minecraft:bamboo_trapdoor":4,"create:schedule":1,"minecraft:diamond_boots":14,"create:crushing_wheel":57,"minecraft:wither_skeleton_skull":3,"minecraft:stone_pickaxe":2616,"minecraft:oak_planks":52,"minecraft:polished_diorite_slab":1,"minecraft:chainmail_helmet":1,"minecraft:diamond_axe":2151,"minecraft:sugar_cane":56,"railways:track_spruce_narrow":265,"create:mechanical_saw":9,"minecraft:white_wool":2,"minecraft:bamboo_stairs":7,"minecraft:golden_hoe":28,"minecraft:netherite_leggings":3,"minecraft:end_stone":7,"minecraft:deepslate_lapis_ore":5,"betternether:spruce_chair":2,"minecraft:lever":78,"create:schematic":1,"minecraft:bread":410,"minecraft:barrier":8,"create:andesite_casing":106,"minecraft:deepslate":1628,"create:white_seat":17,"minecraft:chain":4,"minecraft:smooth_stone_slab":1895,"minecraft:stripped_cherry_log":1,"create:vertical_gearbox":133,"minecraft:bone_meal":383,"create:large_cogwheel":161,"minecraft:netherite_sword":8,"minecraft:rose_bush":1,"minecraft:cherry_wood":1,"minecraft:granite_stairs":4,"minecraft:flint_and_steel":199,"minecraft:redstone":111,"minecraft:ender_chest":9,"minecraft:deepslate_gold_ore":6,"minecraft:stripped_birch_wood":72,"minecraft:stone_hoe":11,"minecraft:dirt":4229,"minecraft:red_nether_brick_slab":3,"create:mechanical_mixer":15,"minecraft:prismarine_bricks":1,"create:redstone_contact":31,"minecraft:golden_chestplate":1,"minecraft:iron_boots":1,"minecraft:black_stained_glass":5,"betterend:amber_moss":4,"minecraft:soul_soil":8,"minecraft:deepslate_tile_stairs":18,"minecraft:cooked_beef":2,"minecraft:pumpkin":1,"minecraft:bamboo_planks":51,"minecraft:iron_leggings":2,"create:gearshift":6,"minecraft:cobblestone_stairs":233,"minecraft:red_nether_bricks":2,"minecraft:brown_mushroom":2,"minecraft:spruce_sign":15,"create:item_drain":9,"create:brass_funnel":31,"minecraft:bamboo_block":10,"minecraft:piston":3,"minecraft:flower_pot":1,"create:mechanical_press":31,"betterend:pythadendron_bark":1,"minecraft:lapis_ore":5,"minecraft:stone_slab":523,"create:large_water_wheel":16,"minecraft:stone_axe":687,"minecraft:pink_petals":7,"minecraft:cobbled_deepslate_slab":193,"minecraft:lapis_block":2,"minecraft:pumpkin_pie":3,"minecraft:birch_stairs":29,"create:copper_door":15,"minecraft:spruce_slab":232,"minecraft:polished_blackstone":479,"minecraft:elytra":1,"minecraft:bamboo_sign":3,"minecraft:ladder":135,"minecraft:chest":242,"create:small_deepslate_bricks":194,"create:fluid_tank":46,"minecraft:brick_slab":1,"railways:brown_conductor_cap":1,"create:mechanical_crafter":66,"create:depot":38,"minecraft:acacia_button":1,"minecraft:stripped_spruce_log":2,"minecraft:black_stained_glass_pane":6,"minecraft:grass_block":358,"minecraft:orange_shulker_box":12,"minecraft:copper_ore":78,"minecraft:dark_oak_button":4,"minecraft:stone_brick_stairs":577,"create:andesite_funnel":50,"create:rotation_speed_controller":11,"minecraft:snow":114,"minecraft:sweet_berries":38,"minecraft:furnace":24,"minecraft:potato":1,"minecraft:emerald_ore":6,"minecraft:diorite":118,"minecraft:spruce_door":7,"minecraft:stripped_birch_log":14,"minecraft:acacia_trapdoor":3,"minecraft:smooth_quartz_stairs":156,"minecraft:oak_leaves":29,"create:spout":6,"minecraft:dark_oak_trapdoor":2,"minecraft:sand":58,"minecraft:blue_ice":5,"minecraft:netherite_helmet":4,"minecraft:pumpkin_seeds":60,"minecraft:verdant_froglight":85,"minecraft:stone_button":10,"minecraft:lectern":1,"minecraft:red_terracotta":61,"minecraft:polished_granite":244,"minecraft:diamond_ore":2,"minecraft:polished_andesite_slab":1,"betterend:lacugrove_crafting_table":2,"minecraft:ice":12,"create:steam_whistle":7,"minecraft:oak_hanging_sign":6,"minecraft:iron_bars":189,"minecraft:stone_sword":155,"minecraft:red_concrete":26,"minecraft:netherrack":622,"minecraft:anvil":6,"betternether:cincinnasite_pillar":2,"minecraft:stone_stairs":22,"minecraft:blue_concrete":109,"minecraft:polished_diorite":4,"minecraft:small_dripleaf":1,"minecraft:shroomlight":64,"minecraft:flowering_azalea":3,"create:wrench":3549,"create:gearbox":205,"minecraft:rooted_dirt":1,"minecraft:spruce_button":18,"minecraft:brick_stairs":237,"minecraft:smooth_quartz":91,"minecraft:cherry_fence_gate":1,"minecraft:totem_of_undying":6,"create:encased_chain_drive":100,"minecraft:tripwire_hook":3,"minecraft:glowstone":12,"minecraft:cobbled_deepslate":2439,"minecraft:observer":8,"minecraft:water_bucket":439,"minecraft:cartography_table":1,"minecraft:fletching_table":3,"create:furnace_minecart_contraption":51,"minecraft:orange_carpet":1,"minecraft:comparator":13,"minecraft:vine":2,"create:encased_fan":23,"minecraft:crafting_table":24,"minecraft:tnt":239,"create:filter":7,"minecraft:oak_log":114,"create:track":140,"minecraft:iron_pickaxe":319,"create:water_wheel":51,"betternether:cincinnasite_forge":1,"betternether:quartz_glass_framed":4,"betternether:crimson_chest":2,"minecraft:cobblestone":472,"minecraft:red_concrete_powder":19,"minecraft:glass_pane":54,"minecraft:kelp":4,"minecraft:iron_shovel":463,"minecraft:oak_sign":3,"minecraft:iron_sword":476,"minecraft:bell":4,"minecraft:player_head":48,"minecraft:iron_chestplate":1,"create:mechanical_bearing":2,"minecraft:carrot":16,"minecraft:deepslate_tile_slab":118,"minecraft:tuff":285,"create:metal_girder":60,"create:speedometer":13,"minecraft:polished_deepslate_stairs":15,"minecraft:glass":2,"minecraft:coal_ore":125,"minecraft:iron_helmet":2,"create:millstone":4,"minecraft:hopper_minecart":1,"minecraft:stone_bricks":1565,"betterend:tenanea_crafting_table":2,"minecraft:bedrock":31,"minecraft:repeater":8,"minecraft:red_carpet":8,"minecraft:magma_block":2,"minecraft:scaffolding":100,"minecraft:beetroot_seeds":9,"minecraft:large_fern":1,"minecraft:polished_blackstone_stairs":10,"minecraft:golden_boots":10,"minecraft:ender_pearl":1,"minecraft:redstone_block":3,"minecraft:blue_bed":9,"create:track_station":86,"minecraft:yellow_terracotta":12,"minecraft:deepslate_redstone_ore":42,"betterend:tenanea_sapling":2,"minecraft:dripstone_block":7,"minecraft:shears":1547,"minecraft:cobbled_deepslate_stairs":19,"minecraft:redstone_torch":12,"minecraft:firework_rocket":484,"minecraft:melon_slice":225,"minecraft:cyan_bed":9,"minecraft:string":54,"minecraft:gravel":145,"minecraft:golden_helmet":1,"minecraft:jungle_sign":5,"minecraft:grindstone":5,"create:stressometer":26,"minecraft:andesite":129,"minecraft:experience_bottle":49,"minecraft:azalea":3,"minecraft:jungle_leaves":2,"railways:track_switch_brass":6,"minecraft:stone_shovel":1949,"railways:track_oak_narrow":95,"minecraft:spruce_planks":18,"create:mechanical_pump":32,"create:andesite_door":2,"betterend:pink_moss":2,"minecraft:white_carpet":2,"create:copper_casing":5,"minecraft:hopper":62,"minecraft:spruce_stairs":16,"minecraft:cobblestone_wall":16,"minecraft:diamond_helmet":4,"minecraft:shulker_box":166,"create:mechanical_plough":3,"minecraft:granite":351,"betternether:bone_block":4,"create:chute":46,"minecraft:stone_brick_slab":68,"minecraft:bookshelf":17,"minecraft:acacia_slab":1,"create:cart_assembler":49,"minecraft:light_gray_wool":1,"minecraft:golden_carrot":279,"create:radial_chassis":1,"minecraft:emerald_block":2,"minecraft:white_stained_glass_pane":79,"betterend:thallasium_ore":2,"minecraft:cooked_mutton":1,"minecraft:iron_ore":1,"minecraft:glass_bottle":1,"minecraft:polished_andesite":7,"betterend:helix_tree_log":2,"create:empty_blaze_burner":7,"create:train_door":8,"minecraft:copper_block":10,"minecraft:white_dye":4,"minecraft:beacon":6,"minecraft:stonecutter":6,"minecraft:cobblestone_slab":23,"minecraft:terracotta":230,"minecraft:lime_bed":10,"create:schematicannon":3,"minecraft:book":10,"minecraft:nether_gold_ore":17,"minecraft:apple":243,"create:linear_chassis":208,"railways:track_monorail":13,"minecraft:map":2,"minecraft:netherite_axe":3,"minecraft:acacia_fence_gate":1,"minecraft:bucket":526,"minecraft:yellow_bed":8,"create:hand_crank":17,"minecraft:smooth_stone":178,"minecraft:splash_potion":1},"minecraft:crafted":{"minecraft:black_dye":2,"create:copper_diving_boots":1,"minecraft:oak_sign":3,"minecraft:red_sand":20,"minecraft:chain":1,"minecraft:diamond_shovel":3,"create:schematicannon":1,"minecraft:shulker_box":2,"minecraft:granite":39,"create:rotation_speed_controller":2,"create:andesite_funnel":6,"minecraft:diamond_helmet":3,"minecraft:beacon":1,"minecraft:dried_kelp_block":3,"create:brass_funnel":12,"create:cogwheel":437,"create:mechanical_plough":1,"betterend:thallasium_sword_handle":1,"create:rose_quartz":24,"minecraft:jungle_boat":1,"minecraft:acacia_slab":6,"minecraft:smithing_table":2,"minecraft:mossy_cobblestone":1,"minecraft:red_nether_bricks":41,"minecraft:fletching_table":2,"betternether:bone_block":28,"create:encased_chain_drive":23,"create:mechanical_mixer":1,"minecraft:polished_deepslate_slab":34,"minecraft:cartography_table":1,"minecraft:stone_brick_stairs":976,"minecraft:lectern":1,"betternether:quartz_glass_framed":8,"minecraft:stone_slab":858,"minecraft:red_nether_brick_stairs":32,"minecraft:iron_pickaxe":2,"create:schematic_and_quill":1,"create:large_cogwheel":73,"minecraft:netherite_ingot":3,"minecraft:composter":4,"minecraft:jungle_sign":3,"minecraft:golden_carrot":261,"create:wrench":1,"minecraft:iron_nugget":1148,"minecraft:cobbled_deepslate":166,"minecraft:brick_stairs":248,"minecraft:acacia_fence_gate":1,"betternether:crimson_chest":6,"minecraft:stone_stairs":24,"minecraft:terracotta":182,"minecraft:lantern":16,"minecraft:spruce_stairs":24,"betterend:thallasium_ingot":6,"minecraft:stone_pickaxe":22,"minecraft:spruce_boat":2,"minecraft:brick_slab":2,"create:belt_connector":19,"create:windmill_bearing":1,"minecraft:chainmail_leggings":12,"minecraft:enchanting_table":3,"minecraft:acacia_trapdoor":12,"create:goggles":3,"create:redstone_contact":4,"minecraft:dark_oak_button":4,"minecraft:red_carpet":12,"minecraft:deepslate_tiles":40,"minecraft:enchanted_book":6,"create:mechanical_arm":3,"minecraft:black_stained_glass_pane":8,"minecraft:iron_shovel":2,"create:shaft":656,"minecraft:grindstone":1,"minecraft:cobblestone_slab":22,"minecraft:barrel":38,"minecraft:cherry_slab":12,"minecraft:stone":407,"create:mechanical_bearing":1,"create:copper_door":8,"minecraft:quartz_pillar":71,"create:rope_pulley":1,"minecraft:stone_brick_slab":66,"minecraft:bow":11,"create:cart_assembler":1,"minecraft:comparator":8,"minecraft:netherite_helmet":1,"minecraft:chest":137,"minecraft:oak_button":5,"minecraft:yellow_terracotta":16,"minecraft:copper_block":164,"minecraft:rail":48,"minecraft:blue_concrete_powder":96,"minecraft:bricks":3014,"minecraft:red_nether_brick_slab":2,"minecraft:stone_bricks":2451,"minecraft:polished_diorite_slab":4,"create:brass_hand":6,"minecraft:granite_stairs":8,"create:track_station":2,"create:depot":6,"create:fluid_pipe":20,"minecraft:iron_helmet":11,"minecraft:red_wool":2,"minecraft:acacia_button":1,"create:gearshift":1,"betternether:bone_stairs":4,"minecraft:white_stained_glass_pane":64,"create:stressometer":5,"minecraft:dispenser":2,"minecraft:apple":168,"minecraft:tnt":276,"minecraft:spruce_trapdoor":12,"create:controls":2,"create:water_wheel":15,"minecraft:yellow_dye":2,"create:portable_storage_interface":2,"create:white_seat":2,"minecraft:stick":8069,"create:mechanical_pump":3,"minecraft:iron_ingot":1340,"minecraft:deepslate_bricks":44,"minecraft:deepslate_tile_slab":42,"create:chute":16,"minecraft:oak_door":9,"minecraft:tripwire_hook":4,"minecraft:spruce_button":3,"minecraft:furnace":10,"minecraft:blast_furnace":1,"minecraft:piston":5,"minecraft:bamboo_sign":3,"create:experience_nugget":9,"create:schematic_table":1,"minecraft:polished_andesite_slab":2,"minecraft:raw_copper_block":10,"minecraft:smooth_quartz_stairs":152,"minecraft:oak_trapdoor":72,"minecraft:flint_and_steel":5,"minecraft:scaffolding":24,"minecraft:cobblestone_wall":18,"minecraft:chiseled_bookshelf":2,"create:basin":2,"create:steam_whistle":3,"betterend:tenanea_planks":276,"create:andesite_alloy":30,"minecraft:iron_sword":3,"create:large_water_wheel":5,"create:item_drain":2,"minecraft:ice":18,"minecraft:jungle_planks":260,"create:whisk":1,"minecraft:white_dye":9,"betternether:spruce_chair":1,"create:linear_chassis":48,"create:mechanical_crafter":30,"minecraft:stonecutter":3,"minecraft:anvil":4,"create:mechanical_drill":30,"minecraft:andesite":126,"create:copper_diving_helmet":1,"minecraft:torch":200,"create:metal_girder":24,"minecraft:bamboo_trapdoor":12,"create:experience_block":1,"minecraft:diamond_chestplate":1,"minecraft:smooth_stone":631,"minecraft:lever":9,"minecraft:bookshelf":17,"minecraft:iron_bars":224,"minecraft:red_concrete_powder":24,"create:vertical_gearbox":68,"create:radial_chassis":3,"minecraft:quartz_block":248,"minecraft:glass":195,"minecraft:repeater":8,"minecraft:diamond_leggings":2,"minecraft:netherite_boots":1,"create:mechanical_press":2,"minecraft:polished_blackstone":284,"betterend:diorite_pedestal":2,"minecraft:acacia_fence":3,"minecraft:furnace_minecart":1,"minecraft:deepslate":1,"minecraft:emerald":1784,"minecraft:smooth_quartz":18,"minecraft:diamond_axe":1,"minecraft:gravel":352,"minecraft:spruce_door":15,"minecraft:copper_ingot":333,"minecraft:campfire":1,"create:redstone_link":4,"create:gearbox":98,"create:encased_fan":7,"minecraft:bamboo_planks":332,"minecraft:compass":5,"minecraft:iron_block":51,"minecraft:gold_ingot":129,"create:propeller":7,"create:elevator_pulley":1,"betternether:quartz_glass":4,"minecraft:packed_ice":18,"minecraft:stone_shovel":15,"minecraft:smooth_stone_slab":1862,"minecraft:player_head":8,"minecraft:polished_deepslate_stairs":64,"minecraft:red_terracotta":48,"minecraft:bone_meal":603,"minecraft:white_carpet":15,"create:contraption_controls":1,"minecraft:bamboo_stairs":8,"minecraft:diamond":27,"minecraft:ladder":123,"minecraft:spruce_slab":252,"minecraft:diamond_boots":4,"minecraft:cobbled_deepslate_stairs":64,"minecraft:redstone_block":115,"create:electron_tube":24,"minecraft:dark_oak_planks":36,"minecraft:wheat":315,"minecraft:coal_block":7,"create:brass_tunnel":2,"betterend:tenanea_crafting_table":1,"minecraft:dried_kelp":9,"minecraft:deepslate_brick_slab":34,"minecraft:polished_granite":180,"minecraft:glowstone":1,"minecraft:white_stained_glass":16,"minecraft:bamboo_slab":18,"create:speedometer":5,"minecraft:cobblestone":234,"create:metal_bracket":8,"minecraft:blackstone":60,"minecraft:iron_leggings":3,"minecraft:brick":3043,"minecraft:oak_planks":1335,"minecraft:cobblestone_stairs":528,"create:deployer":6,"minecraft:suspicious_stew":2,"minecraft:bamboo_block":187,"minecraft:hopper":31,"minecraft:iron_boots":3,"minecraft:raw_copper":90,"create:spout":1,"minecraft:netherite_upgrade_smithing_template":10,"betternether:bone_wall":2,"minecraft:stone_hoe":1,"minecraft:quartz_stairs":48,"minecraft:item_frame":15,"minecraft:oak_slab":462,"minecraft:map":6,"minecraft:crafting_table":19,"minecraft:spruce_planks":4196,"create:mechanical_saw":7,"minecraft:wooden_pickaxe":2,"create:sand_paper":4,"minecraft:hopper_minecart":1,"minecraft:gold_block":7,"minecraft:birch_planks":16,"minecraft:pumpkin_seeds":60,"minecraft:diorite":98,"minecraft:emerald_block":73,"minecraft:diamond_pickaxe":3,"minecraft:string":28,"minecraft:book":56,"minecraft:iron_chestplate":3,"minecraft:paper":597,"minecraft:charcoal":36,"create:super_glue":1,"minecraft:light_blue_dye":2,"minecraft:stone_sword":2,"minecraft:redstone_torch":51,"minecraft:shears":8,"create:empty_blaze_burner":10,"minecraft:polished_andesite":5,"minecraft:cherry_planks":28,"minecraft:cobbled_deepslate_slab":340,"minecraft:mangrove_propagule":1,"minecraft:redstone":504,"create:steam_engine":9,"minecraft:stone_button":8,"minecraft:dark_oak_trapdoor":12,"minecraft:diamond_block":25,"minecraft:glass_pane":480,"minecraft:blue_ice":2,"minecraft:netherite_leggings":1,"minecraft:leather":64,"minecraft:polished_deepslate":103,"minecraft:spruce_wood":8,"create:millstone":1,"create:empty_schematic":1,"create:fluid_tank":38,"minecraft:filled_map":2,"minecraft:netherite_scrap":9,"create:filter":9,"minecraft:minecart":2,"minecraft:observer":4,"minecraft:cherry_fence_gate":2,"minecraft:red_dye":10,"minecraft:crimson_planks":52,"minecraft:bone_block":28,"create:train_door":4,"create:hand_crank":2,"minecraft:diamond_sword":2,"minecraft:spruce_sign":3,"create:powered_toggle_latch":1,"minecraft:bucket":19,"create:schedule":4,"minecraft:wild_armor_trim_smithing_template":2,"minecraft:stone_axe":5,"minecraft:bread":725,"minecraft:air":0,"minecraft:black_stained_glass":8,"minecraft:blue_dye":11,"minecraft:oak_boat":1,"minecraft:white_wool":18,"minecraft:gold_nugget":99,"minecraft:acacia_planks":14,"minecraft:lapis_lazuli":171,"minecraft:clay":48,"minecraft:lapis_block":60,"minecraft:firework_rocket":459},"minecraft:killed":{"betternether:firefly":1,"minecraft:guardian":7,"minecraft:salmon":1,"minecraft:iron_golem":7,"minecraft:pillager":261,"minecraft:zombie":1657,"minecraft:evoker":51,"minecraft:vindicator":222,"minecraft:polar_bear":1,"minecraft:zombified_piglin":7,"minecraft:witch":86,"minecraft:spider":47,"minecraft:wither":1,"minecraft:silverfish":3,"minecraft:zombie_villager":29,"minecraft:sheep":14,"minecraft:trader_llama":7,"minecraft:slime":14,"minecraft:drowned":2,"minecraft:squid":2,"minecraft:player":6,"minecraft:shulker":3,"minecraft:skeleton":1672,"minecraft:chicken":7,"minecraft:magma_cube":16,"minecraft:cow":2,"minecraft:wandering_trader":3,"minecraft:enderman":12,"minecraft:pig":3,"minecraft:creeper":1744,"minecraft:phantom":2,"betternether:naga":2,"minecraft:bat":10},"minecraft:mined":{"minecraft:white_bed":5,"create:copper_casing":2,"minecraft:granite":3193,"minecraft:acacia_log":32,"betternether:blue_crying_obsidian":5,"betternether:quartz_glass_framed":4,"minecraft:bamboo_block":3,"minecraft:nether_wart":32,"minecraft:polished_blackstone_bricks":1,"minecraft:magma_block":23,"minecraft:cobbled_deepslate":334,"minecraft:fire":36,"minecraft:fletching_table":1,"minecraft:deepslate_lapis_ore":26,"betterend:twisted_moss":3,"minecraft:spruce_wood":8,"minecraft:player_head":8,"minecraft:tripwire":7,"minecraft:bamboo_slab":14,"create:cogwheel":5,"minecraft:blue_concrete_powder":4,"minecraft:kelp_plant":49,"minecraft:crimson_nylium":2,"minecraft:deepslate_tile_slab":5,"minecraft:torch":77,"minecraft:melon":53,"minecraft:oxidized_copper":1,"minecraft:white_stained_glass_pane":15,"minecraft:dead_bush":1,"minecraft:spruce_wall_sign":5,"minecraft:sugar_cane":406,"minecraft:bricks":145,"minecraft:amethyst_block":4,"create:basin":1,"minecraft:bamboo_planks":39,"minecraft:mud":1,"minecraft:grass":116,"minecraft:smooth_quartz":45,"minecraft:smooth_basalt":3,"minecraft:deepslate":6131,"create:zinc_ore":15,"minecraft:cherry_sapling":5,"minecraft:dark_oak_log":78,"minecraft:sea_lantern":2,"minecraft:end_stone":45,"minecraft:dark_oak_fence":1,"minecraft:spruce_fence":6,"minecraft:acacia_button":1,"minecraft:redstone_wire":43,"create:encased_fan":4,"minecraft:cartography_table":1,"create:shaft":3,"betterend:purpur_pedestal":1,"minecraft:acacia_trapdoor":3,"betternether:cincinnasite_wall":2,"minecraft:andesite":826,"minecraft:big_dripleaf_stem":1,"minecraft:vine":14,"minecraft:cobblestone_slab":1,"minecraft:rail":12,"create:deployer":2,"betterend:tenanea_sapling":2,"minecraft:ender_chest":8,"minecraft:redstone_block":14,"minecraft:glass_pane":37,"minecraft:soul_sand":31,"minecraft:dandelion":4,"minecraft:cornflower":1,"minecraft:campfire":4,"minecraft:tall_grass":21,"minecraft:copper_ore":497,"minecraft:deepslate_gold_ore":63,"minecraft:diorite":3125,"minecraft:orange_carpet":1,"minecraft:black_stained_glass":1,"minecraft:red_terracotta":21,"create:mechanical_drill":6,"betterend:lacugrove_chest":4,"minecraft:gravel":1605,"minecraft:cobweb":9,"minecraft:oak_button":1,"minecraft:polished_blackstone":152,"minecraft:stone_bricks":147,"minecraft:fern":13,"minecraft:farmland":6,"minecraft:mossy_stone_brick_slab":2,"minecraft:brewing_stand":8,"minecraft:spruce_trapdoor":2,"minecraft:budding_amethyst":1,"minecraft:cracked_polished_blackstone_bricks":1,"minecraft:composter":4,"betterend:ruscus":6,"create:asurine":10,"minecraft:pointed_dripstone":6,"minecraft:iron_bars":31,"minecraft:azalea":7,"minecraft:granite_stairs":3,"minecraft:spruce_slab":109,"betterend:tenanea_outer_leaves":184,"minecraft:deepslate_redstone_ore":247,"minecraft:quartz_block":45,"minecraft:exposed_copper":5,"minecraft:bamboo_stairs":1,"minecraft:purpur_stairs":7,"create:schematicannon":2,"minecraft:end_stone_brick_slab":1,"minecraft:beacon":3,"create:brass_casing":1,"minecraft:nether_quartz_ore":158,"minecraft:oak_planks":104,"minecraft:wall_torch":17,"minecraft:cauldron":1,"minecraft:stone_stairs":12,"minecraft:warped_nylium":1,"minecraft:blue_ice":28,"minecraft:tnt":13,"minecraft:smooth_stone_slab":156,"minecraft:oak_log":118,"minecraft:beetroots":10,"betterend:tenanea_crafting_table":1,"minecraft:dirt":11684,"minecraft:dispenser":2,"minecraft:ancient_debris":11,"minecraft:crying_obsidian":1,"minecraft:quartz_stairs":39,"minecraft:dark_oak_leaves":2,"minecraft:ladder":1,"minecraft:lever":12,"minecraft:glow_lichen":1,"minecraft:chiseled_bookshelf":2,"minecraft:stone_button":2,"minecraft:weathered_copper":1,"create:depot":2,"minecraft:spruce_leaves":183,"minecraft:crimson_stem":13,"minecraft:hay_block":36,"minecraft:gold_block":15,"minecraft:bookshelf":17,"minecraft:deepslate_iron_ore":45,"minecraft:stripped_oak_log":3,"create:small_deepslate_bricks":2,"betterend:diorite_pedestal":5,"minecraft:acacia_leaves":2,"minecraft:scaffolding":18,"betternether:spruce_chair":1,"minecraft:basalt":2465,"minecraft:polished_granite":39,"create:track":6,"minecraft:stone_slab":54,"minecraft:red_concrete":30,"minecraft:prismarine_bricks":13,"minecraft:bamboo_trapdoor":4,"minecraft:black_wall_banner":2,"minecraft:ice":260,"betterend:tenanea_bark":230,"minecraft:cocoa":2,"minecraft:cherry_leaves":18,"minecraft:flower_pot":1,"minecraft:small_dripleaf":1,"create:andesite_encased_shaft":1,"minecraft:jungle_wall_sign":3,"betternether:bone_block":5,"create:andesite_casing":20,"minecraft:cherry_log":110,"betterend:blue_vine_lantern":17,"minecraft:jungle_leaves":10,"minecraft:obsidian":81,"minecraft:jungle_log":69,"betterend:pythadendron_bark":1,"minecraft:deepslate_bricks":83,"minecraft:coal_block":2,"minecraft:hopper":31,"minecraft:weeping_vines_plant":1,"minecraft:tall_seagrass":14,"minecraft:pumpkin":16,"minecraft:moss_carpet":23,"minecraft:enchanting_table":5,"minecraft:cave_vines":4,"minecraft:polished_deepslate_slab":6,"minecraft:dirt_path":32,"minecraft:deepslate_brick_stairs":9,"create:gearshift":1,"minecraft:stripped_bamboo_block":7,"minecraft:iron_block":45,"create:veridium":19,"minecraft:piston_head":1,"minecraft:brown_mushroom":2,"betterend:pink_moss":28,"minecraft:player_wall_head":11,"minecraft:soul_fire":2,"betterend:lacugrove_crafting_table":2,"minecraft:glass":2,"minecraft:cyan_bed":8,"minecraft:spruce_sign":1,"minecraft:cherry_fence":1,"minecraft:wheat":43,"create:mechanical_mixer":2,"betterend:dense_emerald_ice":17,"betternether:egg_plant":3,"minecraft:stone_brick_stairs":53,"minecraft:copper_block":3,"minecraft:stonecutter":3,"minecraft:infested_deepslate":2,"betternether:cincinnasite_forge":1,"create:millstone":1,"minecraft:shulker_box":164,"minecraft:cobbled_deepslate_slab":9,"betterend:emerald_ice":26,"minecraft:jungle_planks":3,"minecraft:crimson_roots":1,"minecraft:orange_shulker_box":12,"minecraft:cherry_wood":1,"minecraft:moss_block":110,"minecraft:kelp":8,"minecraft:snow":2114,"minecraft:potatoes":5,"betterend:ancient_emerald_ice":6,"minecraft:smooth_quartz_stairs":52,"minecraft:bamboo":475,"minecraft:white_wool":3,"minecraft:smithing_table":3,"create:white_seat":3,"minecraft:comparator":5,"minecraft:stone_brick_slab":14,"minecraft:observer":5,"betternether:rubeus_bark":2,"minecraft:smooth_sandstone":2,"betternether:bone_wall":4,"minecraft:spruce_button":7,"minecraft:emerald_ore":11,"create:water_wheel":11,"betternether:bone_stairs":2,"minecraft:big_dripleaf":2,"create:blaze_burner":2,"minecraft:purple_bed":8,"create:experience_block":1,"create:gearbox":1,"minecraft:spruce_log":1288,"minecraft:quartz_pillar":30,"create:crushing_wheel":2,"minecraft:dripstone_block":10,"minecraft:spruce_planks":15,"minecraft:attached_melon_stem":1,"minecraft:cobbled_deepslate_stairs":1,"minecraft:cobblestone_stairs":109,"minecraft:cave_vines_plant":3,"minecraft:grass_block":4045,"minecraft:blue_concrete":106,"minecraft:soul_soil":7,"minecraft:smooth_stone":7,"minecraft:glowstone":19,"minecraft:red_nether_brick_stairs":4,"minecraft:iron_ore":83,"minecraft:anvil":3,"minecraft:azure_bluet":1,"railways:track_oak_narrow":2,"betterend:tenanea_leaves":1469,"railways:mono_bogey":1,"minecraft:blackstone":265,"minecraft:melon_stem":4,"minecraft:clay":823,"betterend:thallasium_ore":10,"minecraft:calcite":9,"minecraft:poppy":14,"minecraft:chest":100,"minecraft:cobblestone":274,"minecraft:grindstone":6,"minecraft:prismarine":16,"minecraft:pink_petals":93,"minecraft:seagrass":3,"minecraft:nether_wart_block":2,"minecraft:lapis_block":2,"minecraft:birch_log":5,"minecraft:light_gray_wool":1,"minecraft:acacia_fence":3,"minecraft:sand":827,"betterend:tenanea_flowers":10,"create:encased_chain_drive":3,"betterend:flavolite":1,"minecraft:netherrack":5062,"minecraft:oak_leaves":122,"minecraft:emerald_block":2,"minecraft:nether_gold_ore":44,"minecraft:diamond_ore":4,"minecraft:tuff":577,"minecraft:red_carpet":1,"minecraft:deepslate_diamond_ore":107,"minecraft:stripped_cherry_log":1,"minecraft:brick_stairs":20,"minecraft:mangrove_propagule":4,"minecraft:sandstone":26,"minecraft:rooted_dirt":212,"minecraft:large_fern":23,"minecraft:deepslate_brick_slab":10,"minecraft:oak_trapdoor":1,"minecraft:furnace":21,"minecraft:carrots":14,"minecraft:red_concrete_powder":3,"minecraft:stripped_spruce_log":3,"minecraft:bell":3,"minecraft:lantern":1,"minecraft:packed_ice":34,"minecraft:stone":56789,"minecraft:flowering_azalea":4,"minecraft:spruce_door":6,"minecraft:crafting_table":17,"minecraft:lectern":1,"minecraft:lapis_ore":30,"minecraft:lily_pad":7,"betternether:rubeus_leaves":2,"minecraft:blue_bed":9,"betterend:bulb_vine":2,"minecraft:spruce_stairs":3,"create:schematic_table":1,"minecraft:cactus":7,"minecraft:lime_bed":10,"minecraft:brick_slab":1,"minecraft:acacia_fence_gate":1,"minecraft:sweet_berry_bush":22,"minecraft:yellow_bed":7,"minecraft:coal_ore":889,"minecraft:terracotta":50,"minecraft:polished_andesite":2,"betternether:cincinnasite_pillar":2},"minecraft:custom":{"minecraft:interact_with_crafting_table":2037,"minecraft:play_time":7941438,"minecraft:deaths":18,"minecraft:jump":56901,"minecraft:interact_with_cartography_table":2,"minecraft:inspect_dispenser":2,"minecraft:interact_with_anvil":71,"minecraft:inspect_hopper":539,"minecraft:time_since_rest":13035,"minecraft:swim_one_cm":665561,"minecraft:open_chest":6607,"minecraft:open_shulker_box":1088,"minecraft:damage_resisted":31,"minecraft:talked_to_villager":752,"minecraft:interact_with_brewingstand":20,"minecraft:interact_with_beacon":8,"minecraft:interact_with_campfire":15,"minecraft:raid_win":2,"minecraft:boat_one_cm":390564,"minecraft:damage_taken":34123,"minecraft:aviate_one_cm":18181881,"minecraft:bell_ring":76,"minecraft:leave_game":192,"minecraft:time_since_death":585644,"minecraft:enchant_item":47,"minecraft:interact_with_furnace":877,"minecraft:traded_with_villager":2094,"minecraft:sleep_in_bed":412,"minecraft:damage_dealt":152704,"minecraft:interact_with_smithing_table":50,"minecraft:sneak_time":479909,"minecraft:interact_with_blast_furnace":1,"minecraft:total_world_time":7941438,"minecraft:interact_with_stonecutter":37,"minecraft:fly_one_cm":8089792,"minecraft:fall_one_cm":991619,"minecraft:sprint_one_cm":9316810,"minecraft:drop":3631,"minecraft:walk_on_water_one_cm":388069,"minecraft:open_enderchest":375,"minecraft:player_kills":6,"minecraft:crouch_one_cm":1418532,"minecraft:mob_kills":5932,"minecraft:climb_one_cm":486211,"minecraft:walk_one_cm":15954206,"minecraft:walk_under_water_one_cm":1240585,"minecraft:raid_trigger":9,"minecraft:pot_flower":2,"minecraft:interact_with_grindstone":62,"minecraft:damage_absorbed":238},"minecraft:dropped":{"minecraft:iron_sword":2,"minecraft:lapis_lazuli":13,"minecraft:glass_bottle":7,"minecraft:diamond":1,"minecraft:cooked_porkchop":7,"minecraft:quartz_pillar":2,"minecraft:emerald":150,"betterend:iron_hammer":1,"minecraft:dark_oak_fence":1,"minecraft:cherry_leaves":1,"minecraft:gold_nugget":5,"minecraft:sand":354,"minecraft:white_wool":1,"minecraft:stone_axe":3,"minecraft:ancient_debris":4,"minecraft:lever":5,"minecraft:iron_nugget":935,"minecraft:cobbled_deepslate":2476,"minecraft:wheat":7,"minecraft:obsidian":10,"minecraft:rotten_flesh":1046,"minecraft:oak_planks":2,"minecraft:coal_ore":3,"minecraft:quartz_block":3,"minecraft:leather_boots":27,"minecraft:leather_leggings":37,"minecraft:beef":2,"minecraft:golden_boots":22,"minecraft:wheat_seeds":27,"minecraft:dripstone_block":3,"minecraft:lava_bucket":4,"railways:brown_conductor_cap":1,"minecraft:ink_sac":2,"minecraft:cherry_planks":2,"minecraft:potion":5,"minecraft:golden_hoe":1,"minecraft:white_banner":14,"minecraft:mud":5,"minecraft:smooth_stone":6,"minecraft:chainmail_leggings":4,"minecraft:smooth_sandstone":2,"minecraft:lily_pad":3,"minecraft:acacia_planks":19,"minecraft:stone_brick_slab":4,"minecraft:bricks":524,"minecraft:player_head":16,"minecraft:stone_shovel":1,"minecraft:clay_ball":67,"minecraft:iron_boots":7,"minecraft:cherry_slab":20,"minecraft:cobbled_deepslate_slab":64,"minecraft:shears":1,"minecraft:diamond_sword":2,"minecraft:spruce_boat":2,"create:zinc_ingot":50,"minecraft:spruce_planks":21,"minecraft:diamond_pickaxe":16,"create:hand_crank":2,"minecraft:stone_bricks":11,"minecraft:bamboo":82,"minecraft:bow":281,"minecraft:magma_block":9,"create:belt_connector":1,"minecraft:oak_log":3906,"minecraft:dark_oak_sapling":4,"minecraft:leather":4,"minecraft:jungle_planks":3,"minecraft:cobblestone_stairs":64,"create:linear_chassis":2,"minecraft:ice":2,"minecraft:snowball":69,"minecraft:jungle_sign":1,"minecraft:gold_ingot":14,"minecraft:pointed_dripstone":5,"minecraft:cooked_mutton":8,"minecraft:ward_armor_trim_smithing_template":1,"minecraft:leather_chestplate":31,"minecraft:iron_bars":88,"create:andesite_alloy":38,"minecraft:stone_hoe":1,"minecraft:bread":457,"minecraft:golden_helmet":13,"minecraft:cherry_log":15,"minecraft:netherite_axe":1,"railways:track_spruce_narrow":65,"minecraft:spruce_stairs":1,"minecraft:cherry_fence_gate":1,"minecraft:iron_block":3,"minecraft:melon_slice":22,"minecraft:fire_charge":1,"minecraft:redstone_block":7,"minecraft:kelp":10,"minecraft:sweet_berries":18,"minecraft:oak_trapdoor":22,"create:furnace_minecart_contraption":1,"minecraft:wild_armor_trim_smithing_template":1,"minecraft:totem_of_undying":2,"minecraft:shulker_box":3,"minecraft:flint_and_steel":2,"minecraft:deepslate_bricks":992,"minecraft:copper_ore":26,"create:cart_assembler":1,"minecraft:andesite":1115,"minecraft:golden_leggings":27,"minecraft:oak_sapling":19,"create:deployer":1,"minecraft:spruce_log":45,"minecraft:brick":2,"minecraft:clay":8,"create:cogwheel":8,"minecraft:rail":4,"minecraft:leather_helmet":19,"minecraft:dirt":1036,"minecraft:grass":1,"create:speedometer":2,"minecraft:bone_meal":62,"create:goggles":3,"minecraft:bone":515,"minecraft:sugar_cane":4,"create:crushed_raw_copper":64,"minecraft:golden_chestplate":33,"minecraft:pink_dye":2,"minecraft:white_bed":1,"minecraft:dark_oak_fence_gate":1,"minecraft:salmon":1,"minecraft:lime_bed":2,"minecraft:brick_stairs":1,"minecraft:charcoal":785,"create:wrench":2,"minecraft:white_dye":2,"minecraft:spruce_slab":14,"minecraft:cherry_fence":1,"minecraft:egg":2,"minecraft:iron_ingot":126,"minecraft:copper_block":7,"minecraft:tnt":26,"minecraft:feather":11,"minecraft:cobblestone":1342,"minecraft:iron_helmet":1,"minecraft:apple":66,"minecraft:granite":198,"minecraft:spruce_button":5,"minecraft:spruce_door":6,"minecraft:chainmail_helmet":12,"minecraft:coal":2,"minecraft:golden_carrot":48,"minecraft:diamond_helmet":4,"minecraft:iron_shovel":5,"minecraft:paper":9,"minecraft:string":38,"minecraft:oxidized_copper":1,"minecraft:spruce_sapling":20,"minecraft:furnace":1,"minecraft:cobblestone_wall":3,"railways:track_incomplete_oak_narrow":12,"minecraft:deepslate":73,"minecraft:smooth_stone_slab":6,"minecraft:bowl":2,"minecraft:chicken":3,"minecraft:polished_deepslate_slab":2,"minecraft:stone_slab":31,"minecraft:potato":2,"minecraft:stone":4505,"minecraft:spider_eye":15,"create:andesite_funnel":1,"minecraft:spruce_sign":3,"minecraft:crimson_nylium":2,"create:super_glue":1,"minecraft:brown_mushroom":1,"minecraft:birch_planks":1,"minecraft:diamond_axe":4,"minecraft:baked_potato":3,"minecraft:netherite_upgrade_smithing_template":3,"minecraft:lantern":1,"create:track":2,"minecraft:flint":12,"minecraft:spruce_leaves":1,"create:incomplete_track":21,"minecraft:netherite_scrap":2,"create:iron_sheet":1,"minecraft:gravel":732,"minecraft:blackstone":17,"minecraft:cherry_sapling":23,"minecraft:diamond_shovel":6,"minecraft:carrot":4,"minecraft:chainmail_chestplate":13,"minecraft:gunpowder":462,"minecraft:melon_seeds":2,"minecraft:chainmail_boots":4,"minecraft:chest":1,"create:brass_ingot":5,"minecraft:arrow":750,"minecraft:basalt":16,"minecraft:quartz":32,"minecraft:oak_leaves":1,"minecraft:netherrack":626,"minecraft:firework_rocket":207,"minecraft:water_bucket":4,"create:unprocessed_obsidian_sheet":1,"minecraft:oak_slab":221,"minecraft:diamond_leggings":5,"minecraft:prismarine_shard":12,"betternether:bone_stairs":2,"minecraft:copper_ingot":57,"betterend:tenanea_sapling":7,"minecraft:grass_block":7,"minecraft:stick":108,"betterend:tenanea_outer_leaves":69,"minecraft:deepslate_brick_stairs":129,"minecraft:diorite":522,"minecraft:nether_gold_ore":8,"minecraft:torch":3,"minecraft:iron_leggings":3,"betterend:tenanea_leaves":134,"create:railway_casing":2,"minecraft:pink_petals":12,"minecraft:bucket":15,"minecraft:redstone":26,"minecraft:dandelion":2,"minecraft:smooth_basalt":3,"minecraft:anvil":1,"minecraft:ender_chest":1,"minecraft:blaze_rod":1,"minecraft:nether_wart":1,"create:shaft":10,"minecraft:raw_copper":22,"minecraft:tuff":382,"minecraft:glass_pane":5,"minecraft:snow":2272,"minecraft:filled_map":3,"create:redstone_link":2,"minecraft:diamond_chestplate":4,"minecraft:iron_chestplate":2,"minecraft:diamond_boots":3,"minecraft:slime_ball":1,"minecraft:stone_pickaxe":4,"minecraft:nether_quartz_ore":21,"minecraft:calcite":9,"betterend:tenanea_bark":92,"minecraft:white_stained_glass":2,"create:empty_blaze_burner":10},"minecraft:killed_by":{"minecraft:zombie_villager":1,"minecraft:skeleton":1,"minecraft:guardian":1,"minecraft:player":8},"minecraft:picked_up":{"minecraft:stone_slab":507,"minecraft:smithing_table":3,"minecraft:lead":20,"minecraft:enchanted_book":12,"betterend:tenanea_bark":169,"minecraft:blue_concrete":106,"minecraft:polished_deepslate":54,"minecraft:string":144,"betterend:blue_vine_lantern":17,"minecraft:diamond_leggings":10,"create:cart_assembler":2,"create:powered_toggle_latch":2,"minecraft:diamond_ore":4,"minecraft:big_dripleaf":4,"create:andesite_casing":28,"minecraft:acacia_log":31,"betternether:bone_wall":4,"minecraft:golden_chestplate":25,"minecraft:cauldron":2,"minecraft:stone_sword":4,"create:copper_casing":2,"create:track":21,"minecraft:glowstone":17,"minecraft:bookshelf":15,"minecraft:blaze_rod":1,"minecraft:iron_bars":103,"minecraft:snowball":179,"minecraft:furnace_minecart":4,"minecraft:feather":6,"minecraft:cooked_beef":2,"minecraft:water_bucket":8,"minecraft:copper_block":10,"minecraft:flint":128,"minecraft:cherry_fence":1,"create:small_deepslate_bricks":2,"minecraft:lantern":17,"minecraft:stonecutter":3,"create:goggles":6,"minecraft:diamond_helmet":8,"betterend:pythadendron_bark":1,"create:experience_block":1,"create:gearshift":2,"minecraft:stripped_spruce_log":3,"minecraft:iron_hoe":1,"minecraft:polished_andesite":2,"minecraft:deepslate":2561,"minecraft:lever":46,"minecraft:granite":2338,"minecraft:spruce_button":12,"minecraft:rooted_dirt":204,"minecraft:diamond_pickaxe":36,"minecraft:mud":6,"minecraft:clay_ball":2252,"minecraft:leather_leggings":17,"minecraft:stripped_cherry_log":3,"minecraft:acacia_button":1,"minecraft:elytra":5,"minecraft:flint_and_steel":7,"minecraft:white_stained_glass":6,"minecraft:iron_shovel":4,"minecraft:glass_pane":38,"minecraft:jungle_sapling":5,"minecraft:poppy":33,"minecraft:spruce_slab":58,"betterend:dense_emerald_ice":10,"minecraft:birch_sapling":8,"minecraft:piston":2,"railways:track_oak_narrow":39,"minecraft:copper_ore":279,"minecraft:black_stained_glass":1,"minecraft:stone":23827,"minecraft:fire_charge":1,"minecraft:white_dye":4,"minecraft:jungle_sign":7,"minecraft:diamond_chestplate":8,"minecraft:stone_shovel":8,"minecraft:hay_block":35,"create:depot":3,"minecraft:totem_of_undying":6,"minecraft:polished_blackstone":152,"minecraft:mutton":3,"minecraft:rail":22,"minecraft:emerald_ore":9,"minecraft:lime_bed":15,"minecraft:tripwire_hook":3,"minecraft:lily_pad":190,"betterend:helix_tree_planks":41,"minecraft:paper":116,"create:crushing_wheel":12,"minecraft:apple":7,"minecraft:wild_armor_trim_smithing_template":3,"minecraft:stone_pickaxe":9,"minecraft:iron_ore":17,"minecraft:smooth_basalt":3,"minecraft:sweet_berries":66,"minecraft:weathered_copper":1,"minecraft:crying_obsidian":2,"minecraft:leather_helmet":10,"create:millstone":1,"minecraft:diamond_shovel":12,"minecraft:coal_ore":256,"minecraft:slime_ball":25,"betterend:emerald_ice":14,"betterend:thallasium_raw":6,"minecraft:deepslate_redstone_ore":58,"minecraft:baked_potato":2,"create:portable_storage_interface":2,"betterend:diorite_pedestal":5,"minecraft:red_nether_brick_slab":1,"railways:track_incomplete_oak_narrow":8,"minecraft:hopper":27,"minecraft:ender_chest":13,"create:mechanical_crafter":1,"minecraft:stone_brick_stairs":155,"betternether:bone_block":6,"minecraft:lapis_block":17,"minecraft:deepslate_lapis_ore":5,"minecraft:experience_bottle":49,"minecraft:bucket":16,"minecraft:smooth_stone":133,"minecraft:comparator":5,"minecraft:rose_bush":1,"minecraft:cobblestone_slab":1,"minecraft:azalea":9,"minecraft:iron_pickaxe":3,"minecraft:smooth_quartz":149,"minecraft:smooth_quartz_stairs":84,"minecraft:deepslate_iron_ore":2,"minecraft:tipped_arrow":1,"betternether:obsidian_rod_tiles":1,"minecraft:polished_deepslate_stairs":1,"minecraft:spruce_stairs":4,"minecraft:diorite":1385,"minecraft:vine":4,"create:large_cogwheel":6,"minecraft:rotten_flesh":1001,"create:asurine":10,"minecraft:deepslate_brick_stairs":522,"minecraft:obsidian":137,"minecraft:blaze_powder":2,"minecraft:cobblestone":3846,"minecraft:enchanting_table":5,"minecraft:pink_petals":227,"minecraft:leather_chestplate":18,"minecraft:cherry_planks":10,"minecraft:andesite":659,"minecraft:orange_carpet":1,"minecraft:golden_leggings":15,"minecraft:beacon":3,"minecraft:potato":11,"create:belt_connector":3,"create:raw_zinc":34,"minecraft:prismarine_bricks":13,"minecraft:dirt":8057,"minecraft:glass":38,"minecraft:bone":418,"minecraft:acacia_planks":19,"minecraft:bow":171,"minecraft:wheat_seeds":115,"minecraft:small_dripleaf":1,"minecraft:grindstone":8,"minecraft:netherite_axe":1,"minecraft:fletching_table":1,"minecraft:bamboo":5004,"minecraft:prismarine":16,"minecraft:grass_block":1444,"minecraft:diamond_block":1,"minecraft:jungle_leaves":2,"minecraft:sugar":10,"betternether:bone_stairs":2,"minecraft:netherite_helmet":4,"create:schedule":1,"betternether:cincinnasite_pillar":3,"minecraft:cherry_wood":1,"minecraft:crossbow":2,"minecraft:bone_meal":231,"minecraft:grass":7,"minecraft:golden_apple":2,"minecraft:spruce_sign":19,"minecraft:emerald":148,"betterend:tenanea_leaves":267,"minecraft:netherrack":3558,"create:stressometer":1,"minecraft:oak_leaves":100,"minecraft:azure_bluet":2,"minecraft:splash_potion":4,"betternether:blue_crying_obsidian":14,"minecraft:ladder":142,"minecraft:packed_ice":33,"betterend:lacugrove_chest":4,"minecraft:brown_mushroom":3,"create:schematic_table":1,"minecraft:brick":67,"minecraft:oak_trapdoor":73,"minecraft:moss_carpet":34,"minecraft:blackstone":252,"minecraft:end_stone":61,"create:railway_casing":3,"minecraft:cookie":5,"create:hand_crank":5,"create:zinc_ingot":12,"create:deployer":8,"minecraft:blue_concrete_powder":4,"create:experience_nugget":50,"minecraft:pumpkin_pie":3,"minecraft:ward_armor_trim_smithing_template":1,"minecraft:black_banner":2,"minecraft:brick_stairs":18,"minecraft:netherite_boots":3,"minecraft:jungle_boat":6,"minecraft:basalt":874,"minecraft:golden_carrot":111,"minecraft:leather":24,"minecraft:ice":157,"minecraft:granite_stairs":6,"minecraft:chainmail_chestplate":10,"minecraft:gunpowder":459,"minecraft:cobbled_deepslate_stairs":3,"minecraft:yellow_bed":7,"minecraft:cobblestone_wall":1,"minecraft:cooked_mutton":18,"minecraft:red_carpet":2,"minecraft:acacia_trapdoor":3,"minecraft:spruce_wood":8,"minecraft:iron_ingot":532,"betterend:twisted_moss":2,"create:large_water_wheel":1,"minecraft:nether_quartz_ore":93,"minecraft:emerald_block":2,"minecraft:stone_brick_slab":18,"minecraft:quartz":436,"minecraft:dandelion":5,"minecraft:lava_bucket":10,"minecraft:amethyst_shard":9,"betterend:tenanea_chair":1,"minecraft:spruce_door":8,"minecraft:brick_slab":1,"betternether:cincinnasite_forge":1,"minecraft:chainmail_leggings":8,"create:crushed_raw_copper":64,"minecraft:cherry_sapling":73,"minecraft:terracotta":66,"minecraft:chainmail_boots":6,"minecraft:flower_pot":1,"minecraft:anvil":3,"minecraft:prismarine_shard":41,"minecraft:diamond_sword":8,"create:wrench":5,"minecraft:brewing_stand":8,"minecraft:soul_soil":22,"minecraft:cooked_salmon":2,"create:water_wheel":18,"minecraft:gold_nugget":124,"minecraft:cobbled_deepslate":6163,"minecraft:spruce_planks":137,"minecraft:netherite_upgrade_smithing_template":3,"minecraft:melon_slice":313,"minecraft:coal_block":2,"minecraft:golden_helmet":6,"create:train_door":1,"minecraft:composter":4,"minecraft:bamboo_slab":16,"minecraft:cherry_log":84,"betterend:tenanea_sapling":40,"minecraft:deepslate_tile_stairs":2,"minecraft:bamboo_block":3,"betterend:purpur_pedestal":1,"minecraft:tropical_fish":1,"railways:track_spruce_narrow":13,"create:copper_door":1,"minecraft:blue_dye":62,"minecraft:iron_block":392,"minecraft:birch_log":5,"minecraft:magma_block":18,"minecraft:oxidized_copper":4,"minecraft:cherry_leaves":4,"minecraft:jungle_log":70,"betterend:tenanea_flowers":4,"minecraft:netherite_leggings":1,"minecraft:map":2,"create:encased_chain_drive":5,"minecraft:stripped_bamboo_block":7,"create:mechanical_drill":6,"betterend:iron_hammer":4,"create:shaft":24,"minecraft:glowstone_dust":24,"minecraft:moss_block":107,"create:super_glue":5,"create:empty_blaze_burner":2,"minecraft:ink_sac":7,"betterend:glowing_bulb":2,"minecraft:dark_oak_log":79,"minecraft:red_terracotta":21,"betterend:flavolite":1,"minecraft:dispenser":2,"minecraft:deepslate_gold_ore":4,"minecraft:blue_ice":29,"minecraft:bread":244,"minecraft:chainmail_helmet":8,"minecraft:cherry_slab":26,"minecraft:dark_oak_fence":1,"minecraft:bricks":778,"minecraft:spruce_leaves":31,"minecraft:crafting_table":18,"betternether:quartz_glass_framed":4,"minecraft:nether_wart":138,"minecraft:snow":2941,"minecraft:netherite_scrap":5,"create:redstone_link":10,"minecraft:cartography_table":2,"minecraft:deepslate_diamond_ore":39,"minecraft:music_disc_otherside":2,"minecraft:beef":4,"betternether:crimson_chest":2,"create:white_seat":3,"minecraft:iron_nugget":116,"minecraft:quartz_stairs":39,"minecraft:chest":105,"minecraft:raw_copper_block":2,"minecraft:egg":2,"minecraft:sandstone":26,"minecraft:polished_deepslate_slab":22,"minecraft:spruce_fence":6,"create:powdered_obsidian":6,"minecraft:carrot":40,"minecraft:redstone":1026,"create:brass_casing":1,"minecraft:prismarine_crystals":8,"create:vertical_gearbox":3,"minecraft:tnt":13,"minecraft:beetroot_seeds":11,"betterend:helix_tree_crafting_table":1,"minecraft:deepslate_bricks":1738,"minecraft:shears":1,"minecraft:diamond_boots":8,"betternether:obsidian_tile_small":1,"minecraft:gold_ingot":59,"minecraft:glow_berries":8,"minecraft:white_wool":17,"minecraft:lapis_ore":18,"minecraft:stripped_oak_log":3,"minecraft:bamboo_stairs":4,"create:iron_sheet":25,"minecraft:chiseled_bookshelf":1,"minecraft:red_mushroom":1,"minecraft:filled_map":5,"minecraft:oak_log":1157,"minecraft:ancient_debris":13,"minecraft:golden_boots":14,"minecraft:blue_bed":9,"minecraft:white_banner":36,"minecraft:kelp":238,"betternether:spruce_chair":1,"minecraft:stone_bricks":401,"minecraft:glass_bottle":6,"minecraft:iron_sword":6,"minecraft:flowering_azalea":7,"minecraft:white_stained_glass_pane":15,"betterend:thallasium_ingot":5,"minecraft:gravel":1628,"minecraft:spruce_sapling":419,"minecraft:spruce_log":1434,"betterend:tenanea_outer_leaves":127,"betterend:tenanea_crafting_table":1,"betternether:cincinnasite_ingot":14,"create:gearbox":9,"minecraft:firework_rocket":342,"minecraft:purple_bed":9,"minecraft:bamboo_trapdoor":3,"minecraft:stone_axe":8,"minecraft:polished_diorite":11,"create:mechanical_pump":3,"minecraft:diamond_axe":8,"minecraft:oak_button":3,"create:incomplete_track":41,"minecraft:melon_seeds":19,"minecraft:warped_nylium":1,"minecraft:crimson_nylium":2,"minecraft:mangrove_propagule":6,"minecraft:pink_dye":2,"minecraft:ender_pearl":12,"minecraft:shulker_shell":5,"minecraft:wheat":88,"minecraft:exposed_copper":10,"minecraft:redstone_block":33,"minecraft:potion":6,"minecraft:nether_brick":52,"create:furnace_minecart_contraption":2,"minecraft:raw_copper":758,"minecraft:smooth_stone_slab":181,"minecraft:iron_leggings":8,"create:andesite_funnel":2,"minecraft:deepslate_tiles":71,"create:mechanical_press":1,"minecraft:redstone_torch":4,"minecraft:calcite":9,"minecraft:iron_boots":11,"minecraft:furnace":20,"minecraft:stick":436,"minecraft:orange_shulker_box":13,"create:mechanical_mixer":2,"minecraft:torch":175,"betterend:lacugrove_crafting_table":2,"minecraft:porkchop":4,"minecraft:dried_kelp":15,"minecraft:pointed_dripstone":11,"create:schematicannon":2,"minecraft:quartz_block":48,"minecraft:nether_gold_ore":41,"minecraft:cactus":25,"create:veridium":19,"betterend:thallasium_ore":8,"minecraft:cod":1,"create:speedometer":3,"minecraft:magma_cream":1,"minecraft:tuff":753,"minecraft:wither_skeleton_skull":3,"minecraft:lapis_lazuli":420,"minecraft:polished_granite":51,"minecraft:leather_boots":15,"minecraft:deepslate_brick_slab":20,"minecraft:raw_gold":91,"minecraft:cobbled_deepslate_slab":82,"minecraft:bell":4,"minecraft:oak_planks":160,"minecraft:stone_hoe":9,"create:radial_chassis":3,"minecraft:cooked_porkchop":7,"create:cogwheel":40,"minecraft:jungle_planks":3,"minecraft:sand":1783,"minecraft:cyan_bed":8,"betterend:pink_moss":27,"minecraft:shulker_box":168,"minecraft:clay":257,"minecraft:spruce_boat":15,"minecraft:diamond":161,"create:filter":6,"minecraft:oak_sapling":153,"minecraft:nether_star":1,"minecraft:charcoal":578,"minecraft:cocoa_beans":14,"minecraft:chicken":1,"minecraft:wooden_pickaxe":1,"minecraft:gold_block":16,"betterend:lacugrove_planks":1,"minecraft:stone_stairs":12,"betternether:obsidian_tile_stairs":1,"minecraft:item_frame":5,"create:chute":1,"minecraft:oak_boat":5,"minecraft:player_head":76,"create:basin":1,"minecraft:observer":6,"minecraft:light_gray_wool":1,"minecraft:lectern":5,"minecraft:sugar_cane":712,"create:linear_chassis":14,"minecraft:spruce_trapdoor":2,"betternether:rubeus_bark":2,"minecraft:dark_oak_sapling":8,"minecraft:raw_iron":184,"create:golden_sheet":2,"minecraft:copper_ingot":217,"minecraft:bowl":2,"minecraft:quartz_pillar":32,"minecraft:stone_button":2,"minecraft:arrow":424,"minecraft:golden_hoe":1,"minecraft:crimson_stem":13,"minecraft:salmon":1,"betterend:lanceleaf_seed":1,"minecraft:birch_planks":1,"create:andesite_alloy":164,"create:blaze_burner":10,"minecraft:cobblestone_stairs":109,"minecraft:deepslate_tile_slab":17,"minecraft:smooth_sandstone":2,"minecraft:red_nether_brick_stairs":20,"betterend:thallasium_sword_handle":1,"minecraft:soul_sand":77,"minecraft:acacia_sapling":8,"minecraft:book":17,"minecraft:scaffolding":135,"create:mechanical_bearing":2,"minecraft:red_concrete_powder":3,"minecraft:bamboo_planks":46,"minecraft:pumpkin":16,"minecraft:dripstone_block":11,"minecraft:blast_furnace":2,"minecraft:white_bed":6,"create:brass_tunnel":4,"minecraft:dark_oak_fence_gate":1,"minecraft:mossy_stone_brick_slab":1,"minecraft:spider_eye":16,"create:brass_ingot":5,"minecraft:campfire":4,"create:encased_fan":5,"minecraft:iron_helmet":2,"minecraft:red_concrete":30,"minecraft:coal":1172},"minecraft:broken":{"minecraft:shears":6,"minecraft:wooden_pickaxe":1,"minecraft:iron_pickaxe":1,"minecraft:iron_shovel":1,"minecraft:stone_pickaxe":19,"minecraft:stone_axe":5,"minecraft:stone_shovel":14,"minecraft:iron_sword":3,"minecraft:stone_sword":1,"minecraft:flint_and_steel":2,"create:sand_paper":2}},"DataVersion":3465}