{"stats":{"minecraft:killed":{"minecraft:cod":1,"minecraft:skeleton":36,"minecraft:chicken":43,"minecraft:tropical_fish":3,"minecraft:salmon":13,"minecraft:iron_golem":6,"minecraft:pillager":30,"minecraft:zombie":131,"minecraft:cow":40,"minecraft:vindicator":4,"minecraft:horse":3,"minecraft:frog":1,"minecraft:enderman":12,"minecraft:zombified_piglin":1,"minecraft:witch":4,"minecraft:spider":26,"minecraft:piglin":1,"minecraft:pig":30,"minecraft:zombie_villager":2,"minecraft:creeper":25,"minecraft:sheep":52,"minecraft:trader_llama":4,"minecraft:phantom":1,"minecraft:drowned":1,"minecraft:bat":3,"minecraft:squid":3,"minecraft:player":24,"minecraft:villager":2},"minecraft:picked_up":{"minecraft:seagrass":1,"minecraft:iron_chestplate":40,"minecraft:chainmail_boots":5,"minecraft:anvil":10,"minecraft:suspicious_stew":6,"minecraft:lead":9,"minecraft:diamond_sword":6,"minecraft:oak_stairs":2,"minecraft:enchanted_book":8,"minecraft:brewing_stand":6,"minecraft:amethyst_block":50,"minecraft:string":122,"minecraft:soul_soil":99,"minecraft:cooked_salmon":3,"minecraft:beetroot":2,"minecraft:diamond_leggings":4,"minecraft:gold_nugget":376,"minecraft:cobbled_deepslate":6820,"minecraft:spruce_planks":616,"minecraft:acacia_sign":5,"betternether:cincinnasite_chestplate":5,"minecraft:netherite_upgrade_smithing_template":2,"minecraft:hopper_minecart":8,"minecraft:melon_slice":2347,"minecraft:golden_helmet":8,"minecraft:white_glazed_terracotta":6,"minecraft:composter":1,"minecraft:green_bed":2,"minecraft:acacia_log":108,"minecraft:sandstone_wall":3,"minecraft:golden_axe":3,"minecraft:lightning_rod":2,"minecraft:cherry_log":112,"minecraft:golden_chestplate":3,"minecraft:bamboo_block":19,"minecraft:stone_sword":8,"minecraft:tropical_fish":4,"minecraft:red_tulip":8,"minecraft:iron_block":237,"minecraft:glowstone":14,"minecraft:blaze_rod":20,"minecraft:snowball":4,"minecraft:birch_log":18,"minecraft:magma_block":21,"minecraft:dune_armor_trim_smithing_template":6,"minecraft:feather":251,"minecraft:cooked_beef":73,"minecraft:water_bucket":38,"minecraft:jungle_log":20,"minecraft:acacia_leaves":1,"minecraft:brown_wool":1,"minecraft:dark_oak_boat":7,"minecraft:flint":83,"minecraft:cherry_fence":7,"minecraft:map":1,"minecraft:lantern":1,"minecraft:stripped_bamboo_block":1,"minecraft:chipped_anvil":1,"betternether:cincinnasite_boots":6,"minecraft:diamond_helmet":8,"minecraft:rabbit":2,"minecraft:glowstone_dust":95,"minecraft:stripped_spruce_log":8,"minecraft:ink_sac":7,"minecraft:acacia_stairs":2,"minecraft:dark_oak_log":414,"minecraft:barrel":4,"minecraft:iron_hoe":3,"minecraft:polished_andesite":31,"minecraft:blue_terracotta":3,"minecraft:deepslate":134,"betternether:cincinnasite_leggings":5,"minecraft:lever":8,"minecraft:granite":127,"minecraft:golden_horse_armor":9,"minecraft:bread":115,"minecraft:cherry_slab":13,"minecraft:dark_oak_fence":2,"minecraft:crimson_roots":9,"minecraft:diamond_pickaxe":24,"minecraft:crafting_table":77,"minecraft:sandstone_slab":2,"minecraft:nether_wart":125,"minecraft:clay_ball":64,"minecraft:redstone_lamp":13,"minecraft:leather_leggings":5,"minecraft:cornflower":1,"minecraft:flint_and_steel":47,"minecraft:netherite_scrap":3,"minecraft:white_carpet":1,"minecraft:compass":1,"minecraft:iron_shovel":8,"minecraft:cartography_table":3,"minecraft:beef":138,"minecraft:minecart":14,"minecraft:iron_nugget":56,"minecraft:poppy":185,"minecraft:spruce_slab":11,"minecraft:chest":32,"minecraft:birch_sapling":17,"minecraft:piston":31,"minecraft:diamond_hoe":2,"minecraft:egg":80,"minecraft:sandstone":162,"minecraft:stone":55,"minecraft:oak_door":7,"minecraft:spruce_fence":2,"minecraft:fire_charge":3,"minecraft:carrot":261,"minecraft:redstone":1044,"minecraft:netherite_pickaxe":2,"minecraft:tnt":77,"minecraft:stone_shovel":1,"minecraft:diamond_chestplate":4,"minecraft:beetroot_seeds":35,"minecraft:deepslate_bricks":3181,"minecraft:shears":3,"minecraft:diamond_boots":10,"minecraft:hay_block":82,"minecraft:sandstone_stairs":1,"minecraft:gold_ingot":172,"minecraft:mutton":100,"minecraft:rail":86,"minecraft:white_wool":136,"betternether:obsidian_glass":1,"minecraft:lime_bed":1,"minecraft:clock":2,"minecraft:acacia_wood":13,"minecraft:oak_log":191,"minecraft:lily_pad":21,"minecraft:ancient_debris":46,"minecraft:jungle_button":10,"minecraft:golden_boots":14,"minecraft:paper":129,"minecraft:white_banner":28,"minecraft:apple":29,"minecraft:stone_bricks":8,"minecraft:kelp":68,"minecraft:stone_pickaxe":16,"minecraft:cobweb":14,"minecraft:glass_bottle":24,"minecraft:iron_sword":8,"minecraft:smooth_basalt":4,"minecraft:dark_oak_slab":221,"minecraft:sweet_berries":67,"minecraft:spyglass":10,"minecraft:gravel":351,"minecraft:spruce_sapling":29,"minecraft:spruce_log":133,"minecraft:crying_obsidian":1,"betternether:cincinnasite_ingot":12,"minecraft:leather_helmet":2,"minecraft:firework_rocket":63,"minecraft:diamond_shovel":3,"minecraft:coal_ore":1,"minecraft:purple_bed":1,"minecraft:stone_axe":3,"minecraft:polished_diorite":159,"minecraft:diamond_axe":11,"minecraft:gray_wool":3,"minecraft:baked_potato":47,"minecraft:brown_banner":18,"minecraft:melon_seeds":134,"minecraft:hopper":54,"minecraft:ender_pearl":11,"minecraft:wheat":215,"minecraft:redstone_block":14,"betternether:cherry_chair":2,"minecraft:potion":8,"minecraft:stone_brick_stairs":1,"minecraft:raw_copper":261,"minecraft:iron_leggings":24,"minecraft:netherite_ingot":6,"minecraft:oak_sign":1,"minecraft:activator_rail":33,"minecraft:deepslate_tiles":4,"minecraft:tnt_minecart":16,"minecraft:bucket":19,"minecraft:rose_bush":1,"minecraft:redstone_torch":57,"minecraft:cobblestone_slab":72,"minecraft:calcite":6,"minecraft:wooden_shovel":1,"minecraft:iron_pickaxe":52,"minecraft:iron_boots":27,"minecraft:furnace":21,"minecraft:stick":309,"minecraft:deepslate_brick_wall":4,"minecraft:torch":675,"minecraft:spruce_stairs":6,"minecraft:porkchop":72,"minecraft:pointed_dripstone":25,"minecraft:diorite":1104,"minecraft:quartz_block":3,"minecraft:cactus":5,"minecraft:rotten_flesh":256,"betternether:cincinnasite_helmet":1,"betternether:feather_fern":3,"minecraft:deepslate_brick_stairs":18,"minecraft:obsidian":102,"minecraft:cod":1,"minecraft:blaze_powder":92,"minecraft:cobblestone":3871,"minecraft:enchanting_table":1,"minecraft:pink_petals":2764,"minecraft:leather_chestplate":1,"minecraft:lilac":1,"minecraft:repeater":20,"minecraft:cherry_planks":89,"minecraft:andesite":510,"minecraft:golden_leggings":8,"minecraft:beacon":3,"minecraft:potato":413,"minecraft:tuff":542,"minecraft:acacia_boat":5,"minecraft:lapis_lazuli":626,"minecraft:dirt":3600,"minecraft:name_tag":7,"minecraft:leather_boots":2,"minecraft:glass":85,"minecraft:bone":39,"minecraft:acacia_planks":102,"minecraft:bow":6,"minecraft:wheat_seeds":1179,"minecraft:deepslate_brick_slab":125,"minecraft:raw_gold":89,"minecraft:cobbled_deepslate_slab":6,"minecraft:bell":6,"minecraft:fletching_table":1,"minecraft:bamboo":340,"minecraft:powered_rail":107,"minecraft:stone_hoe":3,"minecraft:oak_planks":390,"minecraft:ghast_tear":1,"minecraft:cooked_porkchop":9,"minecraft:poisonous_potato":7,"minecraft:sand":527,"minecraft:grass_block":13,"minecraft:diamond_block":28,"minecraft:chiseled_sandstone":1,"minecraft:mossy_cobblestone":17,"minecraft:clay":1,"minecraft:diamond":629,"minecraft:spruce_boat":19,"minecraft:cherry_wood":2,"minecraft:cracked_polished_blackstone_bricks":51,"minecraft:crossbow":4,"minecraft:bone_meal":31,"minecraft:golden_apple":5,"minecraft:spruce_sign":16,"minecraft:emerald":95,"minecraft:oak_sapling":139,"minecraft:netherrack":1147,"minecraft:oak_leaves":18,"minecraft:charcoal":32,"minecraft:cocoa_beans":22,"minecraft:allium":2,"minecraft:azure_bluet":8,"minecraft:chicken":135,"minecraft:ladder":49,"minecraft:brown_mushroom":7,"minecraft:wooden_pickaxe":1,"minecraft:stone_brick_wall":3,"minecraft:gold_block":9,"minecraft:diamond_horse_armor":1,"minecraft:brick":40,"minecraft:shield":26,"minecraft:oak_trapdoor":3,"minecraft:iron_axe":27,"minecraft:wooden_sword":1,"minecraft:oak_boat":45,"minecraft:player_head":156,"minecraft:observer":31,"minecraft:light_gray_wool":2,"minecraft:sugar_cane":937,"minecraft:spruce_trapdoor":1,"minecraft:cherry_trapdoor":38,"minecraft:dark_oak_sapling":4,"minecraft:raw_iron":549,"minecraft:cherry_stairs":15,"minecraft:copper_ingot":33,"minecraft:bowl":77,"minecraft:polished_blackstone_bricks":16,"minecraft:iron_horse_armor":2,"minecraft:stone_pressure_plate":4,"minecraft:dark_oak_planks":220,"minecraft:smooth_sandstone_slab":2,"minecraft:arrow":115,"minecraft:weeping_vines":1,"minecraft:saddle":8,"minecraft:jungle_boat":11,"minecraft:golden_carrot":3,"minecraft:salmon":15,"minecraft:leather":73,"minecraft:cut_sandstone":27,"minecraft:birch_planks":24,"minecraft:gunpowder":72,"minecraft:yellow_bed":1,"minecraft:nether_wart_block":6,"minecraft:cobbled_deepslate_stairs":34,"minecraft:cobblestone_wall":17,"minecraft:orange_terracotta":3,"minecraft:cooked_mutton":19,"minecraft:smooth_sandstone":21,"minecraft:coast_armor_trim_smithing_template":7,"minecraft:rabbit_hide":2,"minecraft:iron_ingot":5855,"minecraft:cooked_chicken":3,"minecraft:acacia_sapling":45,"minecraft:soul_sand":80,"betternether:oak_chair":1,"minecraft:book":48,"minecraft:oak_slab":91,"minecraft:bamboo_planks":1,"minecraft:birch_boat":18,"minecraft:pumpkin":31,"minecraft:stone_brick_slab":137,"minecraft:quartz":419,"minecraft:dandelion":9,"minecraft:dripstone_block":27,"minecraft:amethyst_shard":13,"minecraft:blast_furnace":1,"minecraft:white_bed":15,"minecraft:spider_eye":12,"minecraft:spruce_door":10,"minecraft:polished_diorite_stairs":69,"minecraft:pumpkin_seeds":8,"minecraft:chainmail_leggings":5,"minecraft:iron_helmet":24,"minecraft:cherry_sapling":153,"minecraft:coal":723,"minecraft:wooden_axe":16,"minecraft:sunflower":6},"minecraft:used":{"minecraft:moss_block":1,"minecraft:beetroot":1,"minecraft:writable_book":6,"minecraft:spruce_slab":17,"minecraft:ladder":71,"minecraft:chest":48,"minecraft:stone":10,"minecraft:rotten_flesh":15,"betternether:cherry_chair":2,"minecraft:soul_sand":33,"minecraft:allium":2,"minecraft:deepslate_brick_slab":41,"minecraft:acacia_sapling":10,"betternether:obsidian_glass":1,"minecraft:snowball":4,"minecraft:stripped_spruce_log":4,"minecraft:spruce_boat":4,"minecraft:packed_ice":1,"minecraft:lava_bucket":6,"minecraft:grass_block":3,"minecraft:quartz_block":3,"minecraft:dark_oak_slab":35,"minecraft:dark_oak_boat":8,"minecraft:sweet_berries":24,"minecraft:oak_sapling":11,"minecraft:furnace":27,"minecraft:egg":912,"minecraft:potato":154,"betternether:cincinnasite_boots":8,"minecraft:diorite":170,"minecraft:leather_leggings":3,"minecraft:spruce_door":2,"minecraft:powered_rail":79,"minecraft:leather_chestplate":1,"minecraft:wooden_pickaxe":155,"minecraft:composter":4,"minecraft:clay":6,"minecraft:jungle_boat":12,"minecraft:golden_apple":2,"minecraft:sand":90,"minecraft:blast_furnace":1,"minecraft:deepslate_brick_stairs":25,"minecraft:lightning_rod":2,"minecraft:deepslate_tiles":4,"minecraft:crying_obsidian":1,"minecraft:stripped_bamboo_block":1,"minecraft:lectern":1,"minecraft:white_glazed_terracotta":2,"minecraft:nether_wart_block":6,"minecraft:diamond_sword":401,"minecraft:wooden_sword":46,"minecraft:smithing_table":1,"minecraft:poisonous_potato":1,"minecraft:oak_boat":45,"minecraft:oak_trapdoor":6,"minecraft:enchanting_table":1,"minecraft:stone_sword":93,"minecraft:acacia_log":2,"minecraft:cooked_salmon":1,"minecraft:netherrack":232,"minecraft:torch":188,"minecraft:brewing_stand":6,"minecraft:anvil":4,"betternether:cincinnasite_fire_bowl":1,"minecraft:polished_diorite":2,"minecraft:chipped_anvil":2,"minecraft:iron_axe":1187,"minecraft:cherry_slab":2,"minecraft:melon_seeds":72,"minecraft:bamboo":14,"minecraft:diamond_chestplate":1,"minecraft:glowstone":5,"minecraft:beef":95,"minecraft:acacia_wood":1,"minecraft:observer":21,"minecraft:cherry_log":45,"minecraft:cherry_fence":1,"minecraft:acacia_planks":80,"minecraft:cobbled_deepslate":980,"minecraft:golden_axe":145,"minecraft:calcite":1,"betternether:oak_chair":2,"minecraft:water_bucket":362,"minecraft:rabbit":1,"minecraft:birch_planks":27,"minecraft:cartography_table":1,"minecraft:smooth_sandstone_slab":2,"minecraft:cherry_planks":42,"minecraft:fletching_table":2,"minecraft:leather_boots":4,"minecraft:deepslate_bricks":501,"minecraft:salmon":5,"minecraft:polished_deepslate_slab":4,"minecraft:mossy_cobblestone":2,"minecraft:diamond_block":38,"betternether:blue_obsidian":1,"minecraft:rail":90,"minecraft:tnt":29,"minecraft:oak_slab":19,"minecraft:crafting_table":89,"minecraft:white_bed":14,"minecraft:cod":4,"minecraft:spruce_log":5,"minecraft:oak_log":14,"minecraft:diamond_pickaxe":6609,"minecraft:cornflower":1,"minecraft:diamond_shovel":833,"minecraft:acacia_sign":2,"minecraft:iron_pickaxe":5438,"minecraft:suspicious_stew":9,"minecraft:tnt_minecart":17,"minecraft:spruce_trapdoor":10,"minecraft:potion":6,"minecraft:cobblestone":1187,"minecraft:purple_bed":1,"minecraft:cooked_porkchop":10,"minecraft:porkchop":52,"minecraft:dandelion":2,"minecraft:diamond_leggings":2,"minecraft:cherry_sapling":102,"minecraft:iron_shovel":446,"minecraft:melon":5,"minecraft:diamond_hoe":13,"minecraft:shield":145,"minecraft:iron_sword":53,"minecraft:nether_wart":72,"minecraft:bell":4,"minecraft:player_head":57,"minecraft:iron_chestplate":21,"minecraft:mutton":63,"minecraft:jungle_planks":8,"minecraft:carrot":230,"minecraft:tuff":81,"minecraft:milk_bucket":1,"minecraft:obsidian":30,"minecraft:glass":90,"minecraft:coal_ore":3,"betternether:cincinnasite_chestplate":2,"minecraft:iron_helmet":17,"minecraft:crimson_roots":1,"minecraft:hopper_minecart":8,"minecraft:stone_bricks":4,"minecraft:golden_sword":2,"minecraft:repeater":5,"minecraft:magma_block":19,"minecraft:dark_oak_sapling":1,"minecraft:golden_boots":7,"minecraft:dark_oak_stairs":1,"minecraft:diamond_boots":6,"minecraft:stone_pickaxe":635,"minecraft:oak_planks":274,"minecraft:ender_pearl":4,"minecraft:redstone_block":14,"minecraft:sandstone":88,"minecraft:chainmail_helmet":2,"minecraft:diamond_axe":1159,"minecraft:sugar_cane":91,"minecraft:white_wool":23,"minecraft:crossbow":6,"minecraft:note_block":1,"minecraft:shears":24,"minecraft:cobbled_deepslate_stairs":66,"minecraft:redstone_torch":39,"minecraft:firework_rocket":90,"minecraft:lever":7,"minecraft:dark_oak_log":6,"minecraft:bread":105,"minecraft:melon_slice":813,"minecraft:cyan_bed":1,"minecraft:brown_wool":1,"minecraft:deepslate":31,"minecraft:gravel":66,"minecraft:golden_helmet":9,"minecraft:deepslate_coal_ore":2,"minecraft:andesite":55,"minecraft:bone_meal":47,"minecraft:golden_pickaxe":15,"minecraft:experience_bottle":1,"minecraft:cobweb":6,"minecraft:cherry_wood":2,"minecraft:flint_and_steel":382,"minecraft:tropical_fish":2,"minecraft:redstone":99,"minecraft:stone_shovel":131,"minecraft:dried_kelp":7,"betternether:cincinnasite_leggings":2,"minecraft:spruce_planks":139,"minecraft:ender_chest":1,"minecraft:wooden_shovel":103,"minecraft:cooked_chicken":62,"minecraft:oak_door":1,"minecraft:spyglass":47,"minecraft:dirt":1571,"minecraft:white_carpet":1,"minecraft:hopper":50,"minecraft:spruce_stairs":2,"minecraft:cobblestone_wall":39,"minecraft:diamond_helmet":3,"minecraft:golden_chestplate":1,"minecraft:salmon_bucket":1,"minecraft:granite":22,"minecraft:spruce_fence":1,"minecraft:iron_hoe":58,"minecraft:wooden_axe":648,"minecraft:stone_brick_slab":25,"minecraft:dark_oak_planks":248,"minecraft:smooth_sandstone":9,"minecraft:cherry_trapdoor":26,"minecraft:iron_boots":4,"minecraft:golden_carrot":16,"minecraft:soul_soil":21,"minecraft:minecart":7,"minecraft:netherite_pickaxe":1892,"minecraft:cooked_beef":41,"minecraft:pumpkin":1,"minecraft:bamboo_planks":6,"minecraft:iron_leggings":10,"minecraft:cooked_mutton":25,"minecraft:glass_bottle":17,"minecraft:polished_andesite":23,"minecraft:baked_potato":133,"minecraft:cut_sandstone":5,"minecraft:birch_boat":18,"minecraft:spruce_sign":29,"minecraft:beacon":1,"minecraft:green_bed":1,"minecraft:lime_bed":1,"minecraft:brown_banner":15,"minecraft:spider_eye":1,"minecraft:apple":35,"minecraft:piston":18,"minecraft:wooden_hoe":59,"minecraft:activator_rail":16,"minecraft:cracked_polished_blackstone_bricks":3,"minecraft:chicken":13,"minecraft:map":2,"minecraft:golden_leggings":3,"minecraft:stone_axe":264,"minecraft:pink_petals":781,"minecraft:fishing_rod":3,"minecraft:cobbled_deepslate_slab":24,"minecraft:white_banner":14,"minecraft:bucket":374,"minecraft:yellow_bed":2,"minecraft:splash_potion":13,"minecraft:chainmail_leggings":1},"minecraft:dropped":{"minecraft:iron_sword":2,"minecraft:acacia_wood":9,"minecraft:piston":1,"minecraft:lapis_lazuli":30,"minecraft:cooked_beef":2,"minecraft:glass_bottle":1,"minecraft:diamond":5,"minecraft:crafting_table":8,"minecraft:crossbow":1,"minecraft:weeping_vines":1,"minecraft:fletching_table":1,"minecraft:saddle":1,"minecraft:rail":1,"minecraft:leather_helmet":1,"minecraft:emerald":14,"minecraft:dirt":414,"minecraft:gold_nugget":4,"minecraft:bone_meal":2,"minecraft:sand":15,"minecraft:iron_pickaxe":3,"minecraft:dark_oak_planks":3,"minecraft:white_wool":13,"minecraft:bone":70,"minecraft:oak_door":2,"minecraft:sugar_cane":164,"minecraft:lever":3,"minecraft:cooked_chicken":1,"minecraft:iron_nugget":4,"minecraft:golden_chestplate":1,"minecraft:cobbled_deepslate":446,"minecraft:wheat":94,"minecraft:birch_sapling":2,"minecraft:deepslate_brick_slab":3,"minecraft:rotten_flesh":32,"minecraft:oak_planks":74,"minecraft:blaze_powder":46,"minecraft:salmon":9,"minecraft:lime_bed":1,"minecraft:deepslate_tiles":36,"minecraft:charcoal":4,"minecraft:ladder":12,"minecraft:leather_leggings":1,"minecraft:spruce_slab":2,"minecraft:glass":69,"minecraft:ghast_tear":1,"minecraft:cartography_table":2,"minecraft:cherry_fence":1,"minecraft:enchanted_book":1,"minecraft:egg":11,"minecraft:iron_ingot":423,"minecraft:golden_boots":1,"minecraft:netherite_pickaxe":1,"minecraft:wheat_seeds":193,"betternether:feather_fern":1,"minecraft:clock":1,"minecraft:cobbled_deepslate_stairs":16,"minecraft:golden_horse_armor":1,"minecraft:book":34,"minecraft:feather":4,"minecraft:cobblestone":103,"minecraft:iron_helmet":3,"minecraft:granite":85,"minecraft:spruce_door":3,"minecraft:coal":5,"minecraft:golden_apple":1,"minecraft:gray_wool":1,"minecraft:ink_sac":4,"minecraft:wooden_axe":2,"minecraft:rose_bush":1,"minecraft:cherry_planks":8,"minecraft:cooked_salmon":3,"minecraft:diamond_helmet":2,"minecraft:potion":1,"minecraft:oak_stairs":2,"minecraft:pumpkin":3,"minecraft:paper":96,"minecraft:string":88,"minecraft:iron_shovel":3,"minecraft:spruce_sapling":8,"minecraft:lily_pad":12,"minecraft:acacia_planks":2,"minecraft:stone_brick_slab":1327,"minecraft:soul_soil":12,"minecraft:player_head":41,"minecraft:netherite_ingot":2,"minecraft:cobblestone_wall":4,"minecraft:bowl":41,"minecraft:diamond_hoe":2,"minecraft:chicken":59,"betternether:cincinnasite_boots":1,"minecraft:clay_ball":4,"minecraft:iron_boots":1,"betternether:cherry_chair":1,"minecraft:cherry_slab":11,"minecraft:name_tag":3,"minecraft:suspicious_stew":1,"minecraft:diamond_sword":2,"minecraft:potato":6,"minecraft:stone":2,"minecraft:spruce_trapdoor":3,"minecraft:spruce_planks":67,"minecraft:diamond_pickaxe":8,"minecraft:redstone_torch":26,"minecraft:stone_bricks":576,"minecraft:barrel":1,"minecraft:spider_eye":3,"minecraft:bamboo":4,"minecraft:sandstone":3,"minecraft:bow":3,"minecraft:spruce_sign":3,"minecraft:birch_planks":6,"minecraft:soul_sand":4,"minecraft:brown_mushroom":7,"minecraft:diamond_axe":1,"minecraft:oak_log":2,"minecraft:baked_potato":41,"minecraft:leather":6,"minecraft:jungle_planks":9,"minecraft:iron_horse_armor":1,"minecraft:flint":5,"minecraft:polished_diorite_stairs":25,"minecraft:netherite_scrap":2,"minecraft:cherry_trapdoor":1,"minecraft:mutton":5,"minecraft:crimson_roots":1,"minecraft:seagrass":1,"minecraft:coast_armor_trim_smithing_template":1,"minecraft:cut_sandstone":14,"minecraft:amethyst_shard":3,"minecraft:polished_blackstone_bricks":2,"minecraft:gold_ingot":131,"minecraft:gravel":59,"minecraft:spyglass":1,"minecraft:pointed_dripstone":22,"minecraft:diamond_shovel":2,"minecraft:cooked_mutton":1,"minecraft:acacia_stairs":2,"minecraft:carrot":4,"minecraft:poppy":314,"minecraft:gunpowder":4,"minecraft:beetroot_seeds":16,"minecraft:melon_seeds":40,"minecraft:glowstone":6,"minecraft:chest":6,"minecraft:arrow":19,"minecraft:quartz":10,"minecraft:netherrack":167,"minecraft:water_bucket":1,"minecraft:bread":122,"minecraft:cherry_log":1,"minecraft:diamond_leggings":2,"minecraft:poisonous_potato":5,"minecraft:activator_rail":6,"minecraft:acacia_log":10,"minecraft:stick":63,"minecraft:diorite":604,"minecraft:torch":29,"minecraft:repeater":1,"minecraft:melon_slice":48,"minecraft:map":1,"minecraft:fire_charge":3,"minecraft:iron_leggings":2,"minecraft:iron_axe":3,"minecraft:cactus":5,"minecraft:pink_petals":202,"minecraft:bucket":4,"minecraft:redstone":391,"minecraft:smooth_basalt":4,"minecraft:chiseled_sandstone":1,"minecraft:dandelion":3,"minecraft:anvil":1,"minecraft:kelp":33,"minecraft:sweet_berries":23,"minecraft:oak_trapdoor":9,"minecraft:nether_wart":11,"minecraft:raw_copper":141,"minecraft:tuff":44,"minecraft:raw_iron":21,"minecraft:iron_hoe":3,"minecraft:ender_eye":1,"minecraft:stripped_bamboo_block":1,"minecraft:flint_and_steel":5,"minecraft:deepslate_bricks":62,"minecraft:filled_map":3,"minecraft:shield":1,"minecraft:diamond_chestplate":2,"minecraft:iron_chestplate":3,"minecraft:andesite":89,"minecraft:oak_sapling":32,"minecraft:oak_boat":1,"minecraft:diamond_boots":2,"minecraft:stone_pickaxe":2,"minecraft:raw_gold":2,"minecraft:calcite":2},"minecraft:broken":{"minecraft:wooden_shovel":1,"minecraft:wooden_pickaxe":2,"minecraft:shield":1,"minecraft:iron_axe":3,"minecraft:iron_pickaxe":15,"minecraft:wooden_hoe":1,"minecraft:iron_shovel":1,"minecraft:stone_pickaxe":3,"minecraft:stone_axe":2,"minecraft:wooden_axe":10,"minecraft:flint_and_steel":2,"minecraft:golden_axe":1},"minecraft:crafted":{"minecraft:ender_chest":1,"minecraft:melon":5,"minecraft:blaze_powder":40,"minecraft:diamond_shovel":2,"minecraft:lever":2,"minecraft:cooked_mutton":8,"minecraft:deepslate_brick_stairs":24,"minecraft:glass":44,"minecraft:diamond_helmet":3,"minecraft:repeater":4,"minecraft:diamond_leggings":2,"minecraft:melon_seeds":26,"minecraft:name_tag":6,"minecraft:glass_bottle":12,"minecraft:deepslate":58,"minecraft:wooden_shovel":2,"minecraft:emerald":9,"minecraft:cooked_porkchop":2,"minecraft:diamond_axe":4,"minecraft:jungle_boat":3,"betternether:oak_chair":1,"minecraft:smithing_table":1,"minecraft:copper_ingot":39,"minecraft:fletching_table":2,"minecraft:polished_deepslate_slab":4,"minecraft:tnt_minecart":1,"minecraft:bamboo_planks":12,"minecraft:wooden_hoe":1,"minecraft:golden_leggings":1,"betternether:cherry_chair":1,"minecraft:compass":1,"minecraft:iron_pickaxe":24,"minecraft:iron_block":6,"minecraft:gold_ingot":133,"minecraft:netherite_ingot":9,"minecraft:composter":3,"minecraft:golden_carrot":5,"minecraft:stone_shovel":1,"minecraft:player_head":8,"minecraft:diamond_hoe":1,"minecraft:bone_meal":15,"minecraft:spruce_fence":3,"minecraft:white_carpet":3,"minecraft:cherry_trapdoor":12,"minecraft:diamond":63,"minecraft:ladder":63,"minecraft:spruce_slab":30,"minecraft:stone_pickaxe":7,"minecraft:diamond_boots":4,"minecraft:cobbled_deepslate_stairs":56,"minecraft:spruce_boat":2,"minecraft:redstone_block":12,"minecraft:dark_oak_planks":1432,"minecraft:wheat":306,"minecraft:netherite_pickaxe":1,"betternether:cincinnasite_leggings":1,"minecraft:dried_kelp":7,"minecraft:deepslate_brick_slab":24,"minecraft:deepslate_tiles":36,"minecraft:acacia_sign":3,"minecraft:wooden_axe":18,"minecraft:writable_book":1,"minecraft:iron_shovel":3,"minecraft:iron_leggings":9,"minecraft:white_bed":2,"minecraft:note_block":1,"minecraft:oak_planks":636,"minecraft:birch_wood":4,"minecraft:dark_oak_boat":2,"minecraft:cherry_slab":6,"minecraft:cooked_chicken":81,"minecraft:lightning_rod":7,"minecraft:stone":67,"minecraft:hopper":7,"minecraft:bow":8,"minecraft:iron_boots":6,"betternether:cincinnasite_ingot":21,"minecraft:chest":36,"minecraft:rail":16,"minecraft:ender_eye":1,"minecraft:cherry_fence":3,"minecraft:golden_boots":1,"minecraft:oak_slab":24,"minecraft:crafting_table":49,"minecraft:spruce_planks":640,"minecraft:iron_helmet":9,"minecraft:wooden_pickaxe":3,"minecraft:baked_potato":206,"minecraft:cherry_button":6,"minecraft:gold_block":1,"minecraft:birch_planks":72,"minecraft:tnt":5,"minecraft:spruce_trapdoor":12,"betternether:cincinnasite_boots":1,"minecraft:dark_oak_slab":96,"minecraft:string":56,"minecraft:iron_chestplate":11,"minecraft:paper":57,"minecraft:diamond_pickaxe":12,"minecraft:shield":8,"minecraft:stick":855,"minecraft:iron_ingot":2122,"minecraft:redstone_torch":24,"minecraft:deepslate_bricks":1528,"minecraft:shears":2,"minecraft:cherry_planks":276,"minecraft:wooden_sword":1,"minecraft:cobbled_deepslate_slab":36,"minecraft:leather_boots":1,"minecraft:furnace":14,"minecraft:piston":6,"minecraft:diamond_block":19,"minecraft:oak_trapdoor":12,"minecraft:flint_and_steel":7,"minecraft:polished_deepslate":1592,"minecraft:iron_axe":12,"minecraft:iron_hoe":1,"minecraft:cobblestone_wall":48,"minecraft:netherite_scrap":41,"minecraft:observer":4,"minecraft:minecart":3,"minecraft:glistering_melon_slice":17,"minecraft:cooked_beef":46,"minecraft:sugar":3,"minecraft:diamond_sword":4,"minecraft:spruce_sign":21,"minecraft:dark_oak_stairs":24,"minecraft:powered_rail":18,"minecraft:activator_rail":6,"minecraft:cooked_salmon":1,"minecraft:bucket":7,"minecraft:stone_axe":3,"minecraft:bread":154,"minecraft:jungle_planks":80,"minecraft:oak_boat":11,"minecraft:gold_nugget":180,"minecraft:anvil":2,"minecraft:acacia_planks":296,"minecraft:torch":112,"minecraft:lapis_lazuli":126,"minecraft:clay":10,"minecraft:lapis_block":1,"minecraft:diamond_chestplate":2,"minecraft:firework_rocket":63},"minecraft:mined":{"minecraft:dark_oak_planks":26,"minecraft:white_bed":17,"minecraft:cherry_log":92,"minecraft:obsidian":7,"minecraft:granite":170,"minecraft:acacia_log":73,"minecraft:stone_brick_wall":1,"minecraft:jungle_log":20,"minecraft:horn_coral_fan":1,"minecraft:deepslate_bricks":77,"minecraft:hopper":40,"minecraft:nether_wart":40,"minecraft:weeping_vines_plant":2,"minecraft:tall_seagrass":22,"minecraft:magma_block":26,"minecraft:barrel":3,"minecraft:cobbled_deepslate":175,"minecraft:fire":154,"minecraft:pumpkin":7,"minecraft:deepslate_lapis_ore":15,"minecraft:fletching_table":2,"minecraft:enchanting_table":1,"minecraft:dirt_path":18,"minecraft:oak_stairs":1,"minecraft:deepslate_brick_stairs":2,"minecraft:stripped_bamboo_block":1,"minecraft:white_banner":4,"minecraft:iron_block":164,"minecraft:player_head":29,"minecraft:piston_head":1,"minecraft:jungle_button":6,"minecraft:cut_sandstone":27,"minecraft:kelp_plant":10,"minecraft:player_wall_head":10,"minecraft:deepslate_brick_wall":1,"minecraft:crimson_nylium":4,"minecraft:soul_fire":4,"minecraft:amethyst_cluster":2,"minecraft:torch":17,"minecraft:blast_furnace":1,"minecraft:melon":246,"minecraft:spruce_wall_sign":2,"minecraft:glass":53,"minecraft:sugar_cane":413,"minecraft:smooth_sandstone_slab":1,"minecraft:spruce_sign":7,"minecraft:amethyst_block":55,"minecraft:cherry_slab":1,"minecraft:polished_diorite_stairs":4,"minecraft:cherry_fence":2,"minecraft:repeater":1,"minecraft:bamboo_planks":2,"minecraft:wheat":137,"minecraft:lilac":1,"minecraft:stone_brick_stairs":1,"minecraft:grass":1681,"betternether:cherry_chair":2,"minecraft:sandstone_wall":2,"minecraft:smooth_basalt":9,"minecraft:piston":25,"minecraft:infested_deepslate":2,"minecraft:deepslate":4594,"minecraft:suspicious_gravel":1,"minecraft:attached_pumpkin_stem":2,"minecraft:deepslate_tiles":4,"minecraft:mossy_cobblestone":5,"minecraft:cherry_sapling":19,"minecraft:dark_oak_log":369,"minecraft:dark_oak_fence":3,"minecraft:cobbled_deepslate_slab":6,"minecraft:crimson_roots":7,"minecraft:redstone_wire":98,"minecraft:cherry_wood":2,"minecraft:cartography_table":2,"minecraft:brown_banner":6,"minecraft:kelp":5,"minecraft:redstone_ore":14,"minecraft:acacia_wood":7,"minecraft:andesite":216,"minecraft:diamond_block":19,"minecraft:white_glazed_terracotta":4,"minecraft:potatoes":104,"minecraft:vine":9,"minecraft:cobblestone_slab":3,"minecraft:rail":81,"minecraft:bamboo_sapling":9,"minecraft:bamboo":21,"minecraft:white_wool":18,"minecraft:ender_chest":2,"minecraft:brain_coral":2,"minecraft:oak_slab":6,"minecraft:redstone_block":2,"minecraft:glass_pane":8,"minecraft:cherry_planks":3,"minecraft:soul_sand":71,"minecraft:observer":19,"minecraft:stone_brick_slab":9,"minecraft:dandelion":6,"minecraft:smooth_sandstone":12,"minecraft:cornflower":1,"minecraft:emerald_ore":4,"minecraft:lightning_rod":2,"minecraft:tall_grass":216,"minecraft:copper_ore":66,"minecraft:deepslate_gold_ore":65,"minecraft:diorite":888,"minecraft:purple_bed":2,"minecraft:cobblestone_wall":16,"minecraft:white_carpet":1,"minecraft:spruce_log":137,"minecraft:birch_leaves":2,"minecraft:sunflower":1,"minecraft:gravel":296,"minecraft:dripstone_block":14,"minecraft:acacia_planks":25,"minecraft:stone_bricks":4,"minecraft:gold_ore":8,"minecraft:chipped_anvil":1,"minecraft:fern":7,"minecraft:spruce_planks":55,"minecraft:stone_pressure_plate":2,"minecraft:oak_sapling":2,"minecraft:attached_melon_stem":3,"minecraft:farmland":17,"minecraft:cobbled_deepslate_stairs":36,"minecraft:brewing_stand":6,"minecraft:spruce_trapdoor":4,"minecraft:cherry_trapdoor":23,"minecraft:budding_amethyst":2,"minecraft:grass_block":725,"minecraft:soul_soil":58,"minecraft:polished_diorite":20,"minecraft:composter":4,"minecraft:glowstone":38,"minecraft:iron_ore":290,"minecraft:anvil":2,"minecraft:pointed_dripstone":7,"minecraft:spruce_slab":10,"minecraft:green_bed":2,"minecraft:deepslate_redstone_ore":116,"minecraft:quartz_block":3,"minecraft:blackstone":14,"minecraft:melon_stem":38,"minecraft:orange_terracotta":1,"minecraft:clay":13,"minecraft:calcite":12,"minecraft:poppy":7,"minecraft:beacon":2,"minecraft:chest":25,"minecraft:mushroom_stem":6,"minecraft:nether_quartz_ore":104,"minecraft:cobblestone":289,"minecraft:oak_planks":59,"minecraft:wall_torch":43,"minecraft:pink_petals":194,"minecraft:seagrass":16,"minecraft:fire_coral_fan":1,"minecraft:dark_oak_slab":24,"minecraft:blue_terracotta":2,"minecraft:acacia_sapling":6,"minecraft:powered_rail":61,"minecraft:nether_wart_block":7,"minecraft:birch_log":18,"minecraft:blue_ice":1,"minecraft:activator_rail":10,"minecraft:brown_wall_banner":10,"minecraft:tnt":50,"minecraft:oak_log":169,"minecraft:beetroots":11,"minecraft:sand":359,"minecraft:dirt":1644,"minecraft:netherrack":1535,"minecraft:ancient_debris":40,"minecraft:oak_leaves":88,"minecraft:nether_gold_ore":29,"minecraft:tuff":570,"minecraft:crying_obsidian":1,"minecraft:dark_oak_leaves":52,"minecraft:deepslate_diamond_ore":341,"minecraft:ladder":28,"minecraft:spruce_leaves":8,"minecraft:sandstone":68,"minecraft:large_fern":2,"minecraft:hay_block":53,"minecraft:deepslate_brick_slab":15,"betternether:oak_chair":1,"minecraft:oak_trapdoor":3,"minecraft:furnace":17,"minecraft:carrots":94,"minecraft:chiseled_sandstone":1,"minecraft:acacia_stairs":2,"minecraft:stripped_spruce_log":8,"minecraft:gold_block":3,"minecraft:bell":4,"minecraft:bookshelf":4,"minecraft:deepslate_iron_ore":78,"minecraft:packed_ice":7,"minecraft:stone":2643,"minecraft:redstone_wall_torch":2,"minecraft:podzol":1,"minecraft:acacia_leaves":17,"minecraft:spruce_door":2,"minecraft:oak_fence":1,"minecraft:crafting_table":52,"minecraft:rose_bush":2,"minecraft:deepslate_coal_ore":2,"minecraft:lapis_ore":30,"minecraft:spruce_stairs":4,"minecraft:lime_bed":1,"minecraft:redstone_torch":33,"minecraft:sweet_berry_bush":4,"minecraft:ice":23,"minecraft:white_wall_banner":3,"minecraft:bee_nest":2,"minecraft:yellow_bed":1,"minecraft:coal_ore":217,"minecraft:cocoa":3,"minecraft:cherry_leaves":47,"minecraft:bubble_coral_wall_fan":3,"minecraft:stripped_acacia_wood":1,"minecraft:polished_andesite":31,"minecraft:acacia_wall_sign":2},"minecraft:killed_by":{"minecraft:pillager":4,"minecraft:zombie":29,"minecraft:creeper":14,"minecraft:polar_bear":1,"minecraft:drowned":4,"minecraft:piglin":7,"minecraft:blaze":1,"minecraft:witch":2,"minecraft:player":28,"minecraft:spider":2,"minecraft:enderman":1,"minecraft:iron_golem":5,"minecraft:bee":1,"minecraft:hoglin":1,"minecraft:skeleton":35},"minecraft:custom":{"minecraft:interact_with_crafting_table":506,"minecraft:open_barrel":9,"minecraft:bell_ring":102,"minecraft:leave_game":79,"minecraft:time_since_death":36745,"minecraft:damage_blocked_by_shield":9258,"minecraft:play_time":4176147,"minecraft:deaths":177,"minecraft:jump":55408,"minecraft:enchant_item":8,"minecraft:interact_with_furnace":372,"minecraft:traded_with_villager":19,"minecraft:interact_with_cartography_table":5,"minecraft:sleep_in_bed":75,"minecraft:damage_dealt":82892,"minecraft:interact_with_smoker":1,"minecraft:horse_one_cm":18769,"minecraft:inspect_dispenser":3,"minecraft:interact_with_smithing_table":22,"minecraft:interact_with_anvil":47,"minecraft:inspect_hopper":247,"minecraft:sneak_time":370099,"minecraft:interact_with_blast_furnace":9,"minecraft:total_world_time":4176147,"minecraft:tune_noteblock":69,"minecraft:interact_with_stonecutter":2,"minecraft:time_since_rest":2330,"minecraft:swim_one_cm":2360223,"minecraft:fly_one_cm":8414081,"minecraft:open_chest":2017,"minecraft:fall_one_cm":1295114,"minecraft:animals_bred":43,"minecraft:sprint_one_cm":6881176,"minecraft:drop":1940,"minecraft:talked_to_villager":154,"minecraft:interact_with_brewingstand":129,"minecraft:walk_on_water_one_cm":773880,"minecraft:open_enderchest":61,"minecraft:player_kills":25,"minecraft:crouch_one_cm":889068,"minecraft:mob_kills":488,"minecraft:climb_one_cm":161392,"minecraft:walk_one_cm":6745508,"minecraft:walk_under_water_one_cm":802469,"minecraft:boat_one_cm":4190459,"minecraft:raid_trigger":1,"minecraft:interact_with_grindstone":1,"minecraft:damage_taken":78682,"minecraft:minecart_one_cm":30,"minecraft:aviate_one_cm":8645138}},"DataVersion":3465}