{"stats":{"minecraft:broken":{"minecraft:stone_axe":1,"minecraft:stone_shovel":1},"minecraft:picked_up":{"minecraft:stripped_oak_log":3,"minecraft:birch_log":31,"minecraft:cocoa_beans":18,"minecraft:crafting_table":9,"minecraft:wheat":5,"minecraft:feather":4,"minecraft:chicken":6,"minecraft:salmon":1,"minecraft:jungle_log":14,"minecraft:wooden_pickaxe":3,"minecraft:red_mushroom":2,"minecraft:oak_log":7,"minecraft:dirt":332,"minecraft:acacia_door":5,"minecraft:acacia_planks":5,"minecraft:wheat_seeds":28,"minecraft:smooth_stone":1,"minecraft:bell":1,"minecraft:beef":2,"minecraft:oak_boat":5,"minecraft:fletching_table":1,"minecraft:bamboo":45,"minecraft:melon_slice":69,"minecraft:sugar_cane":8,"minecraft:chest":5,"minecraft:oak_planks":3,"minecraft:acacia_sapling":1,"minecraft:stick":6,"minecraft:acacia_fence":2,"minecraft:torch":8,"minecraft:acacia_log":18,"minecraft:porkchop":15,"minecraft:sand":24,"minecraft:white_bed":7,"minecraft:cauldron":2,"minecraft:hay_block":16,"minecraft:yellow_terracotta":38,"minecraft:emerald":4,"minecraft:oak_sapling":2,"minecraft:brown_banner":2,"minecraft:mutton":2,"minecraft:white_wool":2,"minecraft:cobblestone":24},"minecraft:crafted":{"minecraft:oak_planks":20,"minecraft:stone_shovel":2,"minecraft:crafting_table":1,"minecraft:wooden_pickaxe":1,"minecraft:stone_axe":2,"minecraft:bread":1,"minecraft:oak_boat":1,"minecraft:paper":3,"minecraft:stick":16,"minecraft:stone_pickaxe":1,"minecraft:chest":4,"minecraft:acacia_door":3,"minecraft:acacia_planks":40,"minecraft:stone_hoe":1},"minecraft:killed":{"minecraft:pig":8,"minecraft:salmon":1,"minecraft:sheep":1,"minecraft:chicken":3,"minecraft:cow":1},"minecraft:mined":{"minecraft:yellow_terracotta":38,"minecraft:acacia_leaves":3,"minecraft:white_bed":7,"minecraft:glass_pane":2,"minecraft:oak_fence":1,"minecraft:crafting_table":9,"minecraft:torch":4,"minecraft:acacia_log":18,"minecraft:grass_block":175,"minecraft:melon":14,"minecraft:chest":5,"minecraft:jungle_log":14,"minecraft:mushroom_stem":4,"minecraft:tall_grass":3,"minecraft:cobblestone":12,"minecraft:oak_planks":3,"minecraft:sugar_cane":4,"minecraft:sandstone":4,"minecraft:wall_torch":1,"minecraft:seagrass":1,"minecraft:hay_block":16,"minecraft:smooth_stone":1,"minecraft:tall_seagrass":1,"minecraft:birch_log":31,"minecraft:wheat":8,"minecraft:brown_wall_banner":2,"minecraft:fletching_table":1,"minecraft:bell":1,"minecraft:grass":108,"minecraft:oak_log":6,"minecraft:mycelium":7,"minecraft:water_cauldron":2,"minecraft:cocoa":5,"minecraft:vine":2,"minecraft:acacia_fence":2,"minecraft:dirt":22,"minecraft:sand":23,"minecraft:acacia_door":5,"minecraft:bamboo":5,"minecraft:acacia_planks":1,"minecraft:red_mushroom_block":4,"minecraft:stone":8},"minecraft:used":{"minecraft:wheat_seeds":3,"minecraft:stone_shovel":259,"minecraft:stone_pickaxe":59,"minecraft:chest":6,"minecraft:wooden_pickaxe":16,"minecraft:stone_hoe":144,"minecraft:salmon":1,"minecraft:torch":4,"minecraft:dirt":39,"minecraft:mutton":2,"minecraft:crafting_table":9,"minecraft:white_bed":5,"minecraft:acacia_door":4,"minecraft:bread":3,"minecraft:melon_slice":2,"minecraft:stone_axe":163,"minecraft:beef":2,"minecraft:porkchop":12,"minecraft:oak_boat":6},"minecraft:custom":{"minecraft:mob_kills":14,"minecraft:interact_with_crafting_table":15,"minecraft:leave_game":9,"minecraft:time_since_death":135667,"minecraft:sleep_in_bed":4,"minecraft:climb_one_cm":2779,"minecraft:time_since_rest":43505,"minecraft:sprint_one_cm":218896,"minecraft:damage_taken":156,"minecraft:walk_one_cm":91584,"minecraft:drop":25,"minecraft:damage_dealt":1159,"minecraft:swim_one_cm":1749,"minecraft:fly_one_cm":249376,"minecraft:open_chest":18,"minecraft:crouch_one_cm":414,"minecraft:play_time":135667,"minecraft:sneak_time":94,"minecraft:walk_under_water_one_cm":5292,"minecraft:boat_one_cm":2155297,"minecraft:jump":1061,"minecraft:walk_on_water_one_cm":5025,"minecraft:total_world_time":135667,"minecraft:fall_one_cm":27255,"minecraft:horse_one_cm":361},"minecraft:dropped":{"minecraft:wheat_seeds":20,"minecraft:oak_log":2,"minecraft:cocoa_beans":9,"minecraft:chicken":3,"minecraft:white_bed":1,"minecraft:red_mushroom":2,"minecraft:dirt":213,"minecraft:oak_sapling":2,"minecraft:wooden_pickaxe":3,"minecraft:sand":1,"minecraft:acacia_fence":2,"minecraft:white_wool":2,"minecraft:acacia_planks":5}},"DataVersion":3465}