{"stats":{"minecraft:killed_by":{"minecraft:zombie":1,"minecraft:ghast":1,"minecraft:skeleton":2,"minecraft:wither_skeleton":1,"minecraft:creeper":1,"minecraft:player":3},"minecraft:picked_up":{"betterend:raw_amber":8,"minecraft:suspicious_stew":1,"minecraft:smithing_table":14,"minecraft:lead":2,"minecraft:enchanted_book":65,"minecraft:purple_shulker_box":2,"betterend:brimstone":1,"minecraft:polished_deepslate":29,"betternether:nether_reed_trapdoor":1,"minecraft:polished_blackstone_brick_stairs":7,"minecraft:string":315,"create:limestone":30,"betterend:blue_vine_lantern":5,"minecraft:pufferfish":1,"minecraft:cherry_boat":4,"minecraft:diamond_leggings":9,"betternether:quartz_glass_framed_pane":5,"minecraft:diamond_ore":16,"minecraft:jukebox":2,"minecraft:acacia_log":3,"minecraft:purpur_pillar":7,"minecraft:golden_axe":3,"minecraft:golden_chestplate":2,"minecraft:orange_bed":3,"minecraft:stone_sword":29,"create:ochrum":84,"minecraft:polished_basalt":1,"minecraft:carved_pumpkin":1,"minecraft:glowstone":67,"minecraft:bookshelf":151,"minecraft:white_terracotta":37,"minecraft:blaze_rod":243,"minecraft:iron_bars":2,"minecraft:snowball":9,"minecraft:furnace_minecart":2,"minecraft:feather":11,"minecraft:cooked_beef":20,"betternether:jungle_moss":1,"minecraft:water_bucket":10,"minecraft:flint":287,"create:small_deepslate_bricks":1,"minecraft:lantern":56,"minecraft:stonecutter":6,"betterend:violecite_pedestal":1,"minecraft:diamond_helmet":10,"minecraft:rabbit":1,"betterend:pythadendron_bark":8,"minecraft:chiseled_polished_blackstone":12,"betterend:flavolite_lantern":2,"minecraft:stripped_spruce_log":92,"betterend:glowing_pillar_luminophor":1,"minecraft:netherite_block":4,"minecraft:iron_hoe":5,"minecraft:polished_andesite":2,"create:crimsite":55,"minecraft:snout_armor_trim_smithing_template":1,"minecraft:deepslate":4170,"minecraft:lever":35,"minecraft:granite":426,"minecraft:spruce_button":3,"minecraft:golden_horse_armor":2,"minecraft:deepslate_coal_ore":2,"minecraft:crimson_roots":12,"minecraft:diamond_pickaxe":12,"minecraft:bee_nest":4,"betterend:terminite_block":2,"minecraft:golden_pickaxe":1,"minecraft:leather_leggings":4,"minecraft:dragon_head":2,"minecraft:purpur_block":2,"betterend:twisted_vine":1,"minecraft:cornflower":3,"minecraft:elytra":3,"minecraft:flint_and_steel":2,"minecraft:white_carpet":31,"minecraft:iron_shovel":7,"create:deepslate_zinc_ore":1,"minecraft:glass_pane":123,"minecraft:netherite_sword":13,"minecraft:poppy":18,"minecraft:spruce_slab":77,"minecraft:minecart":115,"betterend:dense_emerald_ice":22,"minecraft:piston":57,"minecraft:diamond_hoe":2,"minecraft:copper_ore":16,"minecraft:lime_shulker_box":7,"minecraft:stone":5683,"minecraft:fire_charge":72,"minecraft:white_dye":2,"minecraft:netherite_pickaxe":7,"betterend:elytra_armored":2,"minecraft:diamond_chestplate":13,"minecraft:stone_shovel":15,"minecraft:purpur_slab":1,"minecraft:hay_block":207,"minecraft:totem_of_undying":163,"minecraft:mutton":16,"minecraft:heartbreak_pottery_sherd":2,"minecraft:rail":735,"minecraft:bone_block":88,"minecraft:emerald_ore":12,"minecraft:oxeye_daisy":2,"betternether:basalt_stalactite":1,"minecraft:lime_bed":2,"minecraft:yellow_shulker_box":35,"minecraft:clock":29,"minecraft:red_glazed_terracotta":1,"minecraft:purpur_stairs":5,"minecraft:lily_pad":40,"betternether:blue_obsidian_glass":8,"minecraft:paper":6,"betterend:aurora_crystal":34,"minecraft:apple":15,"minecraft:oak_fence_gate":2,"minecraft:stone_pickaxe":14,"minecraft:iron_ore":22,"minecraft:magenta_stained_glass":1,"minecraft:gray_bed":3,"minecraft:dark_oak_stairs":1,"betterend:elytra_crystalite":2,"betterend:lacugrove_stairs":4,"minecraft:smooth_basalt":5,"minecraft:milk_bucket":4,"minecraft:sweet_berries":12,"betterend:glowing_pillar_leaves":1,"betterend:ender_block":3,"minecraft:crying_obsidian":153,"minecraft:leather_helmet":4,"minecraft:diamond_shovel":3,"minecraft:coal_ore":77,"minecraft:slime_ball":67,"minecraft:tide_armor_trim_smithing_template":1,"betterend:thallasium_raw":140,"minecraft:deepslate_redstone_ore":131,"minecraft:lodestone":2,"minecraft:baked_potato":79,"minecraft:hopper":68,"minecraft:ender_chest":218,"minecraft:nether_brick_fence":6,"minecraft:yellow_wool":6,"betternether:pig_statue_respawner":3,"minecraft:gilded_blackstone":3,"betternether:bone_block":1,"betternether:nether_reed_ladder":4,"minecraft:lapis_block":92,"betternether:blue_obsidian":79,"betternether:cincinnasite_wall":2,"minecraft:deepslate_lapis_ore":7,"minecraft:cherry_pressure_plate":8,"minecraft:smooth_stone":5,"minecraft:comparator":1,"minecraft:bucket":10,"minecraft:rose_bush":7,"minecraft:cobblestone_slab":17,"minecraft:ender_eye":2,"minecraft:iron_pickaxe":6,"minecraft:deepslate_iron_ore":33,"minecraft:polished_deepslate_stairs":52,"minecraft:spruce_stairs":61,"minecraft:netherite_shovel":2,"minecraft:diorite":460,"betterend:aeternium_helmet":2,"minecraft:sniffer_egg":2,"minecraft:rotten_flesh":602,"create:asurine":20,"betternether:stalagnate_roof":7,"betternether:oak_taburet":1,"minecraft:deepslate_brick_stairs":34,"minecraft:obsidian":420,"minecraft:blaze_powder":6,"minecraft:cobblestone":2025,"minecraft:enchanting_table":7,"minecraft:pink_petals":52,"minecraft:leather_chestplate":2,"minecraft:raiser_armor_trim_smithing_template":1,"minecraft:repeater":29,"minecraft:cherry_planks":222,"minecraft:andesite":526,"betterend:aeternium_anvil":3,"minecraft:golden_leggings":2,"minecraft:beacon":13,"minecraft:potato":24,"create:raw_zinc":100,"minecraft:prismarine_bricks":6,"minecraft:silence_armor_trim_smithing_template":1,"minecraft:dirt":4655,"betterend:amber_grass":1,"minecraft:name_tag":7,"minecraft:glass":565,"minecraft:bone":1528,"minecraft:acacia_planks":31,"minecraft:bow":22,"minecraft:wheat_seeds":333,"minecraft:grindstone":19,"minecraft:netherite_axe":4,"minecraft:purple_stained_glass_pane":1,"minecraft:mossy_stone_bricks":1,"minecraft:fletching_table":46,"minecraft:bamboo":697,"minecraft:prismarine":20,"betterend:end_stone_furnace":1,"minecraft:light_blue_shulker_box":70,"minecraft:melon":2,"minecraft:nether_brick_stairs":1,"minecraft:grass_block":23,"minecraft:diamond_block":286,"minecraft:spectral_arrow":501,"minecraft:jungle_slab":1,"minecraft:mossy_cobblestone":47,"minecraft:jungle_leaves":1,"betterend:netherite_upgrade_smithing_template":1,"minecraft:sugar":92,"minecraft:yellow_carpet":9,"minecraft:netherite_helmet":6,"minecraft:soul_lantern":5,"betterend:aeternium_ingot":1,"minecraft:cherry_wood":1,"minecraft:cracked_polished_blackstone_bricks":38,"minecraft:crossbow":145,"minecraft:bone_meal":380,"minecraft:golden_apple":7,"minecraft:spruce_sign":4,"minecraft:emerald":1098,"minecraft:netherrack":12985,"minecraft:chorus_fruit":6,"minecraft:andesite_slab":1,"minecraft:oak_leaves":9,"minecraft:azure_bluet":21,"minecraft:splash_potion":9,"minecraft:ladder":15,"betternether:blue_crying_obsidian":67,"betterend:lacugrove_chest":8,"minecraft:packed_ice":7,"minecraft:brown_mushroom":43,"minecraft:chain":2,"minecraft:shield":7,"minecraft:oak_trapdoor":3,"minecraft:blackstone":1525,"create:zinc_ore":1,"betterend:umbrella_tree_membrane":3,"minecraft:end_stone":278,"minecraft:cherry_stairs":54,"minecraft:polished_blackstone_bricks":220,"minecraft:cookie":8,"create:zinc_ingot":1,"minecraft:stone_pressure_plate":2,"minecraft:weeping_vines":4,"minecraft:pumpkin_pie":2,"minecraft:nether_bricks":203,"minecraft:ward_armor_trim_smithing_template":1,"minecraft:black_banner":1,"minecraft:netherite_boots":7,"minecraft:basalt":459,"minecraft:leather":412,"minecraft:ice":197,"betternether:oak_bar_stool":2,"minecraft:crimson_fungus":1,"betternether:cincinnasite_slab":2,"minecraft:chainmail_chestplate":3,"minecraft:yellow_bed":20,"minecraft:gunpowder":373,"minecraft:heart_pottery_sherd":1,"minecraft:orange_terracotta":1,"minecraft:cooked_mutton":9,"minecraft:red_carpet":4,"minecraft:deepslate_emerald_ore":1,"minecraft:rabbit_hide":8,"minecraft:spruce_wood":37,"minecraft:iron_ingot":830,"minecraft:cooked_chicken":8,"minecraft:sculk_catalyst":2,"minecraft:warped_fungus":11,"minecraft:nether_quartz_ore":128,"minecraft:emerald_block":40,"minecraft:stone_brick_slab":1251,"minecraft:quartz":1436,"minecraft:dandelion":51,"minecraft:lava_bucket":1,"minecraft:amethyst_shard":34,"minecraft:soul_torch":24,"minecraft:spruce_door":62,"minecraft:pumpkin_seeds":6,"minecraft:sculk_sensor":5,"betternether:nether_brewing_stand":2,"betternether:cincinnasite_forge":5,"minecraft:chainmail_leggings":14,"minecraft:cherry_sapling":38,"betterend:infusion_pedestal":1,"minecraft:damaged_anvil":13,"minecraft:netherite_hoe":4,"minecraft:seagrass":13,"minecraft:iron_chestplate":5,"minecraft:chainmail_boots":1,"minecraft:anvil":21,"minecraft:prismarine_shard":8,"minecraft:diamond_sword":12,"minecraft:oak_stairs":24,"betterend:aeternium_hammer":1,"minecraft:brewing_stand":16,"minecraft:golden_sword":7,"minecraft:soul_soil":146,"minecraft:beetroot":7,"minecraft:gold_nugget":380,"minecraft:cobbled_deepslate":5746,"minecraft:spruce_planks":548,"minecraft:netherite_upgrade_smithing_template":3,"minecraft:enchanted_golden_apple":3,"minecraft:melon_slice":21,"minecraft:coal_block":1,"minecraft:golden_helmet":4,"betterend:pythadendron_door":1,"minecraft:composter":38,"minecraft:green_bed":3,"betterend:pythadendron_leaves":5,"minecraft:cherry_log":21,"betternether:cincinnasite":62,"minecraft:rabbit_foot":2,"minecraft:bamboo_block":2,"betterend:purpur_pedestal":1,"minecraft:tropical_fish":1,"create:scoria":1,"minecraft:iron_block":538,"minecraft:netherite_chestplate":4,"minecraft:host_armor_trim_smithing_template":2,"minecraft:birch_log":34,"minecraft:magma_block":297,"minecraft:oxidized_copper":1,"minecraft:birch_slab":2,"minecraft:jungle_log":11,"minecraft:smoker":1,"betterend:end_stone_smelter":3,"minecraft:stripped_spruce_wood":3,"betternether:nether_reed_fence":4,"betternether:magma_flower":1,"minecraft:netherite_leggings":5,"minecraft:cherry_door":6,"minecraft:disc_fragment_5":3,"betternether:nether_ruby_helmet":1,"minecraft:chipped_anvil":6,"minecraft:glowstone_dust":242,"minecraft:moss_block":1,"minecraft:pitcher_pod":2,"betternether:weeping_obsidian":40,"betterend:umbrella_tree_planks":12,"create:empty_blaze_burner":1,"minecraft:ink_sac":7,"minecraft:dark_oak_log":11,"minecraft:barrel":6,"betterend:flavolite":35,"minecraft:dispenser":1,"betternether:cincinnasite_lantern":1,"minecraft:writable_book":1,"minecraft:polished_granite_slab":16,"minecraft:blue_ice":12,"minecraft:bread":732,"betternether:wart_stripped_bark":1,"minecraft:chainmail_helmet":6,"minecraft:cherry_slab":27,"minecraft:plenty_pottery_sherd":1,"betterend:crystal_shards":234,"minecraft:dark_oak_fence":4,"betterend:aeternium_chestplate":2,"minecraft:spruce_leaves":26,"minecraft:coarse_dirt":4,"minecraft:crafting_table":59,"minecraft:nether_wart":63,"minecraft:red_bed":2,"minecraft:snow":151,"minecraft:netherite_scrap":5,"minecraft:compass":2,"minecraft:cracked_stone_bricks":2,"minecraft:cartography_table":1,"minecraft:respawn_anchor":1,"minecraft:deepslate_diamond_ore":660,"minecraft:music_disc_otherside":2,"minecraft:beef":94,"minecraft:iron_nugget":726,"minecraft:chest":80,"minecraft:egg":41,"minecraft:sandstone":159,"minecraft:oak_door":4,"minecraft:spruce_fence":22,"betternether:nether_reed_planks":1,"minecraft:carrot":762,"minecraft:redstone":986,"minecraft:prismarine_crystals":8,"minecraft:tnt":4,"minecraft:polished_granite_stairs":17,"betterend:pythadendron_planks":18,"minecraft:cooked_cod":3,"minecraft:beetroot_seeds":38,"minecraft:deepslate_bricks":946,"minecraft:shears":1,"minecraft:diamond_boots":11,"minecraft:gold_ingot":439,"minecraft:white_shulker_box":16,"minecraft:glow_berries":8,"minecraft:white_wool":84,"minecraft:stripped_oak_log":31,"create:iron_sheet":1,"minecraft:red_mushroom":5,"minecraft:filled_map":5,"minecraft:oak_log":273,"minecraft:ancient_debris":119,"minecraft:golden_boots":3,"minecraft:blue_bed":5,"minecraft:white_banner":362,"minecraft:stone_bricks":294,"minecraft:kelp":258,"minecraft:glass_bottle":242,"minecraft:iron_sword":3,"minecraft:dark_oak_slab":1,"betternether:anchor_tree_bark":1,"minecraft:torchflower_seeds":6,"betternether:bone_tile":1,"minecraft:gravel":905,"minecraft:birch_stairs":1,"minecraft:spruce_sapling":339,"minecraft:spruce_log":1936,"betterend:andesite_pedestal":5,"betternether:cincinnasite_forged":4,"minecraft:firework_rocket":425,"betterend:ender_shard":36,"minecraft:stone_axe":17,"minecraft:polished_diorite":6,"betterend:thallasium_anvil":8,"minecraft:diamond_axe":4,"minecraft:gray_wool":526,"minecraft:warped_roots":1,"minecraft:oak_button":1,"minecraft:melon_seeds":6,"minecraft:crimson_nylium":18,"minecraft:ender_pearl":43,"minecraft:shulker_shell":80,"minecraft:wheat":120,"betterend:sulphuric_rock":2,"minecraft:exposed_copper":1,"minecraft:redstone_block":27,"minecraft:light_gray_shulker_box":19,"betterend:shadow_berry_raw":18,"minecraft:turtle_egg":6,"minecraft:potion":78,"minecraft:nether_brick":404,"minecraft:raw_copper":243,"minecraft:iron_leggings":5,"minecraft:armor_stand":3,"minecraft:netherite_ingot":27,"minecraft:pink_shulker_box":20,"betternether:netherrack_furnace":4,"minecraft:oak_sign":11,"minecraft:activator_rail":1,"minecraft:black_shulker_box":50,"minecraft:redstone_torch":21,"minecraft:iron_boots":26,"minecraft:furnace":14,"betterend:aeternium_boots":2,"betterend:netherite_hammer":4,"minecraft:stick":902,"create:netherite_diving_helmet":2,"minecraft:orange_shulker_box":3,"minecraft:deepslate_brick_wall":5,"minecraft:oak_fence":35,"minecraft:torch":254,"minecraft:porkchop":51,"minecraft:pointed_dripstone":18,"minecraft:jungle_chest_boat":7,"minecraft:cactus":6,"create:veridium":27,"betterend:thallasium_ore":10,"minecraft:cod":8,"minecraft:magma_cream":82,"betternether:cincinnasite_tile_large":1,"minecraft:tuff":717,"minecraft:danger_pottery_sherd":1,"minecraft:wither_skeleton_skull":46,"minecraft:lapis_lazuli":607,"minecraft:polished_granite":59,"minecraft:leather_boots":5,"minecraft:deepslate_brick_slab":73,"betterend:umbrella_tree_slab":1,"minecraft:raw_gold":87,"minecraft:bell":1,"minecraft:powered_rail":43,"minecraft:oak_planks":212,"minecraft:stone_hoe":2,"minecraft:ghast_tear":60,"minecraft:cooked_porkchop":96,"minecraft:music_disc_13":1,"minecraft:poisonous_potato":6,"minecraft:sand":2142,"minecraft:cyan_bed":1,"minecraft:chiseled_sandstone":1,"minecraft:shulker_box":182,"minecraft:spruce_fence_gate":22,"minecraft:diamond":1879,"minecraft:spruce_boat":83,"minecraft:oak_sapling":53,"minecraft:nether_star":12,"minecraft:charcoal":4,"minecraft:end_stone_bricks":10,"minecraft:fishing_rod":1,"minecraft:cocoa_beans":15,"minecraft:end_stone_brick_stairs":5,"minecraft:chicken":1,"minecraft:wooden_pickaxe":2,"minecraft:cooked_rabbit":12,"minecraft:gold_block":78,"minecraft:diamond_horse_armor":2,"betternether:blue_weeping_obsidian":31,"betterend:lacugrove_planks":1,"betterend:lacugrove_fence":1,"minecraft:iron_axe":91,"minecraft:item_frame":4,"betterend:pythadendron_trapdoor":9,"minecraft:echo_shard":3,"minecraft:oak_boat":71,"minecraft:player_head":319,"minecraft:observer":6,"minecraft:light_gray_wool":1,"betterend:terminite_anvil":2,"minecraft:lectern":545,"minecraft:blue_shulker_box":11,"minecraft:sugar_cane":678,"minecraft:cherry_trapdoor":25,"minecraft:spruce_trapdoor":115,"minecraft:phantom_membrane":39,"minecraft:raw_iron":147,"minecraft:music_disc_relic":2,"minecraft:copper_ingot":35,"betternether:wall_mushroom_red":4,"minecraft:bowl":2,"minecraft:stone_button":1,"betterend:pythadendron_bookshelf":1,"betterend:helix_tree_log":14,"minecraft:dark_oak_planks":2,"minecraft:howl_pottery_sherd":1,"betterend:aeternium_leggings":2,"minecraft:arrow":816,"minecraft:golden_hoe":3,"minecraft:saddle":10,"betternether:cincinnasite_fire_bowl":1,"minecraft:wet_sponge":41,"minecraft:cracked_deepslate_tiles":1,"minecraft:crimson_stem":1,"minecraft:glow_ink_sac":10,"minecraft:salmon":26,"minecraft:cut_sandstone":17,"betterend:diamond_hammer":3,"minecraft:birch_planks":2,"betternether:nether_mycelium":1,"minecraft:nether_wart_block":9,"minecraft:cobblestone_stairs":132,"minecraft:deepslate_tile_slab":2,"betternether:cincinnasite_pedestal":2,"minecraft:smooth_sandstone":11,"minecraft:acacia_sapling":2,"minecraft:soul_sand":499,"minecraft:book":747,"betterend:granite_pedestal":2,"minecraft:scaffolding":104,"minecraft:oak_slab":15,"minecraft:pumpkin":2,"minecraft:bamboo_planks":7,"betternether:sepia_mushroom_grass":1,"minecraft:chiseled_stone_bricks":1,"minecraft:raw_iron_block":1,"minecraft:dripstone_block":56,"minecraft:magenta_stained_glass_pane":1,"betterend:pythadendron_slab":1,"minecraft:blast_furnace":1,"minecraft:white_bed":57,"minecraft:spider_eye":160,"betterend:pythadendron_stairs":8,"minecraft:campfire":1,"minecraft:iron_helmet":6,"betternether:nether_lapis_ore":1,"minecraft:black_wool":6,"minecraft:coal":1131,"betternether:nether_reed_roof":6},"minecraft:dropped":{"minecraft:iron_sword":3,"minecraft:porkchop":4,"minecraft:lapis_lazuli":88,"betternether:sepia_mushroom_grass":1,"minecraft:chorus_fruit":5,"minecraft:glass_bottle":519,"minecraft:diamond":103,"minecraft:crafting_table":1,"minecraft:cooked_porkchop":7,"minecraft:dark_oak_slab":1,"minecraft:weeping_vines":3,"minecraft:glow_berries":7,"minecraft:warped_roots":1,"betternether:nether_mycelium":1,"minecraft:cracked_stone_bricks":1,"betterend:leather_stripe":2,"minecraft:cherry_pressure_plate":1,"minecraft:red_mushroom":3,"minecraft:emerald":118,"minecraft:gold_block":14,"minecraft:dark_oak_fence":3,"minecraft:netherite_boots":5,"minecraft:gold_nugget":331,"betterend:lacugrove_stairs":4,"minecraft:writable_book":1,"minecraft:sand":33,"minecraft:white_wool":21,"minecraft:dark_oak_planks":7,"minecraft:fishing_rod":4,"minecraft:birch_stairs":1,"minecraft:compass":2,"minecraft:stone_axe":35,"minecraft:lever":1,"minecraft:ancient_debris":17,"minecraft:diamond_block":217,"minecraft:iron_nugget":758,"minecraft:cooked_chicken":6,"minecraft:cobbled_deepslate":930,"minecraft:wheat":80,"minecraft:netherite_sword":13,"minecraft:obsidian":114,"minecraft:rotten_flesh":467,"minecraft:oak_planks":151,"minecraft:glowstone_dust":280,"minecraft:golden_shovel":1,"minecraft:nether_brick_fence":3,"minecraft:azure_bluet":9,"minecraft:echo_shard":3,"minecraft:coal_ore":5,"minecraft:jungle_log":11,"minecraft:leather_boots":6,"minecraft:acacia_sapling":2,"minecraft:leather_leggings":5,"betternether:stalagnate_roof":7,"minecraft:glass":897,"minecraft:beef":8,"betterend:ender_shard":7,"minecraft:purple_stained_glass_pane":1,"betterend:netherite_hammer":1,"minecraft:golden_boots":3,"minecraft:orange_shulker_box":1,"minecraft:wheat_seeds":139,"minecraft:clock":22,"minecraft:deepslate_redstone_ore":23,"minecraft:dripstone_block":44,"minecraft:netherite_chestplate":1,"minecraft:book":66,"betterend:pythadendron_planks":17,"minecraft:yellow_carpet":3,"minecraft:golden_apple":11,"minecraft:coal_block":1,"betternether:bone_block":1,"minecraft:lava_bucket":3,"minecraft:diamond_horse_armor":2,"minecraft:gray_wool":31,"minecraft:ink_sac":6,"minecraft:cherry_planks":38,"minecraft:cooked_salmon":1,"minecraft:potion":79,"minecraft:oak_stairs":31,"minecraft:golden_hoe":1,"minecraft:white_banner":751,"minecraft:chipped_anvil":2,"minecraft:smooth_stone":6,"minecraft:chainmail_leggings":25,"minecraft:smooth_sandstone":3,"betterend:aeternium_boots":1,"minecraft:lily_pad":3,"minecraft:acacia_planks":1,"minecraft:stone_brick_slab":24,"minecraft:soul_soil":67,"create:ochrum":20,"minecraft:player_head":407,"betterend:andesite_pedestal":1,"minecraft:cocoa_beans":8,"betternether:blue_weeping_obsidian":31,"minecraft:stone_shovel":25,"minecraft:white_carpet":24,"minecraft:experience_bottle":113,"minecraft:iron_boots":27,"minecraft:cherry_slab":7,"minecraft:damaged_anvil":1,"minecraft:name_tag":9,"minecraft:white_terracotta":36,"minecraft:white_shulker_box":1,"minecraft:shears":2,"minecraft:deepslate_lapis_ore":3,"minecraft:suspicious_stew":9,"betternether:nether_reed_fence":4,"minecraft:diamond_sword":15,"minecraft:spruce_boat":13,"minecraft:spruce_trapdoor":50,"minecraft:spruce_planks":407,"create:zinc_ingot":1,"minecraft:diamond_pickaxe":10,"betternether:bone_tile":1,"minecraft:bamboo":28,"minecraft:sandstone":147,"minecraft:redstone_torch":15,"minecraft:stone_pressure_plate":2,"minecraft:barrel":3,"minecraft:stone_bricks":8,"betterend:twisted_vine":1,"minecraft:bow":13,"betternether:weeping_obsidian":40,"minecraft:magma_block":26,"minecraft:cooked_rabbit":1,"minecraft:nether_brick_stairs":1,"minecraft:soul_sand":373,"minecraft:oak_log":225,"minecraft:ender_pearl":5,"minecraft:leather":353,"minecraft:birch_slab":2,"minecraft:cod":3,"minecraft:music_disc_13":1,"minecraft:cobblestone_stairs":26,"minecraft:cracked_polished_blackstone_bricks":21,"betterend:flavolite_polished":2,"minecraft:dark_oak_log":4,"minecraft:packed_ice":1,"minecraft:ice":8,"betternether:blue_crying_obsidian":62,"minecraft:snowball":8,"betternether:magma_flower":1,"minecraft:gold_ingot":751,"minecraft:red_glazed_terracotta":1,"minecraft:purpur_block":1,"minecraft:magenta_stained_glass":3,"betternether:jungle_moss":1,"betterend:purpur_pedestal":6,"minecraft:andesite_slab":5,"minecraft:soul_lantern":2,"minecraft:pointed_dripstone":11,"betterend:glowing_pillar_luminophor":1,"minecraft:ward_armor_trim_smithing_template":1,"minecraft:leather_chestplate":1,"betterend:aeternium_chestplate":1,"betternether:basalt_stalactite":1,"betternether:blue_obsidian_glass":7,"minecraft:beetroot_seeds":7,"betterend:lacugrove_chest":6,"create:zinc_ore":1,"minecraft:iron_ore":10,"minecraft:polished_granite":32,"minecraft:splash_potion":10,"minecraft:stone_hoe":4,"minecraft:bread":1712,"betterend:umbrella_tree_planks":15,"minecraft:golden_helmet":5,"betternether:cincinnasite_forge":1,"minecraft:netherite_axe":2,"minecraft:golden_axe":2,"minecraft:activator_rail":4,"betterend:thallasium_leggings":1,"minecraft:spruce_stairs":53,"minecraft:acacia_log":2,"minecraft:iron_block":192,"minecraft:milk_bucket":1,"create:blaze_burner":1,"minecraft:repeater":3,"minecraft:nether_wart_block":2,"minecraft:melon_slice":16,"betterend:shadow_berry_raw":18,"minecraft:fire_charge":71,"minecraft:jungle_leaves":1,"minecraft:polished_blackstone_brick_slab":6,"minecraft:cactus":1,"minecraft:redstone_block":1,"minecraft:chiseled_sandstone":1,"minecraft:polished_deepslate":1,"minecraft:kelp":28,"minecraft:sweet_berries":1,"minecraft:oak_trapdoor":11,"betterend:diamond_hammer":3,"minecraft:sculk_sensor":3,"minecraft:magenta_stained_glass_pane":1,"minecraft:stripped_oak_log":10,"betterend:pythadendron_bookshelf":1,"minecraft:totem_of_undying":304,"betternether:cincinnasite_fire_bowl":1,"minecraft:shulker_box":4,"minecraft:netherite_leggings":2,"minecraft:copper_ore":10,"minecraft:deepslate_bricks":232,"minecraft:end_stone_brick_stairs":6,"minecraft:oak_button":1,"minecraft:netherite_block":2,"minecraft:andesite":117,"minecraft:golden_leggings":2,"minecraft:oak_sapling":26,"minecraft:spruce_log":138,"minecraft:wooden_pickaxe":1,"minecraft:magma_cream":6,"minecraft:brick":1,"minecraft:crimson_stem":1,"betternether:wall_mushroom_red":3,"minecraft:cooked_beef":4,"minecraft:crossbow":293,"minecraft:cookie":135,"betternether:nether_reed_ladder":4,"betterend:aeternium_leggings":1,"minecraft:fletching_table":2,"minecraft:saddle":5,"betternether:netherrack_furnace":1,"minecraft:elytra":3,"minecraft:red_carpet":12,"minecraft:rail":206,"minecraft:leather_helmet":3,"minecraft:sentry_armor_trim_smithing_template":2,"minecraft:item_frame":14,"minecraft:dirt":1295,"minecraft:bone_block":23,"minecraft:bone_meal":65,"minecraft:phantom_membrane":16,"minecraft:sugar":182,"minecraft:iron_pickaxe":4,"betterend:pythadendron_bark":6,"minecraft:blue_bed":1,"minecraft:end_crystal":20,"minecraft:bone":461,"minecraft:oak_door":6,"minecraft:cherry_boat":2,"betterend:aeternium_helmet":1,"minecraft:sugar_cane":17,"minecraft:golden_chestplate":2,"minecraft:nether_brick":404,"betterend:end_lotus_seed":1,"betternether:nether_reed_roof":5,"minecraft:deepslate_brick_slab":28,"minecraft:enchanted_golden_apple":2,"minecraft:end_stone":100,"betternether:cincinnasite_tile_large":1,"minecraft:netherite_shovel":1,"minecraft:blaze_powder":10,"create:asurine":8,"minecraft:salmon":8,"betternether:cincinnasite_slab":2,"minecraft:charcoal":4,"minecraft:hopper":1,"minecraft:ladder":20,"minecraft:spruce_slab":42,"minecraft:white_dye":1,"minecraft:end_stone_bricks":4,"betterend:blue_vine_lantern":1,"minecraft:campfire":2,"minecraft:crying_obsidian":138,"minecraft:ghast_tear":2,"minecraft:lectern":3,"minecraft:enchanted_book":80,"create:netherite_diving_helmet":2,"minecraft:egg":19,"minecraft:iron_ingot":1014,"minecraft:blue_stained_glass_pane":4,"minecraft:netherite_pickaxe":4,"betternether:cincinnasite_pedestal":2,"minecraft:deepslate_brick_wall":12,"minecraft:golden_horse_armor":1,"betternether:cincinnasite_wall":2,"betterend:granite_pedestal":1,"minecraft:netherite_helmet":2,"minecraft:oak_fence":2,"minecraft:feather":6,"minecraft:iron_helmet":16,"minecraft:cobblestone":482,"minecraft:light_gray_glazed_terracotta":1,"minecraft:apple":77,"minecraft:granite":120,"minecraft:spruce_button":5,"minecraft:spruce_door":10,"minecraft:disc_fragment_5":6,"minecraft:chainmail_helmet":6,"minecraft:coal":151,"minecraft:polished_andesite":12,"minecraft:jungle_slab":1,"betterend:lacugrove_slab":1,"minecraft:golden_carrot":4,"minecraft:rose_bush":1,"minecraft:diamond_helmet":11,"minecraft:iron_shovel":5,"minecraft:paper":150,"minecraft:string":304,"minecraft:oxidized_copper":1,"minecraft:spruce_sapling":79,"minecraft:bamboo_planks":6,"betternether:quartz_glass_framed_pane":3,"minecraft:purpur_pillar":2,"minecraft:furnace":7,"betternether:flaming_ruby_upgrade_smithing_template":1,"betterend:dense_emerald_ice":22,"minecraft:netherite_ingot":23,"minecraft:stone_sword":28,"minecraft:deepslate":1923,"minecraft:bowl":18,"minecraft:diamond_hoe":3,"minecraft:chicken":3,"minecraft:stone_slab":3,"minecraft:nether_bricks":19,"minecraft:spruce_fence":4,"minecraft:pumpkin_seeds":6,"minecraft:potato":6,"minecraft:cobblestone_slab":17,"betternether:oak_bar_stool":1,"minecraft:stone":1064,"betternether:wart_planks":4,"minecraft:spider_eye":327,"minecraft:light_gray_dye":1,"minecraft:black_wool":4,"minecraft:crimson_nylium":8,"minecraft:spruce_sign":6,"minecraft:brown_mushroom":11,"minecraft:birch_planks":16,"minecraft:dark_oak_stairs":1,"minecraft:diamond_axe":2,"minecraft:baked_potato":9,"betterend:violecite_pedestal":1,"minecraft:netherite_upgrade_smithing_template":3,"betterend:lacugrove_planks":2,"minecraft:tide_armor_trim_smithing_template":4,"minecraft:lantern":41,"create:deepslate_zinc_ore":1,"betternether:cincinnasite_forged":4,"betterend:amber_grass":1,"minecraft:flint":197,"minecraft:spruce_leaves":19,"minecraft:netherite_scrap":7,"minecraft:cherry_trapdoor":10,"minecraft:cornflower":3,"betterend:glowing_pillar_leaves":1,"minecraft:crimson_roots":11,"minecraft:coast_armor_trim_smithing_template":2,"minecraft:cooked_cod":2,"minecraft:cut_sandstone":13,"minecraft:gilded_blackstone":1,"minecraft:pumpkin_pie":2,"minecraft:amethyst_shard":1,"create:iron_sheet":1,"betterend:lucernia_outer_leaves":4,"minecraft:polished_blackstone_bricks":11,"minecraft:armor_stand":3,"minecraft:gravel":735,"minecraft:blackstone":833,"betterend:elytra_armored":1,"betternether:nether_lapis_ore":1,"minecraft:cherry_sapling":18,"minecraft:diamond_shovel":1,"minecraft:prismarine":1,"betterend:aurora_crystal":9,"minecraft:carrot":375,"minecraft:chainmail_chestplate":6,"minecraft:shulker_shell":20,"minecraft:poppy":10,"minecraft:rabbit_hide":1,"minecraft:gunpowder":392,"minecraft:melon_seeds":8,"minecraft:glowstone":102,"minecraft:chest":9,"minecraft:bee_nest":1,"betternether:oak_taburet":1,"minecraft:basalt":185,"minecraft:arrow":149,"minecraft:powered_rail":23,"minecraft:prismarine_bricks":3,"betterend:pythadendron_stairs":13,"minecraft:torchflower":3,"minecraft:quartz":721,"minecraft:netherrack":6914,"minecraft:oak_leaves":7,"minecraft:firework_rocket":88,"minecraft:water_bucket":4,"minecraft:stripped_spruce_log":15,"betterend:pythadendron_trapdoor":9,"betternether:blue_obsidian":78,"minecraft:deepslate_iron_ore":33,"minecraft:mossy_cobblestone":47,"minecraft:minecart":12,"minecraft:bookshelf":6,"minecraft:diamond_leggings":10,"minecraft:poisonous_potato":5,"minecraft:lead":2,"minecraft:spectral_arrow":360,"minecraft:copper_ingot":8,"minecraft:stick":900,"minecraft:grass_block":10,"betterend:ender_block":1,"minecraft:diorite":185,"minecraft:torch":54,"minecraft:map":12,"minecraft:iron_leggings":4,"minecraft:iron_axe":216,"minecraft:pink_petals":19,"minecraft:bucket":42,"minecraft:smooth_basalt":3,"minecraft:dandelion":23,"betternether:cincinnasite_lantern":1,"minecraft:lapis_block":46,"betternether:anchor_tree_planks":4,"minecraft:redstone":123,"minecraft:cherry_wood":2,"minecraft:anvil":3,"minecraft:coarse_dirt":4,"minecraft:blaze_rod":7,"minecraft:ender_chest":13,"minecraft:nether_wart":32,"minecraft:raw_copper":32,"minecraft:tuff":400,"minecraft:composter":3,"minecraft:raw_iron":11,"minecraft:wither_skeleton_skull":5,"minecraft:light_gray_wool":1,"minecraft:iron_hoe":2,"minecraft:smoker":1,"minecraft:ender_eye":2,"minecraft:glass_pane":54,"minecraft:filled_map":17,"minecraft:shield":2,"minecraft:orange_terracotta":1,"minecraft:diamond_chestplate":11,"minecraft:iron_chestplate":5,"minecraft:mossy_stone_bricks":1,"minecraft:oak_boat":3,"minecraft:golden_sword":7,"minecraft:diamond_boots":9,"minecraft:slime_ball":8,"betternether:nether_ruby_helmet":1,"minecraft:stone_pickaxe":30,"minecraft:raw_gold":1,"minecraft:nether_quartz_ore":15,"minecraft:light_blue_shulker_box":1},"minecraft:broken":{"minecraft:diamond_shovel":1,"minecraft:fishing_rod":1,"minecraft:shield":1,"minecraft:iron_pickaxe":7,"minecraft:iron_shovel":1,"minecraft:stone_axe":2,"minecraft:iron_sword":2,"betterend:elytra_crystalite":1,"minecraft:iron_axe":3,"minecraft:golden_shovel":1,"minecraft:golden_pickaxe":1},"minecraft:custom":{"minecraft:interact_with_crafting_table":869,"minecraft:damage_blocked_by_shield":30230,"minecraft:play_time":8802322,"minecraft:deaths":15,"minecraft:jump":99476,"minecraft:play_record":1,"minecraft:interact_with_cartography_table":2,"minecraft:horse_one_cm":37768,"minecraft:inspect_dispenser":91,"minecraft:inspect_dropper":7,"minecraft:interact_with_anvil":299,"minecraft:inspect_hopper":337,"minecraft:time_since_rest":259,"minecraft:swim_one_cm":1756566,"minecraft:open_chest":6831,"minecraft:open_shulker_box":3782,"minecraft:damage_resisted":2417,"minecraft:talked_to_villager":2997,"minecraft:interact_with_brewingstand":204,"minecraft:interact_with_beacon":17,"minecraft:raid_win":31,"minecraft:boat_one_cm":2980378,"minecraft:damage_taken":139879,"minecraft:aviate_one_cm":123378270,"minecraft:open_barrel":319,"minecraft:bell_ring":44,"minecraft:leave_game":493,"minecraft:time_since_death":234,"minecraft:enchant_item":131,"minecraft:interact_with_furnace":527,"minecraft:traded_with_villager":10270,"minecraft:sleep_in_bed":112,"minecraft:damage_dealt":637921,"minecraft:interact_with_smithing_table":140,"minecraft:sneak_time":789496,"minecraft:interact_with_blast_furnace":2,"minecraft:total_world_time":8802322,"minecraft:interact_with_stonecutter":15,"minecraft:fly_one_cm":25129188,"minecraft:fall_one_cm":3297939,"minecraft:animals_bred":17,"minecraft:sprint_one_cm":26398519,"minecraft:drop":6434,"minecraft:walk_on_water_one_cm":1045152,"minecraft:open_enderchest":1178,"minecraft:player_kills":30,"minecraft:crouch_one_cm":2346740,"minecraft:mob_kills":6675,"minecraft:climb_one_cm":392562,"minecraft:walk_one_cm":9683992,"minecraft:strider_one_cm":92670,"minecraft:walk_under_water_one_cm":2315968,"minecraft:raid_trigger":70,"minecraft:interact_with_grindstone":110,"minecraft:damage_absorbed":2038,"minecraft:trigger_trapped_chest":3,"minecraft:minecart_one_cm":39969},"minecraft:used":{"minecraft:moss_block":1,"minecraft:writable_book":1,"minecraft:polished_granite_stairs":57,"minecraft:dispenser":11,"minecraft:stone":946,"minecraft:rotten_flesh":51,"minecraft:soul_sand":68,"minecraft:deepslate_brick_slab":203,"minecraft:azure_bluet":1,"minecraft:spruce_boat":89,"minecraft:lava_bucket":290,"betterend:elytra_crystalite":84,"minecraft:netherite_hoe":228,"minecraft:netherite_boots":6,"betterend:aeternium_boots":1,"minecraft:bow":1306,"minecraft:oak_sapling":21,"minecraft:cooked_cod":1,"minecraft:end_stone_brick_stairs":1,"minecraft:deepslate_brick_wall":74,"minecraft:damaged_anvil":12,"create:netherite_diving_helmet":3,"minecraft:chorus_fruit":1,"minecraft:blackstone":132,"minecraft:wooden_pickaxe":24,"minecraft:composter":43,"betterend:aeternium_leggings":1,"minecraft:golden_apple":43,"minecraft:glow_berries":1,"minecraft:blast_furnace":2,"minecraft:deepslate_brick_stairs":48,"betterend:netherite_hammer":2235,"betterend:flavolite_runed":4,"betternether:quartz_glass_framed_pane":1,"minecraft:diamond_sword":2514,"minecraft:smithing_table":18,"minecraft:poisonous_potato":1,"minecraft:oak_boat":69,"minecraft:compass":1,"minecraft:oak_trapdoor":19,"minecraft:enchanting_table":7,"minecraft:carved_pumpkin":1,"minecraft:armor_stand":3,"betterend:flavolite":8,"betterend:aurora_crystal":17,"minecraft:cooked_salmon":3,"minecraft:torch":628,"minecraft:brewing_stand":29,"betternether:cincinnasite_helmet":1,"minecraft:nether_quartz_ore":96,"minecraft:yellow_carpet":3,"minecraft:golden_shovel":32,"minecraft:chipped_anvil":3,"minecraft:iron_block":824,"minecraft:cherry_slab":15,"betternether:netherrack_furnace":3,"minecraft:barrel":6,"betterend:thallasium_boots":1,"minecraft:diamond_chestplate":1,"minecraft:basalt":77,"minecraft:cherry_log":1,"minecraft:deepslate_emerald_ore":1,"minecraft:wheat_seeds":76,"minecraft:chiseled_bookshelf":3,"minecraft:light_blue_shulker_box":70,"minecraft:birch_planks":8,"minecraft:bundle":2,"minecraft:cherry_planks":14,"minecraft:glow_ink_sac":1,"minecraft:spruce_fence_gate":48,"minecraft:deepslate_bricks":1866,"minecraft:diamond_block":212,"minecraft:rail":688,"minecraft:red_bed":2,"minecraft:white_bed":120,"minecraft:campfire":10,"minecraft:spruce_log":752,"minecraft:diamond_pickaxe":49590,"minecraft:diamond_shovel":4208,"minecraft:suspicious_stew":1,"minecraft:spruce_trapdoor":189,"minecraft:spruce_sapling":150,"minecraft:enchanted_book":32,"minecraft:potion":46,"minecraft:cooked_porkchop":1823,"minecraft:porkchop":7,"minecraft:brush":122,"minecraft:stripped_oak_log":17,"minecraft:dandelion":2,"minecraft:diamond_leggings":1,"minecraft:cherry_sapling":1,"minecraft:polished_deepslate":115,"minecraft:melon":2,"betternether:nether_ruby_block":1,"minecraft:decorated_pot":2,"minecraft:nether_wart":10,"minecraft:mutton":4,"betterend:purpur_pedestal":2,"minecraft:furnace_minecart":3,"minecraft:obsidian":327,"minecraft:honey_bottle":2,"betternether:cincinnasite_chestplate":1,"minecraft:lantern":56,"minecraft:spruce_wood":31,"create:scoria":1,"minecraft:item_frame":16,"minecraft:deepslate_diamond_ore":647,"minecraft:golden_sword":7,"minecraft:blue_shulker_box":12,"minecraft:gold_block":61,"create:copper_diving_boots":1,"betternether:flaming_ruby_chestplate":1,"minecraft:diamond_boots":2,"minecraft:dropper":1,"minecraft:wither_skeleton_skull":41,"minecraft:stone_pickaxe":172,"minecraft:oak_planks":153,"minecraft:sandstone":7,"minecraft:diamond_axe":3134,"minecraft:sugar_cane":57,"betterend:helix_tree_crafting_table":2,"minecraft:white_wool":489,"minecraft:golden_hoe":6,"minecraft:netherite_leggings":5,"minecraft:mushroom_stew":1,"minecraft:crossbow":2,"minecraft:end_stone":153,"minecraft:deepslate_lapis_ore":4,"minecraft:lever":100,"minecraft:bread":2795,"minecraft:deepslate":1154,"minecraft:cooked_rabbit":2,"minecraft:chain":4,"minecraft:bone_meal":800,"minecraft:netherite_sword":5537,"minecraft:rose_bush":6,"minecraft:flint_and_steel":122,"minecraft:redstone":181,"minecraft:dried_kelp":1,"minecraft:ender_chest":196,"minecraft:stone_hoe":113,"minecraft:cooked_chicken":1,"minecraft:dirt":2735,"minecraft:cherry_pressure_plate":6,"minecraft:bee_nest":3,"minecraft:golden_chestplate":2,"minecraft:spruce_fence":89,"minecraft:iron_hoe":144,"minecraft:wooden_axe":11,"minecraft:oak_stairs":45,"minecraft:soul_soil":18,"minecraft:minecart":38,"minecraft:netherite_pickaxe":21680,"minecraft:cooked_beef":84,"minecraft:turtle_egg":6,"minecraft:enchanted_golden_apple":1,"minecraft:beetroot_soup":1,"minecraft:cobblestone_stairs":67,"minecraft:lodestone":3,"minecraft:baked_potato":49,"betterend:thallasium_chestplate":1,"minecraft:brown_mushroom":1,"minecraft:spruce_sign":8,"minecraft:sniffer_egg":2,"minecraft:green_bed":3,"minecraft:spider_eye":1,"minecraft:netherite_block":3,"minecraft:piston":128,"betterend:granite_pedestal":3,"minecraft:cherry_door":6,"minecraft:chicken":1,"betterend:pythadendron_bark":1,"minecraft:stone_slab":3,"minecraft:stone_axe":189,"minecraft:end_crystal":17,"minecraft:pink_shulker_box":21,"minecraft:pumpkin_pie":1,"minecraft:gray_wool":479,"minecraft:beetroot":1,"minecraft:nether_brick_fence":2,"minecraft:spruce_slab":319,"minecraft:ladder":87,"minecraft:elytra":8,"minecraft:chest":163,"minecraft:white_shulker_box":16,"create:small_deepslate_bricks":1,"betterend:diamond_hammer":7,"minecraft:stripped_spruce_log":58,"minecraft:netherite_shovel":4191,"minecraft:grass_block":6,"minecraft:orange_shulker_box":4,"minecraft:rabbit_stew":1,"betterend:aeternium_helmet":2,"minecraft:sweet_berries":2,"minecraft:furnace":13,"minecraft:egg":113,"minecraft:potato":1,"minecraft:dragon_head":2,"minecraft:emerald_ore":9,"minecraft:diorite":125,"minecraft:spruce_door":60,"minecraft:warped_fungus_on_a_stick":3,"betterend:ender_block":1,"minecraft:powered_rail":54,"minecraft:cookie":1,"minecraft:respawn_anchor":2,"minecraft:sand":12,"minecraft:blue_ice":15,"minecraft:netherite_helmet":6,"betterend:andesite_pedestal":12,"minecraft:crying_obsidian":4,"minecraft:stone_button":1,"minecraft:lectern":548,"minecraft:polished_granite":165,"minecraft:diamond_ore":8,"minecraft:soul_lantern":3,"minecraft:pufferfish":1,"minecraft:fire_charge":1,"minecraft:iron_bars":3,"minecraft:stone_sword":145,"betterend:infusion_pedestal":2,"minecraft:netherrack":3500,"betterend:thallasium_anvil":10,"minecraft:orange_bed":3,"minecraft:light_gray_shulker_box":19,"minecraft:anvil":23,"minecraft:ancient_debris":2,"betterend:terminite_block":1,"minecraft:polished_granite_slab":61,"minecraft:polished_diorite":6,"minecraft:iron_axe":691,"minecraft:spruce_button":1,"minecraft:totem_of_undying":33,"minecraft:glowstone":67,"minecraft:beef":9,"minecraft:goat_horn":4,"minecraft:observer":50,"minecraft:cobbled_deepslate":1065,"betterend:end_stone_smelter":4,"minecraft:water_bucket":823,"betternether:nether_reed_roof":1,"minecraft:rabbit":1,"minecraft:yellow_shulker_box":35,"minecraft:cartography_table":1,"minecraft:fletching_table":43,"minecraft:cracked_stone_bricks":1,"minecraft:polished_blackstone_bricks":460,"minecraft:salmon":1,"betternether:flaming_ruby_boots":1,"minecraft:comparator":15,"minecraft:tnt":436,"minecraft:crafting_table":96,"minecraft:cod":1,"minecraft:lime_shulker_box":8,"minecraft:oak_log":30,"minecraft:iron_pickaxe":2477,"betterend:aeternium_anvil":4,"betternether:cincinnasite_forge":4,"minecraft:crimson_nylium":3,"minecraft:cobblestone":565,"minecraft:glass_pane":179,"minecraft:kelp":116,"minecraft:jukebox":2,"minecraft:iron_shovel":516,"minecraft:diamond_hoe":64,"minecraft:oak_sign":6,"minecraft:shield":371,"minecraft:iron_sword":578,"minecraft:purple_shulker_box":1,"minecraft:player_head":45,"minecraft:nether_bricks":51,"minecraft:carrot":262,"minecraft:tuff":76,"minecraft:axolotl_bucket":4,"minecraft:milk_bucket":8,"minecraft:polished_deepslate_stairs":81,"minecraft:glass":563,"minecraft:coal_ore":17,"betterend:end_stone_furnace":1,"minecraft:hopper_minecart":4,"minecraft:stone_bricks":774,"betterend:umbrella_tree_membrane":3,"minecraft:repeater":61,"minecraft:red_carpet":56,"minecraft:redstone_lamp":3,"minecraft:magma_block":227,"minecraft:warped_fungus":5,"minecraft:scaffolding":249,"minecraft:gray_bed":3,"minecraft:beetroot_seeds":10,"betternether:blue_crying_obsidian":5,"betternether:nether_brewing_stand":2,"minecraft:chiseled_polished_blackstone":6,"betternether:blue_obsidian_glass":1,"minecraft:ender_pearl":53,"minecraft:redstone_block":5,"minecraft:blue_bed":8,"minecraft:deepslate_redstone_ore":53,"minecraft:dripstone_block":2,"minecraft:shears":515,"minecraft:exposed_copper":1,"betternether:pig_statue_respawner":1,"minecraft:redstone_torch":24,"minecraft:firework_rocket":4160,"minecraft:melon_slice":6,"minecraft:cyan_bed":1,"minecraft:gravel":19,"minecraft:grindstone":19,"minecraft:andesite":113,"minecraft:air":1,"minecraft:tropical_fish_bucket":1,"minecraft:cherry_boat":3,"minecraft:golden_pickaxe":32,"minecraft:experience_bottle":2431,"minecraft:oak_fence":2,"minecraft:trident":35,"minecraft:music_disc_otherside":1,"minecraft:tropical_fish":1,"minecraft:spruce_planks":238,"minecraft:oak_door":3,"minecraft:spyglass":3,"minecraft:white_carpet":30,"minecraft:hopper":123,"betternether:oak_bar_stool":1,"minecraft:spruce_stairs":263,"minecraft:shulker_box":187,"minecraft:granite":9,"minecraft:raw_iron_block":1,"minecraft:salmon_bucket":1,"minecraft:stone_brick_slab":1959,"minecraft:bookshelf":288,"betterend:terminite_anvil":3,"betterend:aeternium_chestplate":1,"minecraft:cherry_trapdoor":108,"minecraft:polished_blackstone_brick_stairs":6,"betterend:thallasium_helmet":1,"minecraft:golden_carrot":11,"minecraft:emerald_block":13,"betterend:thallasium_ore":10,"minecraft:cooked_mutton":17,"minecraft:acacia_boat":2,"minecraft:iron_ore":9,"minecraft:glass_bottle":118,"minecraft:polished_andesite":77,"minecraft:netherite_chestplate":73,"minecraft:andesite_slab":2,"minecraft:black_shulker_box":49,"minecraft:beacon":17,"minecraft:stonecutter":4,"minecraft:cobblestone_slab":3,"minecraft:lime_bed":2,"betterend:thallasium_leggings":1,"minecraft:book":1,"minecraft:jungle_chest_boat":6,"minecraft:apple":4,"minecraft:activator_rail":2,"minecraft:cracked_polished_blackstone_bricks":13,"minecraft:netherite_axe":2051,"minecraft:map":1,"minecraft:fishing_rod":143,"minecraft:cherry_stairs":38,"minecraft:white_banner":4,"minecraft:bucket":1157,"minecraft:yellow_bed":18,"minecraft:splash_potion":40},"minecraft:crafted":{"minecraft:black_dye":1,"create:copper_diving_boots":1,"betterend:andesite_pedestal":76,"betterend:aeternium_hammer":1,"minecraft:blaze_powder":92,"minecraft:chain":1,"minecraft:diamond_shovel":4,"betterend:elytra_armored":1,"minecraft:shulker_box":20,"minecraft:diamond_helmet":8,"minecraft:beacon":6,"minecraft:decorated_pot":2,"betterend:aeternium_axe":1,"minecraft:name_tag":1,"minecraft:white_shulker_box":1,"betternether:cincinnasite_diamond_upgrade_smithing_template":8,"minecraft:soul_campfire":6,"minecraft:smithing_table":5,"minecraft:fletching_table":5,"betternether:wart_planks":4,"minecraft:cartography_table":1,"betterend:aeternium_anvil":1,"minecraft:lectern":13,"minecraft:stone_slab":12,"minecraft:iron_pickaxe":19,"betterend:thallasium_leggings":2,"minecraft:netherite_ingot":73,"minecraft:composter":9,"minecraft:polished_blackstone_bricks":449,"betterend:aeternium_ingot":13,"minecraft:golden_carrot":9,"betterend:amber_gem":2,"minecraft:jukebox":1,"minecraft:iron_nugget":29,"minecraft:spyglass":1,"minecraft:diamond_hoe":3,"minecraft:experience_bottle":2543,"betterend:aeternium_sword_handle":1,"betterend:thallasium_helmet":1,"minecraft:spruce_fence":111,"minecraft:rib_armor_trim_smithing_template":2,"betterend:end_stone_smelter":1,"minecraft:lantern":46,"minecraft:spruce_stairs":360,"minecraft:light_gray_shulker_box":1,"minecraft:vex_armor_trim_smithing_template":2,"betterend:thallasium_ingot":36,"betterend:terminite_anvil":2,"minecraft:stone_pickaxe":14,"minecraft:eye_armor_trim_smithing_template":6,"betterend:terminite_shovel":1,"minecraft:spruce_boat":30,"minecraft:bundle":1,"betterend:thallasium_anvil":2,"minecraft:chainmail_leggings":12,"betterend:terminite_ingot":174,"minecraft:enchanting_table":1,"betternether:cincinnasite_leggings":1,"betterend:plate_upgrade_smithing_template":8,"minecraft:red_carpet":64,"minecraft:enchanted_book":206,"minecraft:warped_fungus_on_a_stick":1,"create:netherite_diving_boots":1,"minecraft:fermented_spider_eye":29,"minecraft:iron_shovel":5,"minecraft:armor_stand":6,"minecraft:grindstone":3,"minecraft:barrel":3,"minecraft:polished_granite_slab":42,"betternether:flaming_ruby_helmet":1,"minecraft:cherry_slab":54,"minecraft:calibrated_sculk_sensor":1,"minecraft:cooked_chicken":2,"minecraft:cherry_boat":1,"minecraft:stone":7,"betterend:end_stone_furnace":1,"minecraft:stone_brick_slab":2612,"minecraft:bow":4,"minecraft:comparator":16,"minecraft:netherite_helmet":4,"minecraft:chest":234,"minecraft:rail":508,"minecraft:ender_eye":66,"minecraft:stone_bricks":2868,"minecraft:respawn_anchor":1,"minecraft:golden_boots":1,"minecraft:arrow":96,"minecraft:iron_helmet":12,"betternether:flaming_ruby_upgrade_smithing_template":2,"minecraft:brush":5,"minecraft:chainmail_chestplate":3,"create:zinc_nugget":9,"betterend:aeternium_shovel":1,"betterend:leather_handle_attachment_smithing_template":12,"minecraft:dispenser":3,"minecraft:apple":168,"minecraft:tnt":443,"minecraft:spruce_trapdoor":288,"betternether:cincinnasite_boots":1,"betternether:obsidian_bricks":8,"minecraft:purple_dye":2,"minecraft:netherite_block":4,"minecraft:stick":11556,"minecraft:iron_ingot":3369,"minecraft:light_blue_shulker_box":1,"minecraft:deepslate_bricks":2099,"minecraft:beetroot_soup":1,"minecraft:oak_door":12,"betternether:cincinnasite_helmet":1,"minecraft:fishing_rod":5,"minecraft:netherite_sword":2,"minecraft:spruce_button":3,"minecraft:furnace":5,"minecraft:blast_furnace":1,"minecraft:piston":120,"betterend:flavolite_bricks":8,"minecraft:mushroom_stew":1,"betternether:flaming_ruby_leggings":1,"betterend:terminite_block":13,"minecraft:polished_andesite_slab":76,"minecraft:oak_trapdoor":48,"minecraft:flint_and_steel":3,"minecraft:scaffolding":276,"minecraft:netherite_chestplate":5,"minecraft:polished_granite_stairs":96,"minecraft:chiseled_bookshelf":3,"minecraft:glistering_melon_slice":1,"create:andesite_alloy":4,"betterend:terminite_helmet":1,"minecraft:purple_shulker_box":1,"minecraft:iron_sword":3,"minecraft:cooked_salmon":3,"betterend:infusion_pedestal":1,"minecraft:white_dye":13,"minecraft:anvil":10,"minecraft:stonecutter":1,"betternether:obsidian_rod_tiles":4,"create:copper_diving_helmet":1,"minecraft:torch":798,"minecraft:diamond_chestplate":5,"minecraft:tide_armor_trim_smithing_template":14,"minecraft:ender_chest":1,"minecraft:smooth_stone":17,"betternether:netherrack_furnace":1,"minecraft:lever":101,"minecraft:bookshelf":212,"minecraft:cooked_mutton":8,"minecraft:deepslate_brick_stairs":40,"minecraft:quartz_block":64,"minecraft:glass":1205,"minecraft:repeater":25,"minecraft:diamond_leggings":7,"minecraft:netherite_boots":4,"minecraft:polished_blackstone":448,"betterend:aeternium_sword":1,"betterend:aeternium_boots":1,"minecraft:gray_bed":1,"minecraft:glass_bottle":390,"minecraft:furnace_minecart":2,"minecraft:emerald":7957,"minecraft:cooked_porkchop":47,"minecraft:diamond_axe":2,"minecraft:spruce_door":21,"minecraft:snout_armor_trim_smithing_template":6,"betterend:ender_block":1,"minecraft:clock":7,"minecraft:copper_ingot":7,"betterend:helix_tree_crafting_table":2,"minecraft:campfire":11,"minecraft:bamboo_planks":266,"minecraft:lime_shulker_box":1,"betterend:handle_attachment_smithing_template":10,"minecraft:compass":26,"minecraft:iron_block":1336,"minecraft:gold_ingot":1491,"minecraft:light_gray_dye":2,"minecraft:spruce_fence_gate":14,"betterend:terminite_boots":1,"minecraft:packed_ice":21,"betternether:anchor_tree_planks":4,"betterend:leather_wrapped_stick":13,"minecraft:rabbit_stew":1,"minecraft:stone_shovel":10,"minecraft:smooth_stone_slab":24,"minecraft:polished_deepslate_stairs":72,"minecraft:yellow_bed":2,"minecraft:bone_meal":1545,"minecraft:white_carpet":87,"minecraft:cherry_trapdoor":180,"minecraft:netherite_axe":1,"minecraft:diamond":731,"minecraft:deepslate_brick_wall":198,"betterend:terminite_leggings":1,"minecraft:ladder":126,"minecraft:spruce_slab":642,"minecraft:ender_pearl":244,"betternether:cincinnasite_chestplate":1,"minecraft:diamond_boots":9,"minecraft:redstone_block":49,"minecraft:dark_oak_planks":12,"minecraft:wheat":1591,"betternether:obsidian_tile_small":4,"minecraft:coal_block":6,"minecraft:crossbow":8,"minecraft:netherite_pickaxe":1,"betterend:aeternium_upgrade_smithing_template":4,"minecraft:polished_blackstone_brick_slab":8,"betterend:thallasium_boots":1,"minecraft:deepslate_brick_slab":392,"minecraft:blue_bed":4,"betterend:helix_tree_planks":56,"minecraft:polished_granite":312,"betternether:nether_ruby":9,"minecraft:glowstone":280,"betterend:thallasium_chestplate":1,"betternether:nether_ruby_boots":1,"betterend:netherite_hammer":1,"minecraft:golden_apple":55,"minecraft:andesite_slab":6,"minecraft:gray_shulker_box":1,"minecraft:oak_stairs":64,"create:zinc_block":7,"minecraft:wooden_axe":1,"minecraft:iron_leggings":2,"minecraft:white_bed":66,"minecraft:music_disc_5":2,"minecraft:golden_hoe":1,"minecraft:oak_planks":2116,"minecraft:cobblestone_stairs":216,"minecraft:suspicious_stew":8,"minecraft:hopper":73,"minecraft:netherite_upgrade_smithing_template":22,"minecraft:stone_hoe":1,"minecraft:spire_armor_trim_smithing_template":2,"minecraft:item_frame":27,"minecraft:oak_slab":30,"minecraft:map":13,"betterend:thallasium_block":6,"minecraft:crafting_table":42,"minecraft:spruce_planks":7328,"minecraft:wooden_pickaxe":2,"minecraft:baked_potato":6,"minecraft:silence_armor_trim_smithing_template":12,"minecraft:hopper_minecart":1,"minecraft:gold_block":81,"minecraft:birch_planks":276,"minecraft:brewing_stand":14,"betterend:granite_pedestal":2,"betterend:leather_stripe":15,"betternether:cincinnasite_sword_diamond":1,"minecraft:string":20,"minecraft:book":62,"minecraft:iron_chestplate":3,"minecraft:paper":3297,"minecraft:diamond_pickaxe":10,"minecraft:emerald_block":345,"minecraft:shield":6,"minecraft:light_blue_dye":2,"minecraft:stone_sword":14,"minecraft:polished_blackstone_brick_stairs":24,"minecraft:redstone_torch":141,"betternether:nether_ruby_chestplate":1,"betterend:terminite_chestplate":1,"minecraft:shears":9,"minecraft:trident":3,"minecraft:polished_andesite":176,"minecraft:cherry_planks":272,"minecraft:nether_wart":54,"minecraft:cookie":136,"minecraft:raw_iron":9,"minecraft:redstone":920,"minecraft:coal":9,"betternether:flaming_ruby_chestplate":1,"betterend:diamond_hammer":2,"betternether:obsidian_tile_slab":6,"minecraft:gray_dye":2,"minecraft:end_stone_bricks":4,"minecraft:diamond_block":214,"betternether:nether_ruby_block":3,"minecraft:glass_pane":240,"create:netherite_diving_helmet":1,"minecraft:blue_ice":3,"minecraft:netherite_leggings":3,"minecraft:polished_deepslate":2308,"minecraft:iron_axe":9,"minecraft:spruce_wood":100,"minecraft:iron_hoe":1,"minecraft:lime_dye":2,"minecraft:filled_map":9,"minecraft:netherite_scrap":68,"minecraft:observer":88,"minecraft:minecart":14,"minecraft:cooked_beef":51,"minecraft:sugar":87,"minecraft:red_dye":65,"betternether:cincinnasite_hoe_diamond":1,"minecraft:diamond_sword":6,"minecraft:spruce_sign":28,"minecraft:powered_rail":12,"minecraft:activator_rail":6,"minecraft:bowl":20,"minecraft:bucket":90,"betterend:flavolite_polished":8,"minecraft:stone_axe":23,"minecraft:air":0,"minecraft:bread":4106,"minecraft:blue_dye":6,"minecraft:oak_boat":4,"minecraft:white_wool":1008,"minecraft:gold_nugget":180,"betternether:obsidian_tile":20,"minecraft:pumpkin_pie":1,"minecraft:acacia_planks":4,"minecraft:end_crystal":57,"minecraft:lapis_lazuli":272,"minecraft:lapis_block":2,"minecraft:firework_rocket":4367},"minecraft:killed":{"minecraft:cod":4,"betternether:firefly":3,"minecraft:guardian":2,"minecraft:skeleton_horse":1,"minecraft:tropical_fish":1,"minecraft:elder_guardian":3,"minecraft:salmon":12,"minecraft:iron_golem":18,"minecraft:ender_dragon":2,"minecraft:pillager":1664,"minecraft:donkey":2,"minecraft:zombie":794,"minecraft:evoker":261,"minecraft:vindicator":1205,"minecraft:sniffer":1,"minecraft:rabbit":10,"minecraft:ravager":10,"minecraft:zombified_piglin":26,"minecraft:witch":371,"minecraft:spider":104,"minecraft:wither":11,"minecraft:silverfish":17,"minecraft:piglin_brute":11,"minecraft:piglin":48,"minecraft:zombie_villager":6,"minecraft:sheep":23,"minecraft:trader_llama":5,"minecraft:ghast":46,"minecraft:vex":24,"minecraft:slime":38,"minecraft:drowned":10,"betternether:naga_projectile":3,"minecraft:hoglin":2,"minecraft:squid":2,"minecraft:wither_skeleton":651,"minecraft:player":21,"minecraft:villager":18,"minecraft:cave_spider":1,"betternether:skull":2,"minecraft:shulker":27,"minecraft:pufferfish":1,"minecraft:skeleton":311,"minecraft:chicken":7,"minecraft:cat":1,"minecraft:magma_cube":134,"minecraft:glow_squid":1,"minecraft:cow":61,"minecraft:zoglin":1,"minecraft:horse":5,"betterend:end_slime":3,"minecraft:wandering_trader":2,"minecraft:enderman":11,"minecraft:turtle":1,"minecraft:wolf":2,"betternether:hydrogen_jellyfish":6,"minecraft:pig":31,"minecraft:creeper":186,"minecraft:blaze":214,"minecraft:phantom":46,"betternether:naga":44},"minecraft:mined":{"betternether:cincinnasite_pedestal":1,"minecraft:white_bed":56,"betterend:umbrella_tree_slab":1,"betterend:terminite_anvil":2,"minecraft:granite":524,"minecraft:acacia_log":6,"betternether:stalagnate_planks":2,"betternether:blue_crying_obsidian":1,"minecraft:bamboo_block":2,"minecraft:nether_wart":10,"minecraft:spawner":143,"minecraft:polished_blackstone_bricks":286,"betternether:moss_cover":1,"minecraft:magma_block":345,"minecraft:dark_oak_trapdoor":1,"minecraft:barrel":4,"minecraft:cobbled_deepslate":127,"minecraft:fire":231,"minecraft:deepslate_lapis_ore":43,"minecraft:fletching_table":46,"minecraft:nether_brick_stairs":4,"minecraft:white_shulker_box":16,"minecraft:spruce_wood":11,"minecraft:player_head":3,"minecraft:orange_bed":3,"minecraft:cut_sandstone":8,"betterend:glowing_pillar_luminophor":2,"betternether:nether_brewing_stand":2,"betterend:pythadendron_slab":3,"betternether:sepia_bone_grass":1,"minecraft:kelp_plant":39,"minecraft:deepslate_brick_wall":5,"minecraft:smoker":1,"minecraft:crimson_nylium":36,"minecraft:deepslate_tile_slab":2,"betternether:oak_bar_stool":2,"minecraft:torch":33,"minecraft:melon":5,"minecraft:dead_bush":2,"minecraft:spruce_wall_sign":1,"minecraft:lime_shulker_box":7,"minecraft:sugar_cane":359,"minecraft:bricks":9,"minecraft:amethyst_block":12,"minecraft:cherry_slab":37,"minecraft:white_terracotta":33,"minecraft:chain":2,"minecraft:repeater":7,"minecraft:bamboo_planks":12,"minecraft:jukebox":2,"betterend:amber_grass":2,"minecraft:grass":864,"betterend:andesite_pedestal":6,"minecraft:smooth_basalt":12,"minecraft:deepslate":11042,"minecraft:suspicious_gravel":44,"create:zinc_ore":35,"minecraft:mossy_cobblestone":64,"betternether:stalagnate_ladder":1,"minecraft:dark_oak_log":10,"minecraft:end_stone":272,"minecraft:dark_oak_fence":8,"minecraft:spruce_fence":21,"minecraft:redstone_wire":13,"minecraft:red_mushroom":5,"minecraft:cartography_table":1,"betternether:stalagnate_taburet":1,"betternether:nether_reed_trapdoor":2,"betterend:purpur_pedestal":1,"betternether:cincinnasite_wall":1,"minecraft:suspicious_sand":2,"minecraft:andesite":547,"betternether:quartz_glass_framed_pane":1,"betternether:pig_statue_respawner":3,"betterend:end_stone_smelter":3,"minecraft:cobblestone_slab":19,"minecraft:respawn_anchor":1,"minecraft:rail":482,"betterend:aeternium_anvil":3,"minecraft:bone_block":89,"betterend:granite_pedestal":3,"minecraft:ender_chest":193,"betterend:dragon_tree_planks":1,"betterend:ender_ore":9,"minecraft:birch_stairs":2,"minecraft:oak_slab":25,"betterend:amber_ore":3,"minecraft:redstone_block":1,"minecraft:glass_pane":49,"minecraft:soul_sand":261,"betterend:creeping_moss":2,"betterend:ender_block":2,"minecraft:dandelion":21,"minecraft:cornflower":1,"betternether:nether_reed_fence":7,"minecraft:warped_roots":1,"minecraft:campfire":1,"minecraft:tall_grass":111,"minecraft:purpur_pillar":7,"minecraft:copper_ore":56,"minecraft:deepslate_gold_ore":41,"minecraft:diorite":438,"betternether:anchor_tree_bark":1,"betterend:end_stone_furnace":1,"minecraft:coarse_dirt":36,"minecraft:cobblestone_wall":2,"minecraft:stripped_spruce_wood":3,"betternether:bone_tile":1,"betternether:wall_mushroom_red":3,"betterend:lacugrove_chest":6,"betterend:rutiscus":1,"betterend:lucernia_leaves":2,"minecraft:gravel":1974,"minecraft:cobweb":7,"minecraft:stone_bricks":246,"minecraft:gold_ore":1,"minecraft:chipped_anvil":5,"minecraft:fern":4,"betternether:netherrack_furnace":4,"minecraft:stone_pressure_plate":2,"betterend:violecite_pedestal":1,"minecraft:oak_sapling":1,"minecraft:farmland":2,"minecraft:brewing_stand":16,"minecraft:spruce_trapdoor":86,"minecraft:budding_amethyst":1,"minecraft:cracked_polished_blackstone_bricks":68,"minecraft:polished_diorite":12,"minecraft:composter":38,"betterend:lacugrove_fence":1,"betternether:cincinnasite_ore":25,"minecraft:gilded_blackstone":2,"betterend:ruscus":1,"minecraft:sculk_catalyst":2,"minecraft:turtle_egg":6,"create:asurine":20,"minecraft:pointed_dripstone":16,"minecraft:flowering_azalea_leaves":1,"betterend:terminite_block":2,"minecraft:iron_bars":6,"minecraft:spruce_slab":77,"minecraft:netherite_block":2,"minecraft:deepslate_redstone_ore":295,"betterend:tail_moss":1,"betterend:dragon_tree_stairs":1,"minecraft:exposed_copper":1,"betterend:infusion_pedestal":1,"minecraft:purpur_stairs":7,"betternether:oak_taburet":1,"minecraft:light_gray_terracotta":2,"betternether:blue_obsidian_glass":8,"minecraft:beacon":13,"minecraft:wither_skeleton_wall_skull":3,"minecraft:nether_quartz_ore":1314,"minecraft:oak_planks":101,"minecraft:wall_torch":14,"betternether:magma_flower":1,"minecraft:warped_nylium":2,"minecraft:powered_rail":20,"minecraft:dark_oak_slab":1,"minecraft:blue_ice":12,"minecraft:tnt":4,"minecraft:oak_log":276,"minecraft:beetroots":8,"minecraft:dirt":2249,"betternether:cincinnasite_slab":2,"betternether:nether_redstone_ore":22,"minecraft:dispenser":1,"minecraft:ancient_debris":113,"minecraft:crying_obsidian":1,"minecraft:ladder":6,"minecraft:glow_lichen":1,"minecraft:lever":11,"minecraft:chiseled_bookshelf":2,"create:ochrum":85,"create:depot":1,"betternether:wart_stripped_bark":1,"minecraft:soul_campfire":1,"minecraft:birch_slab":2,"minecraft:spruce_leaves":98,"minecraft:crimson_stem":1,"minecraft:hay_block":210,"minecraft:polished_basalt":1,"minecraft:light_gray_shulker_box":19,"minecraft:gold_block":70,"minecraft:nether_brick_fence":24,"minecraft:bookshelf":377,"minecraft:deepslate_iron_ore":57,"minecraft:stripped_oak_log":30,"minecraft:wet_sponge":38,"create:small_deepslate_bricks":1,"minecraft:scaffolding":8,"minecraft:magenta_stained_glass":3,"minecraft:snow_block":4,"minecraft:basalt":1071,"minecraft:polished_granite":51,"minecraft:oak_fence":48,"minecraft:deepslate_coal_ore":2,"minecraft:red_glazed_terracotta":1,"minecraft:polished_blackstone_brick_stairs":12,"minecraft:prismarine_bricks":10,"minecraft:birch_planks":4,"minecraft:end_stone_brick_stairs":10,"betterend:pythadendron_leaves":6,"minecraft:black_wall_banner":1,"minecraft:ice":292,"minecraft:white_wall_banner":1,"minecraft:bee_nest":4,"minecraft:black_wool":5,"minecraft:cocoa":1,"minecraft:cherry_leaves":1,"minecraft:purple_shulker_box":2,"minecraft:cracked_stone_bricks":1,"minecraft:mossy_stone_bricks":1,"minecraft:dark_oak_planks":14,"minecraft:polished_granite_slab":14,"betternether:bone_block":1,"betterend:pythadendron_bookshelf":1,"betterend:amber_moss":3,"minecraft:cherry_log":22,"betterend:blue_vine_lantern":5,"minecraft:jungle_leaves":1,"minecraft:carved_pumpkin":1,"minecraft:obsidian":377,"minecraft:chiseled_polished_blackstone":15,"betterend:aurora_crystal":106,"minecraft:yellow_carpet":4,"minecraft:jungle_log":4,"betternether:nether_mycelium":1,"betterend:pythadendron_bark":7,"minecraft:deepslate_bricks":606,"minecraft:purpur_slab":3,"betternether:jungle_moss":2,"minecraft:hopper":73,"minecraft:oxeye_daisy":1,"minecraft:chiseled_stone_bricks":2,"minecraft:weeping_vines_plant":2,"minecraft:tall_seagrass":16,"betterend:lacugrove_slab":3,"minecraft:pumpkin":2,"minecraft:enchanting_table":7,"minecraft:sculk_shrieker":4,"minecraft:oak_sign":1,"minecraft:dirt_path":23,"minecraft:oak_stairs":13,"minecraft:deepslate_brick_stairs":34,"betternether:cincinnasite_fire_bowl":1,"minecraft:iron_block":467,"create:veridium":27,"create:limestone":32,"minecraft:piston_head":4,"betternether:anchor_tree_log":5,"minecraft:brown_mushroom":34,"minecraft:red_bed":2,"minecraft:player_wall_head":22,"minecraft:soul_fire":63,"minecraft:amethyst_cluster":5,"betterend:end_moss":6,"minecraft:blast_furnace":2,"create:scoria":2,"minecraft:glass":98,"minecraft:cyan_bed":1,"minecraft:damaged_anvil":13,"minecraft:wheat":78,"betternether:soul_grass":1,"minecraft:warped_fungus":10,"minecraft:oak_fence_gate":4,"betternether:basalt_stalactite":1,"minecraft:blue_shulker_box":11,"minecraft:stonecutter":6,"minecraft:piston":51,"minecraft:infested_deepslate":2,"betternether:cincinnasite_forge":4,"minecraft:pink_shulker_box":20,"minecraft:shulker_box":175,"minecraft:nether_bricks":299,"minecraft:jungle_planks":2,"minecraft:crimson_roots":7,"minecraft:orange_shulker_box":3,"betternether:stalagnate_roof":9,"minecraft:kelp":26,"minecraft:moss_block":1,"minecraft:snow":3,"betterend:violecite_bricks":1,"betternether:wall_mushroom_brown":2,"minecraft:diamond_block":62,"betternether:nether_brick_tile_large":1,"betterend:helix_tree_leaves":1,"minecraft:bamboo":64,"minecraft:white_wool":25,"betterend:pythadendron_trapdoor":3,"minecraft:smithing_table":17,"minecraft:light_gray_carpet":1,"minecraft:cherry_planks":173,"betternether:cincinnasite_tile_large":2,"minecraft:stone_brick_slab":193,"minecraft:observer":6,"betterend:twisted_vine":1,"minecraft:smooth_sandstone":20,"betterend:flavolite_lantern":2,"minecraft:emerald_ore":21,"minecraft:purple_bed":1,"betterend:lacugrove_planks":1,"minecraft:white_carpet":32,"minecraft:spruce_log":1679,"minecraft:dripstone_block":63,"betterend:pythadendron_planks":18,"minecraft:spruce_fence_gate":28,"minecraft:deepslate_emerald_ore":1,"minecraft:black_shulker_box":50,"minecraft:cherry_pressure_plate":7,"create:deepslate_zinc_ore":13,"minecraft:spruce_planks":183,"minecraft:jungle_slab":1,"minecraft:cobblestone_stairs":6,"minecraft:sculk_vein":1,"minecraft:cherry_trapdoor":23,"minecraft:cave_vines_plant":1,"minecraft:grass_block":1575,"betternether:sepia_mushroom_grass":1,"minecraft:purple_stained_glass_pane":2,"minecraft:soul_soil":174,"betterend:thallasium_anvil":8,"minecraft:smooth_stone":2,"minecraft:raw_iron_block":1,"minecraft:glowstone":75,"minecraft:iron_ore":122,"minecraft:anvil":20,"minecraft:azure_bluet":23,"minecraft:dark_oak_stairs":4,"betternether:nether_reed_roof":7,"betternether:nether_reed_ladder":1,"betterend:brimstone":1,"betternether:nether_mushroom_planks":1,"minecraft:end_stone_bricks":13,"minecraft:polished_granite_stairs":17,"minecraft:green_bed":3,"minecraft:blackstone":916,"minecraft:polished_deepslate_stairs":54,"minecraft:soul_lantern":5,"minecraft:clay":1,"betterend:thallasium_ore":53,"minecraft:calcite":15,"minecraft:poppy":1,"minecraft:chest":163,"betternether:cincinnasite_forged":2,"minecraft:cobblestone":757,"minecraft:grindstone":19,"minecraft:prismarine":15,"minecraft:deepslate_copper_ore":3,"minecraft:pink_petals":16,"minecraft:seagrass":23,"minecraft:nether_wart_block":9,"minecraft:yellow_wool":6,"minecraft:birch_log":2,"minecraft:activator_rail":1,"minecraft:cherry_door":6,"minecraft:purpur_block":7,"betterend:helix_tree_log":14,"minecraft:cracked_deepslate_tiles":1,"minecraft:sand":2456,"betterend:flavolite":37,"minecraft:netherrack":40895,"create:crimsite":55,"minecraft:oak_leaves":86,"minecraft:emerald_block":6,"minecraft:nether_gold_ore":86,"minecraft:diamond_ore":22,"minecraft:tuff":965,"minecraft:red_carpet":3,"minecraft:deepslate_diamond_ore":1511,"minecraft:oak_door":2,"minecraft:brick_stairs":2,"minecraft:weeping_vines":1,"minecraft:sandstone":394,"minecraft:deepslate_brick_slab":104,"minecraft:furnace":19,"minecraft:oak_trapdoor":5,"minecraft:spruce_sapling":5,"minecraft:carrots":135,"minecraft:stripped_spruce_log":90,"minecraft:polished_deepslate":30,"minecraft:lantern":8,"minecraft:packed_ice":7,"betternether:nether_lapis_ore":2,"minecraft:chorus_plant":1,"minecraft:stone":7338,"minecraft:cherry_stairs":63,"minecraft:yellow_shulker_box":35,"betternether:nether_reed_planks":3,"minecraft:redstone_wall_torch":5,"minecraft:podzol":310,"minecraft:light_blue_shulker_box":69,"betternether:cincinnasite_lantern":1,"minecraft:infested_stone_bricks":2,"betterend:umbrella_tree_membrane":7,"minecraft:spruce_door":3,"minecraft:crafting_table":61,"betterend:pythadendron_stairs":8,"betterend:sulphuric_rock":2,"minecraft:rose_bush":12,"minecraft:andesite_slab":1,"minecraft:sculk_sensor":5,"minecraft:lectern":547,"betterend:lacugrove_stairs":4,"minecraft:lily_pad":2,"minecraft:sculk":13,"minecraft:blue_bed":5,"minecraft:spruce_stairs":67,"minecraft:gray_wool":507,"minecraft:lime_bed":2,"minecraft:cactus":6,"minecraft:brick_slab":4,"minecraft:redstone_torch":1,"minecraft:sweet_berry_bush":4,"betternether:blue_obsidian":1,"minecraft:gray_bed":3,"minecraft:yellow_bed":18,"betterend:lucernia_outer_leaves":2,"betterend:umbrella_tree_planks":9,"betterend:glowing_pillar_leaves":3,"minecraft:coal_ore":194,"minecraft:lodestone":2}},"DataVersion":3465}