{"stats":{"minecraft:killed_by":{"minecraft:player":10},"minecraft:picked_up":{"minecraft:iron_chestplate":1,"minecraft:crafting_table":9,"minecraft:wheat":2,"minecraft:chicken":2,"minecraft:shield":1,"minecraft:string":3,"minecraft:raw_copper":27,"minecraft:cooked_salmon":1,"minecraft:iron_leggings":1,"minecraft:iron_shovel":3,"minecraft:beef":6,"minecraft:oak_boat":6,"minecraft:cobblestone_slab":3,"minecraft:player_head":2,"minecraft:sugar_cane":29,"minecraft:chest":2,"minecraft:furnace":5,"minecraft:stick":28,"minecraft:raw_iron":16,"minecraft:stone":4,"minecraft:oak_door":8,"minecraft:copper_ingot":3,"minecraft:acacia_log":5,"minecraft:spruce_stairs":5,"minecraft:porkchop":4,"minecraft:cherry_log":2,"minecraft:pointed_dripstone":50,"minecraft:diorite":145,"minecraft:carrot":7,"minecraft:arrow":8,"minecraft:tropical_fish":5,"minecraft:mutton":14,"minecraft:snowball":300,"minecraft:white_wool":9,"minecraft:cobblestone":388,"minecraft:lime_bed":1,"minecraft:feather":4,"minecraft:jungle_boat":4,"minecraft:andesite":30,"minecraft:water_bucket":1,"minecraft:jungle_log":8,"minecraft:leather":1,"minecraft:brown_wool":1,"minecraft:potato":6,"minecraft:flint":8,"minecraft:oak_log":22,"minecraft:yellow_bed":2,"minecraft:dirt":855,"minecraft:blue_bed":5,"minecraft:cooked_mutton":3,"minecraft:bone":4,"minecraft:acacia_planks":18,"minecraft:apple":3,"minecraft:wheat_seeds":53,"minecraft:iron_ingot":2,"minecraft:cooked_chicken":1,"minecraft:bamboo":6,"minecraft:oak_slab":36,"minecraft:cooked_porkchop":4,"minecraft:bamboo_planks":4,"minecraft:gravel":18,"minecraft:jungle_planks":3,"minecraft:spruce_sapling":17,"minecraft:white_bed":5,"minecraft:spruce_log":25,"minecraft:cyan_bed":1,"minecraft:mossy_cobblestone":2,"minecraft:deepslate":10,"minecraft:diamond":3,"minecraft:spruce_boat":7,"minecraft:stone_axe":1,"minecraft:lever":2,"minecraft:diamond_axe":1,"minecraft:granite":104,"minecraft:cherry_sapling":25,"minecraft:oak_sapling":11,"minecraft:netherrack":13,"minecraft:black_wool":1,"minecraft:coal":37},"minecraft:custom":{"minecraft:mob_kills":28,"minecraft:animals_bred":1,"minecraft:interact_with_crafting_table":46,"minecraft:leave_game":12,"minecraft:time_since_death":16000,"minecraft:climb_one_cm":1339,"minecraft:sprint_one_cm":460127,"minecraft:walk_one_cm":229478,"minecraft:damage_blocked_by_shield":346,"minecraft:drop":36,"minecraft:talked_to_villager":8,"minecraft:play_time":164046,"minecraft:deaths":11,"minecraft:sneak_time":19246,"minecraft:walk_under_water_one_cm":9398,"minecraft:boat_one_cm":254521,"minecraft:jump":3428,"minecraft:walk_on_water_one_cm":17660,"minecraft:total_world_time":164046,"minecraft:interact_with_furnace":12,"minecraft:interact_with_grindstone":2,"minecraft:time_since_rest":16020,"minecraft:open_enderchest":12,"minecraft:damage_taken":4862,"minecraft:damage_dealt":3109,"minecraft:swim_one_cm":36254,"minecraft:fly_one_cm":608262,"minecraft:open_chest":71,"minecraft:crouch_one_cm":45279,"minecraft:fall_one_cm":109163},"minecraft:used":{"minecraft:cherry_sapling":52,"minecraft:stone_sword":23,"minecraft:iron_shovel":8,"minecraft:tropical_fish":4,"minecraft:stone_shovel":1037,"minecraft:chest":3,"minecraft:shield":12,"minecraft:iron_sword":14,"minecraft:cooked_chicken":1,"minecraft:wooden_shovel":59,"minecraft:cooked_salmon":1,"minecraft:stone_hoe":3,"minecraft:netherrack":11,"minecraft:iron_chestplate":1,"minecraft:dirt":751,"minecraft:spruce_stairs":5,"minecraft:carrot":43,"minecraft:snowball":10,"minecraft:spruce_boat":5,"minecraft:iron_helmet":1,"minecraft:cherry_button":2,"minecraft:oak_sapling":7,"minecraft:furnace":2,"minecraft:egg":1,"minecraft:potato":3,"minecraft:cherry_log":2,"minecraft:pointed_dripstone":22,"minecraft:iron_leggings":1,"minecraft:wheat_seeds":2,"minecraft:cooked_mutton":11,"minecraft:water_bucket":2,"minecraft:diorite":3,"minecraft:diamond_boots":1,"minecraft:stone_pickaxe":264,"minecraft:oak_planks":6,"minecraft:wooden_pickaxe":39,"minecraft:cobblestone_slab":81,"minecraft:blue_bed":5,"minecraft:diamond_axe":101,"minecraft:jungle_boat":5,"minecraft:lime_bed":1,"minecraft:oak_slab":50,"minecraft:crafting_table":12,"minecraft:white_bed":6,"minecraft:spruce_log":1,"minecraft:oak_log":1,"minecraft:lever":1,"minecraft:apple":3,"minecraft:cyan_bed":1,"minecraft:iron_pickaxe":242,"minecraft:spruce_sapling":8,"minecraft:gravel":10,"minecraft:stone_axe":85,"minecraft:diamond_sword":3,"minecraft:cobblestone":167,"minecraft:cooked_porkchop":3,"minecraft:bucket":1,"minecraft:yellow_bed":2,"minecraft:oak_boat":6,"minecraft:diamond_leggings":1},"minecraft:crafted":{"minecraft:oak_planks":44,"minecraft:cobblestone_slab":78,"minecraft:stone_shovel":10,"minecraft:furnace":1,"minecraft:spruce_pressure_plate":14,"minecraft:cooked_mutton":11,"minecraft:stone_pickaxe":2,"minecraft:chest":1,"minecraft:stone_hoe":1,"minecraft:oak_slab":48,"minecraft:wooden_shovel":1,"minecraft:diamond_sword":1,"minecraft:crafting_table":4,"minecraft:spruce_planks":48,"minecraft:jungle_boat":1,"minecraft:wooden_pickaxe":2,"minecraft:iron_sword":1,"minecraft:stone_axe":1,"minecraft:air":0,"minecraft:jungle_planks":32,"minecraft:stick":31,"minecraft:iron_ingot":4,"minecraft:iron_pickaxe":1,"minecraft:snow_block":4,"minecraft:iron_shovel":1,"minecraft:white_bed":1,"minecraft:acacia_planks":20},"minecraft:mined":{"minecraft:white_bed":6,"minecraft:oak_sapling":1,"minecraft:mossy_cobblestone":2,"minecraft:cherry_log":2,"minecraft:lever":1,"minecraft:granite":54,"minecraft:acacia_log":6,"minecraft:grass_block":564,"minecraft:jungle_log":8,"minecraft:spruce_leaves":8,"minecraft:spruce_sapling":2,"minecraft:furnace":2,"minecraft:carrots":3,"minecraft:iron_ore":13,"minecraft:fire":2,"minecraft:snow":334,"minecraft:andesite":15,"minecraft:pointed_dripstone":19,"minecraft:cobblestone_slab":3,"minecraft:vine":2,"minecraft:dirt_path":19,"minecraft:bamboo":1,"minecraft:stone":309,"minecraft:oak_slab":45,"minecraft:acacia_leaves":1,"minecraft:player_wall_head":1,"minecraft:crafting_table":9,"minecraft:chest":2,"minecraft:tall_grass":26,"minecraft:copper_ore":8,"minecraft:cobblestone":23,"minecraft:cyan_bed":1,"minecraft:sugar_cane":15,"minecraft:diorite":41,"minecraft:blue_bed":4,"minecraft:spruce_stairs":5,"minecraft:lime_bed":1,"minecraft:bamboo_planks":4,"minecraft:wheat":4,"minecraft:ice":2,"minecraft:spruce_log":25,"minecraft:yellow_bed":2,"minecraft:grass":182,"minecraft:coal_ore":11,"minecraft:oak_log":22,"minecraft:gravel":24,"minecraft:dripstone_block":1,"minecraft:dirt":229,"minecraft:oak_leaves":12,"minecraft:fern":1},"minecraft:broken":{"minecraft:wooden_shovel":1,"minecraft:stone_pickaxe":2,"minecraft:stone_shovel":7},"minecraft:dropped":{"minecraft:wheat_seeds":29,"minecraft:stick":6,"minecraft:flint":5,"minecraft:diorite":5,"minecraft:torch":1,"minecraft:cherry_button":5,"minecraft:string":3,"minecraft:sugar_cane":29,"minecraft:lever":1,"minecraft:cherry_sapling":20,"minecraft:oak_planks":14,"minecraft:potato":3,"minecraft:spruce_boat":1,"minecraft:arrow":4,"minecraft:netherrack":1},"minecraft:killed":{"minecraft:skeleton":2,"minecraft:chicken":2,"minecraft:tropical_fish":5,"minecraft:pig":3,"minecraft:creeper":1,"minecraft:sheep":11,"minecraft:cow":3}},"DataVersion":3465}