{"stats":{"minecraft:killed_by":{"minecraft:pillager":5,"minecraft:zombie":4,"minecraft:creeper":1,"minecraft:player":9,"minecraft:spider":1,"minecraft:skeleton":1},"minecraft:picked_up":{"betterend:gelatine":2,"minecraft:iron_chestplate":7,"minecraft:anvil":20,"minecraft:smithing_table":2,"minecraft:lead":5,"minecraft:diamond_sword":13,"minecraft:oak_stairs":2,"minecraft:enchanted_book":22,"minecraft:brewing_stand":9,"minecraft:polished_blackstone_brick_stairs":1,"minecraft:string":49,"minecraft:soul_soil":61,"betterend:blue_vine_lantern":26,"minecraft:diamond_leggings":12,"minecraft:gold_nugget":122,"minecraft:cobbled_deepslate":2316,"minecraft:spruce_planks":62,"minecraft:acacia_fence_gate":2,"betterend:plate_upgrade_smithing_template":1,"minecraft:netherite_upgrade_smithing_template":4,"minecraft:melon_slice":462,"minecraft:golden_helmet":1,"minecraft:jukebox":3,"minecraft:acacia_log":3,"minecraft:bamboo_slab":1,"minecraft:purpur_pillar":30,"minecraft:lightning_rod":2,"minecraft:cherry_log":1345,"betterend:tenanea_sapling":1,"betternether:cincinnasite":116,"minecraft:golden_chestplate":3,"minecraft:rabbit_foot":1,"minecraft:orange_bed":15,"minecraft:stone_sword":4,"betterend:purpur_pedestal":11,"minecraft:tropical_fish":1,"minecraft:iron_block":57,"minecraft:glowstone":18,"minecraft:bookshelf":5,"minecraft:netherite_chestplate":2,"minecraft:blaze_rod":13,"minecraft:iron_bars":1,"minecraft:birch_log":71,"minecraft:feather":8,"minecraft:iron_door":2,"minecraft:cherry_leaves":392,"minecraft:water_bucket":23,"minecraft:copper_block":42,"minecraft:smoker":2,"betterend:flavolite_slab":2,"minecraft:flint":26,"betternether:bowl_upgrade_smithing_template":1,"minecraft:lantern":3,"minecraft:chipped_anvil":8,"betternether:cincinnasite_boots":1,"create:goggles":2,"betterend:iron_hammer":1,"minecraft:diamond_helmet":10,"minecraft:rabbit":2,"minecraft:glowstone_dust":61,"betterend:pythadendron_bark":12,"minecraft:honeycomb":3,"betternether:weeping_obsidian":3,"betterend:umbrella_tree_planks":11,"minecraft:ink_sac":3,"betterend:flavolite":9,"minecraft:iron_hoe":4,"minecraft:polished_andesite":4,"minecraft:deepslate":10,"minecraft:granite":166,"minecraft:golden_horse_armor":1,"minecraft:bread":175,"minecraft:crimson_roots":2,"minecraft:diamond_pickaxe":16,"minecraft:mud":1,"minecraft:crafting_table":37,"betterend:terminite_block":1,"minecraft:nether_wart":329,"minecraft:clay_ball":16,"minecraft:leather_leggings":2,"minecraft:stripped_cherry_log":7,"minecraft:dragon_head":1,"minecraft:purpur_block":19,"minecraft:flint_and_steel":2,"minecraft:netherite_scrap":1,"minecraft:compass":4,"minecraft:iron_shovel":3,"minecraft:cartography_table":1,"minecraft:music_disc_otherside":2,"minecraft:beef":1,"minecraft:iron_nugget":89,"minecraft:minecart":1,"betternether:netherrack_stalactite":1,"minecraft:chest":1,"minecraft:birch_sapling":14,"minecraft:piston":11,"minecraft:diamond_hoe":2,"minecraft:egg":34,"minecraft:lime_shulker_box":4,"minecraft:sandstone":101,"minecraft:stone":81,"betternether:nether_sakura_bark":1,"minecraft:fire_charge":1,"minecraft:carrot":499,"origins:orb_of_origin":12,"minecraft:redstone":759,"minecraft:tnt":35,"betternether:anchor_tree_log":6,"betterend:respawn_obelisk":4,"betterend:pythadendron_planks":23,"minecraft:stone_shovel":7,"minecraft:diamond_chestplate":10,"minecraft:decorated_pot":1,"minecraft:beetroot_seeds":1,"betterend:helix_tree_crafting_table":2,"minecraft:diamond_boots":9,"minecraft:shears":5,"minecraft:deepslate_bricks":353,"minecraft:hay_block":124,"minecraft:gold_ingot":67,"minecraft:totem_of_undying":11,"minecraft:white_shulker_box":19,"minecraft:mutton":88,"minecraft:rail":7,"minecraft:white_wool":69,"minecraft:stripped_oak_log":8,"betternether:obsidian_glass":1,"minecraft:yellow_shulker_box":7,"minecraft:clock":1,"minecraft:filled_map":18,"minecraft:purpur_stairs":9,"minecraft:oak_log":69,"minecraft:lily_pad":5,"minecraft:ancient_debris":26,"minecraft:blue_bed":17,"minecraft:paper":65,"minecraft:white_banner":14,"betternether:nether_cactus":1,"minecraft:apple":1,"minecraft:stone_bricks":3,"minecraft:stone_pickaxe":10,"minecraft:cobweb":51,"minecraft:glass_bottle":242,"minecraft:iron_sword":7,"minecraft:sweet_berries":25,"betterend:lacugrove_slab":2,"minecraft:gravel":172,"minecraft:spruce_sapling":44,"minecraft:spruce_log":138,"minecraft:crying_obsidian":13,"betterend:thallasium_upgrade_smithing_template":1,"minecraft:firework_rocket":18,"minecraft:diamond_shovel":4,"betterend:ender_shard":7,"minecraft:slime_ball":29,"minecraft:stone_axe":5,"minecraft:polished_diorite":142,"minecraft:rib_armor_trim_smithing_template":1,"betterend:thallasium_raw":45,"minecraft:diamond_axe":12,"minecraft:gray_wool":2,"minecraft:baked_potato":171,"minecraft:melon_seeds":50,"minecraft:mangrove_propagule":3,"minecraft:hopper":4,"minecraft:ender_pearl":13,"minecraft:shulker_shell":113,"minecraft:wheat":50,"minecraft:redstone_block":7,"minecraft:ender_chest":8,"minecraft:sentry_armor_trim_smithing_template":2,"minecraft:potion":44,"minecraft:turtle_egg":1,"minecraft:gilded_blackstone":3,"minecraft:nether_brick":5,"minecraft:raw_copper":132,"betternether:blue_obsidian":10,"minecraft:iron_leggings":6,"minecraft:netherite_ingot":4,"minecraft:experience_bottle":64,"minecraft:pink_shulker_box":21,"minecraft:red_sand":13,"minecraft:black_shulker_box":4,"minecraft:bucket":5,"minecraft:eye_armor_trim_smithing_template":1,"minecraft:redstone_torch":6,"minecraft:cobblestone_slab":68,"minecraft:ender_eye":2,"minecraft:iron_pickaxe":4,"minecraft:iron_boots":5,"minecraft:furnace":8,"minecraft:stick":610,"minecraft:orange_shulker_box":11,"minecraft:acacia_fence":4,"minecraft:oak_fence":1,"minecraft:torch":196,"minecraft:spruce_stairs":1,"minecraft:porkchop":42,"minecraft:music_disc_pigstep":4,"minecraft:pointed_dripstone":14,"minecraft:diorite":1298,"minecraft:nether_gold_ore":8,"minecraft:rotten_flesh":265,"minecraft:deepslate_brick_stairs":18,"minecraft:obsidian":85,"minecraft:blaze_powder":66,"minecraft:cobblestone":2138,"minecraft:pink_petals":3581,"minecraft:cherry_planks":105,"minecraft:warped_fungus_on_a_stick":1,"minecraft:andesite":187,"minecraft:beacon":1,"minecraft:potato":983,"minecraft:tuff":116,"minecraft:acacia_boat":2,"minecraft:lapis_lazuli":230,"minecraft:dirt":3321,"minecraft:name_tag":7,"minecraft:leather_boots":1,"minecraft:glass":89,"minecraft:bone":173,"minecraft:acacia_planks":8,"minecraft:bow":9,"minecraft:wheat_seeds":254,"minecraft:deepslate_brick_slab":6,"minecraft:raw_gold":4,"minecraft:bamboo":195,"minecraft:powered_rail":13,"minecraft:stone_hoe":3,"minecraft:oak_planks":37,"minecraft:ghast_tear":3,"minecraft:cooked_porkchop":3,"betterend:flavolite_pedestal":2,"minecraft:poisonous_potato":12,"minecraft:sand":842,"minecraft:light_blue_shulker_box":3,"minecraft:grass_block":1,"minecraft:diamond_block":15,"minecraft:spectral_arrow":30,"minecraft:shulker_box":6,"minecraft:sugar":3,"minecraft:diamond":369,"minecraft:netherite_helmet":2,"betterend:aeternium_ingot":1,"minecraft:cherry_wood":68,"minecraft:cracked_polished_blackstone_bricks":5,"minecraft:crossbow":1,"minecraft:bone_meal":3,"minecraft:golden_apple":7,"minecraft:spruce_sign":1,"minecraft:emerald":90,"minecraft:oak_sapling":20,"minecraft:netherrack":967,"minecraft:oak_leaves":2,"minecraft:end_stone_bricks":24,"minecraft:cocoa_beans":12,"minecraft:end_stone_brick_stairs":30,"minecraft:splash_potion":1,"minecraft:chicken":6,"minecraft:ladder":2,"betternether:blue_crying_obsidian":7,"minecraft:packed_ice":128,"minecraft:brown_mushroom":2,"minecraft:wooden_pickaxe":4,"minecraft:gold_block":3,"minecraft:chain":4,"minecraft:shield":4,"betterend:lacugrove_planks":8,"minecraft:iron_axe":6,"minecraft:wooden_sword":3,"minecraft:blackstone":61,"betterend:pythadendron_trapdoor":6,"betternether:jungle_grass":2,"minecraft:oak_boat":32,"minecraft:player_head":64,"minecraft:light_gray_wool":2,"minecraft:sugar_cane":403,"minecraft:blue_shulker_box":9,"minecraft:cherry_trapdoor":5,"minecraft:phantom_membrane":2,"betternether:rubeus_bark":1,"minecraft:raw_iron":155,"minecraft:end_stone":134,"minecraft:cherry_stairs":193,"minecraft:copper_ingot":8,"minecraft:polished_blackstone_bricks":38,"betterend:helix_tree_log":3,"minecraft:dark_oak_planks":4,"minecraft:arrow":68,"minecraft:pumpkin_pie":48,"minecraft:nether_bricks":17,"minecraft:saddle":3,"minecraft:glistering_melon_slice":28,"minecraft:black_banner":23,"betterend:terminite_ingot":1,"betternether:cincinnasite_fire_bowl":2,"minecraft:netherite_boots":5,"minecraft:golden_carrot":110,"minecraft:crimson_stem":1,"minecraft:salmon":4,"minecraft:leather":15,"minecraft:cut_sandstone":3,"betterend:diamond_hammer":1,"betterend:lanceleaf_seed":1,"minecraft:bedrock":1,"minecraft:yellow_bed":8,"minecraft:nether_wart_block":8,"minecraft:gunpowder":610,"minecraft:orange_terracotta":4,"minecraft:cooked_mutton":2,"minecraft:coast_armor_trim_smithing_template":4,"minecraft:iron_ingot":419,"minecraft:cooked_chicken":4,"betternether:barrel_cactus":2,"betternether:rubeus_planks":8,"minecraft:soul_sand":139,"minecraft:book":142,"minecraft:bamboo_planks":5,"minecraft:quartz":68,"minecraft:dandelion":3,"minecraft:raw_iron_block":1,"minecraft:amethyst_shard":36,"betterend:pythadendron_slab":1,"minecraft:white_bed":9,"minecraft:spider_eye":6,"minecraft:spruce_door":1,"minecraft:polished_diorite_stairs":265,"betterend:pythadendron_stairs":1,"betterend:end_lotus_seed":1,"minecraft:iron_helmet":5,"minecraft:cherry_sapling":960,"minecraft:damaged_anvil":1,"minecraft:coal":203,"minecraft:sunflower":1},"minecraft:dropped":{"minecraft:iron_sword":3,"minecraft:piston":11,"minecraft:lapis_lazuli":1,"betterend:terminite_ingot":1,"minecraft:glass_bottle":90,"minecraft:diamond":148,"minecraft:crafting_table":8,"minecraft:saddle":4,"minecraft:purpur_stairs":3,"minecraft:elytra":1,"minecraft:rail":6,"minecraft:emerald":27,"minecraft:gold_block":1,"minecraft:dirt":1027,"betterend:iron_hammer":2,"minecraft:snout_armor_trim_smithing_template":1,"minecraft:netherite_boots":4,"create:goggles":2,"minecraft:sand":563,"minecraft:chain":2,"minecraft:gold_nugget":16,"minecraft:wooden_sword":1,"minecraft:acacia_fence_gate":1,"minecraft:bone_meal":4,"minecraft:sunflower":1,"minecraft:sugar":1,"minecraft:iron_pickaxe":2,"minecraft:dark_oak_planks":4,"minecraft:white_wool":2,"betterend:pythadendron_bark":3,"minecraft:bone":31,"minecraft:diamond_block":15,"minecraft:stone_axe":5,"minecraft:iron_nugget":36,"minecraft:sugar_cane":129,"minecraft:ancient_debris":5,"minecraft:golden_chestplate":3,"minecraft:cobbled_deepslate":313,"minecraft:nether_brick":5,"minecraft:wheat":4,"minecraft:birch_sapling":14,"minecraft:obsidian":29,"minecraft:deepslate_brick_slab":1,"minecraft:rotten_flesh":465,"minecraft:oak_planks":52,"minecraft:end_stone":96,"minecraft:glowstone_dust":2,"minecraft:rabbit_foot":1,"minecraft:leather_boots":1,"minecraft:ladder":1,"minecraft:leather_leggings":2,"betterend:plate_upgrade_smithing_template":2,"minecraft:spruce_slab":1,"minecraft:end_stone_bricks":5,"betterend:blue_vine_lantern":4,"minecraft:glass":4,"minecraft:beef":1,"minecraft:crying_obsidian":4,"minecraft:acacia_fence":2,"minecraft:egg":28,"minecraft:enchanted_book":11,"minecraft:iron_ingot":391,"minecraft:wheat_seeds":84,"betternether:feather_fern":1,"minecraft:clock":1,"minecraft:copper_block":42,"minecraft:golden_horse_armor":2,"minecraft:netherite_helmet":1,"minecraft:book":1,"minecraft:feather":5,"minecraft:iron_helmet":3,"minecraft:cobblestone":521,"minecraft:granite":11,"betternether:nether_sakura_bark":1,"betterend:leather_wrapped_stick":1,"betterend:pythadendron_planks":21,"minecraft:coal":11,"minecraft:golden_apple":2,"minecraft:cobweb":35,"origins:orb_of_origin":9,"betterend:lacugrove_slab":2,"minecraft:golden_carrot":2,"minecraft:ink_sac":3,"betterend:tool_assembly_smithing_template":1,"minecraft:rabbit":2,"minecraft:cherry_planks":73,"minecraft:diamond_helmet":1,"minecraft:oak_stairs":2,"minecraft:potion":10,"minecraft:white_banner":2,"minecraft:chipped_anvil":1,"minecraft:bamboo_slab":1,"minecraft:paper":15,"minecraft:iron_shovel":4,"minecraft:string":18,"minecraft:spruce_sapling":9,"minecraft:acacia_planks":7,"minecraft:lily_pad":5,"minecraft:bamboo_planks":1,"minecraft:purpur_pillar":12,"minecraft:soul_soil":50,"minecraft:player_head":21,"minecraft:cocoa_beans":9,"minecraft:bowl":2,"minecraft:deepslate":10,"minecraft:diamond_hoe":2,"minecraft:chicken":4,"minecraft:stone_shovel":1,"betternether:cincinnasite_boots":1,"minecraft:iron_boots":2,"minecraft:name_tag":5,"minecraft:nether_bricks":7,"minecraft:lightning_rod":2,"minecraft:diamond_sword":4,"minecraft:cobblestone_slab":38,"minecraft:potato":31,"minecraft:stone":75,"minecraft:spruce_planks":63,"minecraft:diamond_pickaxe":5,"minecraft:redstone_torch":1,"minecraft:bamboo":123,"minecraft:spider_eye":2,"betternether:rubeus_planks":5,"minecraft:sandstone":10,"minecraft:red_sand":13,"minecraft:bow":8,"betterend:aeternium_ingot":1,"minecraft:soul_sand":19,"minecraft:brown_mushroom":1,"minecraft:diamond_axe":5,"minecraft:oak_log":4,"minecraft:baked_potato":13,"betterend:thallasium_shovel_head":1,"minecraft:ender_pearl":6,"minecraft:lime_shulker_box":1,"minecraft:netherite_upgrade_smithing_template":2,"betterend:lacugrove_planks":2,"minecraft:lantern":1,"minecraft:leather":2,"minecraft:bedrock":1,"betterend:blossom_berry_jelly":11,"minecraft:black_banner":5,"betternether:cincinnasite_ingot":9,"minecraft:flint":13,"minecraft:cracked_polished_blackstone_bricks":2,"minecraft:packed_ice":64,"minecraft:polished_diorite_stairs":110,"betterend:gelatine":2,"betternether:blue_crying_obsidian":2,"minecraft:cherry_trapdoor":13,"minecraft:mutton":7,"minecraft:crimson_roots":2,"minecraft:coast_armor_trim_smithing_template":1,"minecraft:gilded_blackstone":3,"minecraft:pumpkin_pie":2,"minecraft:amethyst_shard":14,"minecraft:polished_blackstone_bricks":17,"minecraft:glistering_melon_slice":16,"minecraft:birch_log":1,"minecraft:gold_ingot":53,"minecraft:gravel":35,"betterend:end_stone_furnace":1,"minecraft:blackstone":28,"minecraft:purpur_block":13,"betterend:purpur_pedestal":2,"minecraft:cherry_sapling":72,"minecraft:diamond_shovel":1,"minecraft:cooked_mutton":12,"betternether:netherrack_stalactite":1,"minecraft:carrot":16,"minecraft:shulker_shell":64,"minecraft:leather_chestplate":1,"minecraft:gunpowder":289,"minecraft:beetroot_seeds":1,"minecraft:melon_seeds":2,"betterend:pythadendron_stairs":1,"minecraft:arrow":46,"minecraft:iron_bars":10,"minecraft:powered_rail":18,"minecraft:quartz":68,"minecraft:oak_leaves":2,"minecraft:firework_rocket":66,"betternether:blue_obsidian":10,"minecraft:netherrack":699,"minecraft:golden_helmet":2,"minecraft:water_bucket":5,"minecraft:stone_hoe":3,"minecraft:bread":3,"betterend:pythadendron_trapdoor":4,"betterend:umbrella_tree_planks":3,"minecraft:cherry_log":14,"minecraft:minecart":1,"minecraft:bookshelf":1,"minecraft:diamond_leggings":2,"minecraft:poisonous_potato":8,"minecraft:mangrove_propagule":1,"minecraft:lead":1,"minecraft:spruce_stairs":1,"betterend:tenanea_sapling":1,"minecraft:stick":278,"minecraft:iron_block":1,"minecraft:deepslate_brick_stairs":3,"betterend:thallasium_upgrade_smithing_template":1,"minecraft:diorite":245,"minecraft:nether_gold_ore":8,"minecraft:torch":25,"betterend:flavolite":3,"minecraft:melon_slice":46,"minecraft:iron_door":1,"minecraft:fire_charge":2,"minecraft:iron_leggings":2,"minecraft:iron_axe":4,"minecraft:bucket":4,"minecraft:pink_petals":1088,"minecraft:redstone_block":7,"minecraft:redstone":138,"minecraft:dandelion":1,"minecraft:cherry_wood":25,"minecraft:polished_diorite":59,"minecraft:anvil":2,"minecraft:sweet_berries":22,"betterend:diamond_hammer":1,"betterend:flavolite_slab":2,"minecraft:ender_chest":1,"minecraft:blaze_rod":1,"minecraft:nether_wart":19,"minecraft:raw_copper":68,"minecraft:tuff":73,"minecraft:raw_iron":36,"minecraft:light_gray_wool":1,"minecraft:iron_hoe":2,"minecraft:smoker":1,"minecraft:ender_eye":1,"minecraft:totem_of_undying":1,"minecraft:flint_and_steel":2,"minecraft:deepslate_bricks":192,"minecraft:filled_map":2,"minecraft:shield":2,"minecraft:end_stone_brick_stairs":15,"minecraft:diamond_chestplate":2,"minecraft:iron_chestplate":4,"minecraft:andesite":98,"minecraft:oak_sapling":5,"minecraft:oak_boat":1,"minecraft:diamond_boots":1,"minecraft:spruce_log":2,"minecraft:beacon":1,"minecraft:stone_pickaxe":3,"minecraft:wooden_pickaxe":4},"minecraft:broken":{"minecraft:iron_axe":1,"minecraft:iron_pickaxe":3,"minecraft:golden_shovel":1,"minecraft:stone_pickaxe":11,"minecraft:stone_axe":2,"minecraft:stone_shovel":2,"minecraft:flint_and_steel":2},"minecraft:custom":{"minecraft:interact_with_crafting_table":355,"minecraft:open_barrel":9,"minecraft:bell_ring":98,"minecraft:leave_game":170,"minecraft:time_since_death":678,"minecraft:damage_blocked_by_shield":2290,"minecraft:play_time":3818112,"minecraft:deaths":31,"minecraft:jump":37292,"minecraft:interact_with_furnace":278,"minecraft:play_record":5,"minecraft:traded_with_villager":33,"minecraft:sleep_in_bed":108,"minecraft:damage_dealt":187423,"minecraft:interact_with_smoker":1,"minecraft:horse_one_cm":80899,"minecraft:interact_with_smithing_table":80,"minecraft:interact_with_anvil":70,"minecraft:inspect_hopper":29,"minecraft:sneak_time":277809,"minecraft:total_world_time":3818112,"minecraft:time_since_rest":706,"minecraft:swim_one_cm":842510,"minecraft:fly_one_cm":7284965,"minecraft:open_chest":1275,"minecraft:fall_one_cm":1107855,"minecraft:open_shulker_box":125,"minecraft:damage_resisted":294,"minecraft:sprint_one_cm":8676386,"minecraft:drop":3315,"minecraft:talked_to_villager":111,"minecraft:interact_with_brewingstand":208,"minecraft:walk_on_water_one_cm":432070,"minecraft:open_enderchest":201,"minecraft:player_kills":19,"minecraft:crouch_one_cm":630958,"minecraft:mob_kills":1077,"minecraft:climb_one_cm":106518,"minecraft:walk_one_cm":5584230,"minecraft:raid_win":1,"minecraft:strider_one_cm":14801,"minecraft:walk_under_water_one_cm":281520,"minecraft:boat_one_cm":1771650,"minecraft:raid_trigger":2,"minecraft:interact_with_grindstone":2,"minecraft:damage_taken":43971,"minecraft:damage_absorbed":130,"minecraft:aviate_one_cm":18050070},"minecraft:used":{"betternether:rubeus_planks":3,"betterend:pythadendron_planks":13,"minecraft:spruce_slab":11,"minecraft:ladder":45,"minecraft:elytra":1,"minecraft:chest":38,"minecraft:white_shulker_box":27,"minecraft:rotten_flesh":3,"minecraft:soul_sand":67,"minecraft:deepslate_brick_slab":55,"betternether:obsidian_glass":3,"betterend:pythadendron_slab":1,"minecraft:lava_bucket":25,"minecraft:music_disc_pigstep":4,"minecraft:grass_block":1,"minecraft:orange_shulker_box":12,"minecraft:netherite_boots":5,"minecraft:bow":74,"minecraft:sweet_berries":3,"minecraft:furnace":11,"minecraft:egg":56,"minecraft:end_stone_brick_stairs":11,"minecraft:potato":343,"minecraft:diorite":339,"minecraft:end_stone_bricks":4,"minecraft:damaged_anvil":1,"minecraft:spruce_door":1,"minecraft:warped_fungus_on_a_stick":20,"minecraft:blackstone":33,"minecraft:wooden_pickaxe":29,"minecraft:purpur_pillar":6,"minecraft:golden_apple":5,"minecraft:sand":105,"minecraft:purpur_stairs":1,"minecraft:netherite_helmet":9,"minecraft:deepslate_brick_stairs":279,"minecraft:crying_obsidian":15,"minecraft:cherry_sign":1,"minecraft:diamond_sword":2859,"minecraft:fire_charge":1,"minecraft:wooden_sword":7,"minecraft:smithing_table":4,"betternether:weeping_obsidian":1,"minecraft:oak_boat":28,"minecraft:compass":1,"minecraft:iron_bars":7,"minecraft:stone_sword":149,"betterend:flavolite":3,"minecraft:netherrack":327,"betterend:thallasium_anvil":1,"minecraft:orange_bed":14,"minecraft:torch":109,"minecraft:brewing_stand":7,"minecraft:anvil":7,"betternether:cincinnasite_fire_bowl":2,"minecraft:yellow_carpet":1,"minecraft:golden_shovel":33,"minecraft:polished_diorite":414,"minecraft:chipped_anvil":6,"minecraft:iron_block":1,"minecraft:iron_axe":454,"minecraft:totem_of_undying":12,"betternether:anchor_tree_log":6,"minecraft:bamboo":2,"minecraft:diamond_chestplate":9,"minecraft:glowstone":3,"betterend:end_stone_smelter":1,"minecraft:cobbled_deepslate":529,"minecraft:cherry_log":840,"minecraft:chiseled_bookshelf":1,"minecraft:water_bucket":191,"minecraft:light_blue_shulker_box":5,"minecraft:yellow_shulker_box":15,"betterend:blue_vine_lantern":16,"minecraft:cherry_planks":73,"minecraft:deepslate_bricks":1206,"minecraft:polished_blackstone_bricks":19,"minecraft:rail":1,"minecraft:tnt":49,"minecraft:crafting_table":38,"betterend:umbrella_tree_planks":1,"minecraft:white_bed":2,"minecraft:campfire":1,"minecraft:lime_shulker_box":6,"minecraft:spruce_log":30,"minecraft:oak_log":7,"minecraft:mud":1,"minecraft:ender_eye":1,"minecraft:diamond_pickaxe":14429,"minecraft:diamond_shovel":1287,"minecraft:iron_pickaxe":876,"minecraft:suspicious_stew":2,"minecraft:spruce_sapling":35,"minecraft:enchanted_book":7,"minecraft:potion":81,"minecraft:cobblestone":535,"minecraft:cooked_porkchop":5,"minecraft:porkchop":28,"minecraft:jukebox":3,"betternether:jungle_grass":2,"minecraft:dandelion":1,"minecraft:diamond_leggings":7,"minecraft:cherry_sapling":50,"minecraft:iron_shovel":264,"minecraft:diamond_hoe":16,"minecraft:decorated_pot":1,"minecraft:shield":26,"minecraft:iron_sword":501,"minecraft:nether_wart":20,"minecraft:player_head":22,"minecraft:iron_chestplate":4,"betterend:pythadendron_trapdoor":2,"minecraft:mutton":7,"minecraft:nether_bricks":9,"betterend:purpur_pedestal":2,"minecraft:carrot":422,"minecraft:obsidian":40,"minecraft:glass":5,"minecraft:lantern":5,"minecraft:iron_helmet":5,"minecraft:item_frame":1,"minecraft:repeater":4,"minecraft:hay_block":1,"minecraft:blue_shulker_box":16,"betternether:blue_crying_obsidian":5,"minecraft:polished_diorite_stairs":399,"minecraft:diamond_boots":5,"betterend:lacugrove_planks":5,"minecraft:stone_pickaxe":1774,"minecraft:oak_planks":44,"minecraft:ender_pearl":1,"minecraft:sandstone":21,"minecraft:diamond_axe":1279,"minecraft:sugar_cane":11,"minecraft:blue_bed":17,"betterend:helix_tree_crafting_table":2,"minecraft:white_wool":7,"minecraft:netherite_leggings":5,"minecraft:black_banner":10,"minecraft:shears":85,"minecraft:end_stone":30,"minecraft:redstone_torch":6,"minecraft:firework_rocket":433,"minecraft:bread":333,"minecraft:melon_slice":341,"minecraft:gravel":13,"minecraft:golden_helmet":6,"minecraft:chain":2,"minecraft:andesite":9,"minecraft:golden_pickaxe":45,"minecraft:bone_meal":110,"minecraft:experience_bottle":64,"minecraft:cobweb":16,"minecraft:purpur_block":3,"minecraft:cherry_wood":174,"minecraft:flint_and_steel":194,"minecraft:music_disc_otherside":1,"minecraft:tropical_fish":1,"minecraft:redstone":11,"minecraft:stone_shovel":580,"minecraft:spruce_planks":19,"minecraft:ender_chest":7,"minecraft:stone_hoe":119,"minecraft:cooked_chicken":4,"minecraft:dirt":514,"minecraft:hopper":40,"minecraft:shulker_box":3,"minecraft:diamond_helmet":18,"minecraft:bee_nest":1,"minecraft:granite":7,"minecraft:iron_hoe":95,"minecraft:cherry_trapdoor":16,"minecraft:polished_blackstone_brick_stairs":1,"minecraft:iron_boots":3,"minecraft:golden_carrot":139,"minecraft:soul_soil":2,"minecraft:netherite_pickaxe":4,"minecraft:bamboo_planks":20,"minecraft:iron_leggings":4,"minecraft:cooked_mutton":36,"minecraft:acacia_boat":3,"minecraft:glass_bottle":80,"minecraft:polished_andesite":20,"minecraft:netherite_chestplate":6,"minecraft:baked_potato":553,"minecraft:black_shulker_box":6,"minecraft:spruce_sign":1,"minecraft:cobblestone_slab":30,"betterend:respawn_obelisk":2,"minecraft:apple":2,"minecraft:cracked_polished_blackstone_bricks":2,"minecraft:map":5,"betterend:pythadendron_bark":6,"betterend:iron_hammer":1,"betternether:crimson_crafting_table":1,"minecraft:stone_axe":336,"minecraft:pink_petals":193,"minecraft:cherry_stairs":54,"minecraft:end_crystal":3,"minecraft:white_banner":2,"minecraft:pink_shulker_box":28,"minecraft:bucket":218,"minecraft:pumpkin_pie":19,"minecraft:yellow_bed":6,"minecraft:splash_potion":24},"minecraft:crafted":{"minecraft:cherry_wood":148,"minecraft:blaze_powder":4,"minecraft:diamond_shovel":1,"minecraft:cooked_mutton":21,"minecraft:iron_bars":16,"minecraft:deepslate_brick_stairs":264,"minecraft:glass":66,"minecraft:diamond_helmet":2,"minecraft:repeater":4,"minecraft:diamond_leggings":3,"minecraft:netherite_boots":4,"minecraft:melon_seeds":13,"betternether:cincinnasite_fire_bowl":1,"betterend:pythadendron_planks":12,"minecraft:glass_bottle":18,"minecraft:emerald":30,"minecraft:cooked_porkchop":2,"minecraft:diamond_axe":1,"minecraft:smithing_table":3,"betterend:helix_tree_crafting_table":1,"minecraft:campfire":1,"minecraft:bamboo_planks":16,"minecraft:cherry_sign":3,"minecraft:compass":1,"minecraft:iron_pickaxe":3,"minecraft:iron_block":3,"minecraft:gold_ingot":40,"minecraft:netherite_ingot":5,"minecraft:stone_shovel":4,"minecraft:jukebox":1,"minecraft:iron_nugget":45,"minecraft:bone_meal":48,"betterend:end_stone_smelter":1,"minecraft:cherry_trapdoor":24,"minecraft:lantern":3,"minecraft:polished_diorite":700,"betterend:thallasium_ingot":45,"minecraft:ladder":45,"minecraft:spruce_slab":12,"minecraft:cherry_stairs":56,"minecraft:ender_pearl":4,"betternether:cincinnasite_chestplate":1,"minecraft:stone_pickaxe":15,"minecraft:diamond_boots":1,"betterend:thallasium_anvil":1,"minecraft:golden_helmet":1,"minecraft:wheat":765,"betternether:cincinnasite_forged":3,"minecraft:coal_block":1,"betterend:terminite_ingot":16,"betternether:crimson_crafting_table":1,"minecraft:netherite_pickaxe":1,"minecraft:deepslate_brick_slab":60,"betterend:helix_tree_planks":12,"minecraft:enchanted_book":3,"betternether:obsidian_glass":2,"minecraft:iron_shovel":1,"minecraft:iron_leggings":2,"minecraft:oak_planks":256,"minecraft:cherry_slab":6,"minecraft:lightning_rod":1,"minecraft:stone":12,"betterend:end_stone_furnace":1,"minecraft:bamboo_block":8,"minecraft:hopper":38,"minecraft:iron_boots":2,"betternether:cincinnasite_ingot":27,"minecraft:chest":75,"minecraft:netherite_helmet":4,"minecraft:netherite_upgrade_smithing_template":14,"minecraft:stone_hoe":3,"minecraft:ender_eye":3,"minecraft:item_frame":1,"betterend:thallasium_block":3,"minecraft:crafting_table":15,"minecraft:spruce_planks":424,"minecraft:iron_helmet":1,"minecraft:wooden_pickaxe":4,"minecraft:baked_potato":426,"minecraft:birch_planks":280,"minecraft:tnt":26,"minecraft:iron_chestplate":3,"minecraft:book":1,"minecraft:paper":267,"minecraft:diamond_pickaxe":1,"minecraft:shield":1,"minecraft:stick":1230,"minecraft:iron_ingot":194,"minecraft:stone_sword":3,"minecraft:redstone_torch":20,"minecraft:deepslate_bricks":444,"minecraft:polished_diorite_stairs":360,"minecraft:shears":1,"minecraft:polished_andesite":16,"minecraft:nether_wart":72,"minecraft:cherry_planks":624,"minecraft:raw_iron":9,"betternether:cincinnasite_helmet":1,"betterend:diamond_hammer":1,"minecraft:netherite_sword":1,"minecraft:furnace":8,"betterend:terminite_block":1,"minecraft:flint_and_steel":2,"minecraft:netherite_chestplate":6,"minecraft:netherite_leggings":5,"minecraft:leather":1,"minecraft:polished_deepslate":444,"minecraft:iron_axe":2,"minecraft:iron_hoe":2,"minecraft:chiseled_bookshelf":1,"minecraft:netherite_scrap":19,"minecraft:glistering_melon_slice":10,"minecraft:crimson_planks":4,"minecraft:diamond_sword":1,"minecraft:iron_sword":2,"minecraft:bucket":1,"minecraft:stone_axe":3,"minecraft:air":0,"minecraft:bread":246,"minecraft:acacia_boat":1,"minecraft:oak_boat":1,"betterend:iron_hammer":1,"minecraft:anvil":2,"minecraft:acacia_planks":12,"minecraft:torch":156,"minecraft:end_crystal":3,"minecraft:diamond_chestplate":3,"minecraft:firework_rocket":738},"minecraft:killed":{"minecraft:cave_spider":2,"betternether:skull":1,"betternether:firefly":2,"minecraft:shulker":98,"minecraft:skeleton":65,"minecraft:chicken":12,"minecraft:magma_cube":1,"minecraft:salmon":5,"minecraft:ender_dragon":1,"minecraft:pillager":56,"minecraft:donkey":1,"minecraft:zombie":546,"minecraft:evoker":5,"minecraft:vindicator":25,"minecraft:horse":4,"betterend:cubozoa":2,"minecraft:rabbit":3,"betterend:end_slime":9,"minecraft:wandering_trader":2,"minecraft:ravager":2,"minecraft:enderman":6,"minecraft:witch":10,"minecraft:zombified_piglin":2,"minecraft:spider":21,"minecraft:bee":2,"minecraft:silverfish":5,"minecraft:piglin_brute":3,"betternether:hydrogen_jellyfish":4,"minecraft:piglin":18,"minecraft:pig":20,"minecraft:zombie_villager":4,"minecraft:creeper":13,"minecraft:sheep":37,"minecraft:trader_llama":4,"minecraft:ghast":9,"minecraft:blaze":22,"minecraft:vex":1,"minecraft:slime":8,"minecraft:phantom":4,"minecraft:drowned":5,"betternether:naga":7,"minecraft:squid":5,"betternether:jungle_skeleton":2,"minecraft:player":15,"minecraft:villager":3},"minecraft:mined":{"minecraft:dark_oak_planks":14,"betternether:nether_sakura_leaves":1,"minecraft:dragon_wall_head":1,"betterend:respawn_obelisk":4,"minecraft:white_bed":3,"betternether:bone_block":5,"betterend:pythadendron_bookshelf":1,"betterend:amber_moss":1,"minecraft:cherry_log":1185,"betterend:blue_vine_lantern":27,"minecraft:obsidian":57,"betterend:umbrella_moss":1,"minecraft:granite":100,"minecraft:acacia_log":3,"minecraft:yellow_carpet":1,"betternether:blue_crying_obsidian":1,"betterend:pythadendron_bark":12,"minecraft:deepslate_bricks":148,"minecraft:purpur_slab":7,"minecraft:hopper":12,"minecraft:nether_wart":45,"minecraft:spawner":29,"minecraft:polished_blackstone_bricks":70,"minecraft:tall_seagrass":12,"betternether:moss_cover":1,"betterend:lacugrove_slab":2,"betternether:jungle_grass":5,"minecraft:fire":33,"minecraft:cobbled_deepslate":128,"minecraft:deepslate_lapis_ore":3,"minecraft:dirt_path":1,"minecraft:oak_stairs":3,"betterend:twisted_moss":5,"minecraft:deepslate_brick_stairs":20,"betternether:cincinnasite_fire_bowl":2,"minecraft:white_shulker_box":19,"minecraft:iron_block":55,"minecraft:player_head":11,"minecraft:orange_bed":14,"betternether:anchor_tree_log":7,"minecraft:bamboo_slab":2,"betternether:netherrack_stalactite":1,"minecraft:cut_sandstone":21,"minecraft:brown_mushroom":1,"betterend:pink_moss":1,"betternether:sepia_bone_grass":1,"minecraft:kelp_plant":9,"minecraft:player_wall_head":7,"minecraft:crimson_nylium":1,"minecraft:smoker":1,"minecraft:soul_fire":13,"minecraft:amethyst_cluster":10,"betterend:end_moss":2,"minecraft:powder_snow":4,"minecraft:torch":8,"minecraft:melon":72,"minecraft:dead_bush":10,"minecraft:spruce_wall_sign":1,"minecraft:glass":11,"minecraft:lime_shulker_box":4,"minecraft:sugar_cane":200,"minecraft:damaged_anvil":1,"minecraft:polished_diorite_stairs":231,"minecraft:chain":4,"minecraft:bamboo_planks":5,"minecraft:mud":1,"betternether:obsidian_glass":2,"minecraft:wheat":71,"minecraft:jukebox":3,"minecraft:stone_brick_stairs":1,"betternether:egg_plant":8,"minecraft:grass":977,"minecraft:smooth_basalt":1,"minecraft:blue_shulker_box":8,"minecraft:red_mushroom_block":1,"minecraft:deepslate":4669,"minecraft:pink_shulker_box":21,"minecraft:mossy_cobblestone":1,"minecraft:cherry_sapling":5,"minecraft:shulker_box":3,"minecraft:end_stone":128,"minecraft:nether_bricks":13,"minecraft:dark_oak_fence":4,"minecraft:orange_shulker_box":11,"minecraft:redstone_wire":7,"minecraft:cherry_wood":50,"minecraft:cartography_table":1,"minecraft:kelp":3,"minecraft:waxed_weathered_copper":2,"betternether:hook_mushroom":2,"betterend:purpur_pedestal":11,"betternether:weeping_obsidian":1,"minecraft:snow":6,"betterend:amaranita_fur":1,"minecraft:andesite":164,"betterend:crystal_moss_cover":1,"minecraft:diamond_block":17,"betternether:feather_fern":2,"minecraft:potatoes":247,"minecraft:vine":2,"minecraft:cobblestone_slab":6,"minecraft:rail":8,"minecraft:bamboo_sapling":1,"minecraft:bamboo":22,"minecraft:bone_block":1,"minecraft:white_wool":27,"betterend:pythadendron_trapdoor":6,"minecraft:ender_chest":2,"minecraft:smithing_table":2,"betterend:ender_ore":2,"minecraft:oak_slab":2,"minecraft:glass_pane":1,"minecraft:cherry_planks":51,"minecraft:soul_sand":81,"betterend:flavolite_pedestal":2,"minecraft:dandelion":6,"betternether:rubeus_bark":1,"minecraft:cornflower":1,"betternether:bone_stairs":2,"minecraft:purpur_pillar":35,"minecraft:tall_grass":133,"minecraft:copper_ore":5,"minecraft:deepslate_gold_ore":2,"betternether:anchor_tree_bark":1,"minecraft:diorite":436,"betternether:jungle_plant":2,"betterend:lacugrove_planks":8,"minecraft:spruce_log":140,"minecraft:birch_leaves":13,"minecraft:mangrove_leaves":1,"minecraft:sunflower":1,"betterend:twisted_umbrella_moss":3,"minecraft:gravel":263,"minecraft:dripstone_block":2,"betterend:pythadendron_planks":22,"minecraft:cobweb":7,"betterend:flavolite_slab":2,"minecraft:stone_bricks":7,"minecraft:chipped_anvil":6,"betternether:barrel_cactus":2,"minecraft:fern":11,"minecraft:black_shulker_box":4,"minecraft:spruce_planks":25,"minecraft:attached_melon_stem":1,"minecraft:farmland":23,"minecraft:sculk_vein":1,"minecraft:brewing_stand":8,"betterend:murkweed":1,"minecraft:spruce_trapdoor":3,"minecraft:cherry_trapdoor":5,"minecraft:grass_block":1469,"minecraft:cracked_polished_blackstone_bricks":12,"minecraft:purple_stained_glass_pane":3,"minecraft:soul_soil":15,"minecraft:polished_diorite":136,"betternether:cincinnasite_ore":32,"minecraft:gilded_blackstone":3,"minecraft:raw_iron_block":1,"minecraft:glowstone":3,"minecraft:iron_ore":91,"minecraft:anvil":18,"betterend:crystal_moss":3,"betterend:tenanea_leaves":15,"betterend:terminite_block":2,"minecraft:iron_bars":1,"minecraft:end_stone_bricks":38,"betternether:black_vine":1,"betterend:lanceleaf":2,"minecraft:deepslate_redstone_ore":36,"betterend:tenanea_outer_leaves":9,"betterend:small_jellyshroom":2,"betterend:tail_moss":12,"betternether:golden_vine":1,"minecraft:blackstone":77,"betterend:cyan_moss":4,"minecraft:melon_stem":1,"minecraft:orange_terracotta":3,"minecraft:purpur_stairs":14,"minecraft:clay":4,"betterend:thallasium_ore":13,"minecraft:beacon":1,"minecraft:chest":2,"minecraft:nether_quartz_ore":235,"minecraft:cobblestone":97,"minecraft:oak_planks":23,"minecraft:iron_door":3,"minecraft:wall_torch":5,"minecraft:deepslate_copper_ore":2,"minecraft:pink_petals":826,"minecraft:seagrass":15,"minecraft:powered_rail":11,"minecraft:nether_wart_block":8,"minecraft:birch_log":71,"betternether:neon_equisetum":3,"minecraft:light_gray_wool":2,"minecraft:tnt":10,"minecraft:purpur_block":26,"betterend:helix_tree_log":3,"minecraft:oak_log":75,"minecraft:beetroots":2,"minecraft:sand":241,"minecraft:dirt":480,"betternether:nether_redstone_ore":26,"betterend:end_lotus_flower":1,"betterend:flavolite":7,"minecraft:ancient_debris":5,"minecraft:netherrack":7066,"minecraft:oak_leaves":131,"minecraft:nether_gold_ore":37,"minecraft:diamond_ore":5,"minecraft:crying_obsidian":2,"minecraft:tuff":388,"minecraft:deepslate_diamond_ore":86,"minecraft:stripped_cherry_log":6,"betterend:helix_tree_crafting_table":2,"minecraft:black_banner":1,"minecraft:decorated_pot":4,"minecraft:spruce_leaves":69,"minecraft:mangrove_propagule":5,"minecraft:sandstone":82,"minecraft:crimson_stem":1,"minecraft:large_fern":9,"minecraft:hay_block":86,"minecraft:deepslate_brick_slab":8,"minecraft:furnace":6,"minecraft:spruce_sapling":1,"minecraft:carrots":123,"betterend:thallasium_trapdoor":1,"minecraft:bookshelf":34,"minecraft:deepslate_iron_ore":7,"minecraft:lantern":2,"minecraft:stripped_oak_log":8,"betterend:sangnum":1,"minecraft:stone":1306,"minecraft:cherry_stairs":54,"minecraft:yellow_shulker_box":7,"betternether:nether_sakura_bark":1,"minecraft:podzol":10,"minecraft:light_blue_shulker_box":3,"minecraft:acacia_leaves":1,"minecraft:magenta_stained_glass":2,"minecraft:infested_stone_bricks":1,"betterend:umbrella_tree_membrane":1,"minecraft:basalt":21,"minecraft:oak_fence":1,"betterend:pythadendron_stairs":1,"minecraft:crafting_table":30,"betternether:mushroom_grass":2,"minecraft:lapis_ore":15,"minecraft:lily_pad":6,"minecraft:sculk":15,"betternether:rubeus_leaves":4,"minecraft:blue_bed":17,"minecraft:spruce_stairs":19,"betternether:blooming_vine":3,"minecraft:end_stone_brick_stairs":25,"minecraft:redstone_torch":6,"minecraft:sweet_berry_bush":3,"minecraft:black_wall_banner":22,"minecraft:ice":4,"minecraft:white_wall_banner":2,"minecraft:bee_nest":3,"minecraft:yellow_bed":6,"betterend:umbrella_tree_planks":9,"minecraft:coal_ore":124,"minecraft:cocoa":1,"minecraft:cherry_leaves":240,"betternether:nether_cactus":1,"minecraft:polished_andesite":4,"betternether:cincinnasite_pillar":1}},"DataVersion":3465}