{"stats":{"minecraft:crafted":{"minecraft:oak_planks":670,"minecraft:diamond_shovel":2,"minecraft:heavy_weighted_pressure_plate":1,"minecraft:warped_planks":4,"minecraft:glass":48,"minecraft:diamond_helmet":3,"minecraft:diamond_leggings":3,"minecraft:iron_boots":1,"minecraft:chest":6,"minecraft:iron_door":3,"minecraft:stone_hoe":1,"minecraft:oak_fence":3,"minecraft:white_banner":3,"minecraft:emerald":754,"minecraft:diamond_axe":1,"minecraft:crafting_table":3,"minecraft:spruce_planks":41,"minecraft:wooden_pickaxe":2,"minecraft:iron_helmet":1,"minecraft:iron_chestplate":1,"minecraft:book":16,"minecraft:paper":118,"minecraft:diamond_pickaxe":3,"minecraft:yellow_dye":1,"minecraft:shield":5,"minecraft:stick":1119,"minecraft:iron_ingot":1170,"minecraft:iron_pickaxe":1,"minecraft:iron_block":67,"minecraft:stone_sword":1,"minecraft:light_gray_dye":1,"minecraft:shears":3,"minecraft:golden_carrot":93,"minecraft:oak_door":3,"minecraft:cookie":108,"minecraft:stone_shovel":2,"minecraft:experience_bottle":5,"minecraft:spruce_button":1,"minecraft:bone_meal":198,"minecraft:leather":13,"minecraft:iron_axe":1,"minecraft:stone_pickaxe":2,"minecraft:diamond_boots":2,"minecraft:sugar":2,"minecraft:red_dye":34,"minecraft:crossbow":1,"minecraft:netherite_pickaxe":1,"minecraft:diamond_sword":1,"minecraft:iron_sword":2,"minecraft:bucket":5,"minecraft:stone_axe":2,"minecraft:enchanted_book":15,"minecraft:bread":5,"minecraft:air":0,"minecraft:oak_stairs":24,"minecraft:anvil":2,"minecraft:iron_shovel":1,"minecraft:iron_leggings":2,"minecraft:torch":256,"minecraft:diamond_chestplate":1,"minecraft:firework_rocket":69},"minecraft:mined":{"minecraft:white_bed":6,"minecraft:oak_sapling":1,"minecraft:cobblestone_stairs":1,"minecraft:carved_pumpkin":5,"minecraft:red_sand":3,"minecraft:grass_block":429,"minecraft:iron_ore":29,"minecraft:cobbled_deepslate":38,"minecraft:fire":13,"minecraft:pumpkin":6,"minecraft:azure_bluet":2,"minecraft:dirt_path":6,"minecraft:oak_stairs":16,"minecraft:end_stone_bricks":2,"minecraft:iron_block":20,"minecraft:player_head":6,"minecraft:spruce_slab":1,"minecraft:player_wall_head":3,"minecraft:deepslate_brick_wall":1,"minecraft:deepslate_tile_slab":1,"minecraft:poppy":4,"minecraft:chest":1,"minecraft:cobblestone":58,"minecraft:sugar_cane":80,"minecraft:oak_planks":12,"minecraft:iron_door":2,"minecraft:wall_torch":3,"minecraft:seagrass":1,"minecraft:wheat":19,"minecraft:warped_fungus":1,"minecraft:grass":63,"minecraft:oak_log":159,"minecraft:sand":45,"minecraft:dirt":821,"minecraft:netherrack":46,"minecraft:oak_leaves":341,"minecraft:mossy_cobblestone":3,"minecraft:shulker_box":15,"minecraft:end_stone":4,"minecraft:spruce_leaves":17,"minecraft:shroomlight":3,"minecraft:warped_stem":7,"minecraft:stripped_oak_log":5,"minecraft:stone":844,"minecraft:oak_slab":1,"minecraft:glass_pane":3,"minecraft:dandelion":4,"minecraft:oak_fence":1,"minecraft:cornflower":1,"minecraft:tall_grass":2,"minecraft:copper_ore":6,"minecraft:diorite":16,"minecraft:warped_wart_block":3,"minecraft:sweet_berry_bush":61,"minecraft:white_carpet":1,"minecraft:spruce_log":9,"minecraft:yellow_bed":3,"minecraft:coal_ore":148,"minecraft:gravel":59},"minecraft:custom":{"minecraft:interact_with_crafting_table":102,"minecraft:open_barrel":27,"minecraft:open_shulker_box":81,"minecraft:bell_ring":5,"minecraft:leave_game":63,"minecraft:time_since_death":67180,"minecraft:sprint_one_cm":1565771,"minecraft:drop":1341,"minecraft:talked_to_villager":474,"minecraft:play_time":1866122,"minecraft:deaths":47,"minecraft:jump":32793,"minecraft:interact_with_brewingstand":2,"minecraft:walk_on_water_one_cm":124015,"minecraft:interact_with_furnace":20,"minecraft:traded_with_villager":841,"minecraft:interact_with_cartography_table":2,"minecraft:interact_with_loom":6,"minecraft:sleep_in_bed":43,"minecraft:open_enderchest":72,"minecraft:damage_dealt":10971,"minecraft:interact_with_beacon":2,"minecraft:player_kills":5,"minecraft:crouch_one_cm":47387,"minecraft:interact_with_smoker":2,"minecraft:horse_one_cm":30716,"minecraft:interact_with_smithing_table":7,"minecraft:interact_with_anvil":21,"minecraft:mob_kills":756,"minecraft:inspect_hopper":12,"minecraft:climb_one_cm":115912,"minecraft:walk_one_cm":4959287,"minecraft:sneak_time":19677,"minecraft:walk_under_water_one_cm":156492,"minecraft:interact_with_blast_furnace":8,"minecraft:total_world_time":1866122,"minecraft:tune_noteblock":30,"minecraft:interact_with_stonecutter":1,"minecraft:time_since_rest":53922,"minecraft:damage_taken":20979,"minecraft:swim_one_cm":20263,"minecraft:fly_one_cm":4646897,"minecraft:open_chest":529,"minecraft:aviate_one_cm":872484,"minecraft:fall_one_cm":811742},"minecraft:picked_up":{"minecraft:iron_chestplate":12,"minecraft:wheat":57,"minecraft:stone_slab":1,"minecraft:diamond_sword":6,"minecraft:oak_stairs":125,"minecraft:enchanted_book":4,"minecraft:golden_sword":2,"minecraft:string":90,"minecraft:iron_leggings":15,"minecraft:netherite_ingot":1,"minecraft:shroomlight":6,"minecraft:diamond_leggings":9,"minecraft:red_sand":3,"minecraft:cobbled_deepslate":85,"minecraft:comparator":1,"minecraft:bucket":5,"minecraft:rose_bush":15,"minecraft:written_book":2,"minecraft:cobblestone_slab":23,"minecraft:iron_boots":10,"minecraft:stick":143,"minecraft:deepslate_brick_wall":2,"minecraft:oak_fence":5,"minecraft:torch":12,"minecraft:diorite":32,"minecraft:stone_sword":7,"minecraft:rotten_flesh":66,"minecraft:iron_block":770,"minecraft:carved_pumpkin":8,"minecraft:mangrove_roots":5,"minecraft:cobblestone":765,"minecraft:cooked_beef":25,"minecraft:iron_door":2,"minecraft:potato":21,"minecraft:tuff":2,"minecraft:gray_concrete":1,"minecraft:lapis_lazuli":128,"minecraft:dirt":1797,"minecraft:bone":52,"minecraft:bow":6,"minecraft:wheat_seeds":228,"minecraft:crimson_fence_gate":4,"minecraft:raw_gold":39,"minecraft:mossy_stone_bricks":187,"minecraft:diamond_helmet":7,"minecraft:bamboo":67,"minecraft:stone_hoe":3,"minecraft:oak_planks":146,"minecraft:cooked_porkchop":2,"minecraft:warped_wart_block":6,"minecraft:oak_pressure_plate":1,"minecraft:sand":45,"minecraft:ink_sac":9,"minecraft:grass_block":137,"minecraft:shulker_box":17,"minecraft:mossy_cobblestone":5,"minecraft:sugar":5,"minecraft:diamond":12,"minecraft:deepslate":4,"minecraft:spruce_boat":1,"minecraft:writable_book":2,"minecraft:crossbow":3,"minecraft:grass":11,"minecraft:bone_meal":24,"minecraft:emerald":433,"minecraft:bread":56,"minecraft:oak_sapling":135,"minecraft:netherrack":151,"minecraft:oak_leaves":297,"minecraft:diamond_pickaxe":21,"minecraft:end_stone_bricks":2,"minecraft:crafting_table":1,"minecraft:azure_bluet":2,"minecraft:wooden_pickaxe":7,"minecraft:shield":14,"minecraft:cornflower":18,"minecraft:elytra":15,"minecraft:moss_carpet":2,"minecraft:iron_axe":8,"minecraft:flint_and_steel":4,"minecraft:compass":1,"minecraft:item_frame":1,"minecraft:white_carpet":9,"minecraft:iron_shovel":4,"minecraft:cracked_stone_bricks":1,"minecraft:beef":6,"minecraft:oak_boat":3,"minecraft:player_head":50,"minecraft:iron_nugget":54,"minecraft:poppy":10,"minecraft:spruce_slab":9,"minecraft:sugar_cane":152,"minecraft:chest":1,"minecraft:spruce_trapdoor":9,"minecraft:phantom_membrane":2,"minecraft:raw_copper_block":64,"minecraft:egg":1,"minecraft:copper_ore":14,"minecraft:end_stone":8,"minecraft:stone":2957,"minecraft:oak_door":5,"minecraft:cookie":218,"minecraft:carrot":6,"minecraft:netherite_pickaxe":2,"minecraft:arrow":73,"minecraft:stone_shovel":5,"minecraft:diamond_chestplate":2,"minecraft:pumpkin_pie":3,"minecraft:nether_bricks":1,"minecraft:shears":6,"minecraft:diamond_boots":11,"minecraft:warped_sign":2,"minecraft:gold_ingot":1,"minecraft:mutton":4,"minecraft:white_wool":127,"minecraft:stripped_oak_log":65,"minecraft:purple_dye":3,"minecraft:golden_carrot":213,"minecraft:glow_ink_sac":5,"minecraft:leather":7,"minecraft:filled_map":2,"minecraft:oak_log":161,"minecraft:golden_boots":2,"minecraft:yellow_bed":4,"minecraft:gunpowder":6,"minecraft:cobblestone_stairs":4,"minecraft:deepslate_tile_slab":1,"minecraft:paper":80,"minecraft:white_banner":4,"minecraft:apple":26,"minecraft:stone_bricks":1,"minecraft:warped_stem":14,"minecraft:iron_ingot":491,"minecraft:stone_pickaxe":8,"minecraft:iron_ore":32,"minecraft:mangrove_planks":4,"minecraft:iron_sword":18,"minecraft:oak_slab":8,"minecraft:warped_fungus":2,"minecraft:nether_quartz_ore":12,"minecraft:pumpkin":13,"minecraft:sweet_berries":1601,"minecraft:quartz":45,"minecraft:dandelion":95,"minecraft:spyglass":12,"minecraft:gravel":32,"minecraft:spruce_sapling":19,"minecraft:white_bed":16,"minecraft:spruce_log":38,"minecraft:spruce_door":8,"minecraft:spider_eye":1,"minecraft:mangrove_leaves":130,"minecraft:firework_rocket":287,"minecraft:diamond_shovel":20,"minecraft:pumpkin_seeds":16,"minecraft:coal_ore":182,"minecraft:stone_axe":15,"minecraft:iron_helmet":17,"minecraft:diamond_axe":4,"minecraft:black_wool":1,"minecraft:warped_nylium":1,"minecraft:end_stone_brick_slab":5,"minecraft:coal":162,"minecraft:ender_pearl":1766},"minecraft:used":{"minecraft:writable_book":2,"minecraft:red_sand":3,"minecraft:iron_shovel":149,"minecraft:elytra":2,"minecraft:poppy":4,"minecraft:chest":7,"minecraft:iron_sword":62,"minecraft:stone":55,"minecraft:player_head":15,"minecraft:mutton":3,"minecraft:deepslate_tile_slab":1,"minecraft:item_frame":2,"minecraft:golden_sword":35,"minecraft:bow":4,"minecraft:written_book":2,"minecraft:sweet_berries":459,"minecraft:mangrove_roots":5,"minecraft:oak_sapling":7,"minecraft:egg":1,"minecraft:potato":7,"minecraft:deepslate_brick_wall":2,"minecraft:end_stone_bricks":2,"minecraft:diamond_boots":6,"minecraft:oak_planks":14,"minecraft:stone_pickaxe":101,"minecraft:mangrove_planks":3,"minecraft:ender_pearl":24,"minecraft:wooden_pickaxe":65,"minecraft:sugar_cane":8,"minecraft:diamond_axe":22,"minecraft:oak_leaves":169,"minecraft:cookie":77,"minecraft:sand":45,"minecraft:crossbow":3,"minecraft:shears":259,"minecraft:firework_rocket":32,"minecraft:heavy_weighted_pressure_plate":1,"minecraft:bread":14,"minecraft:iron_door":2,"minecraft:diamond_sword":35,"minecraft:bone_meal":15,"minecraft:experience_bottle":5,"minecraft:oak_fence":3,"minecraft:stone_sword":10,"minecraft:flint_and_steel":8,"minecraft:carved_pumpkin":4,"minecraft:stone_shovel":57,"minecraft:netherrack":125,"minecraft:oak_door":2,"minecraft:torch":5,"minecraft:spyglass":68,"minecraft:dirt":184,"minecraft:warped_wart_block":1,"minecraft:anvil":2,"minecraft:white_carpet":1,"minecraft:diamond_helmet":4,"minecraft:shulker_box":15,"minecraft:iron_block":593,"minecraft:iron_axe":23,"minecraft:oak_stairs":43,"minecraft:spruce_button":1,"minecraft:diamond_chestplate":3,"minecraft:golden_carrot":52,"minecraft:beef":3,"minecraft:netherite_pickaxe":7,"minecraft:cobbled_deepslate":103,"minecraft:pumpkin":2,"minecraft:iron_leggings":2,"minecraft:wheat_seeds":79,"minecraft:water_bucket":18,"minecraft:iron_ore":1,"minecraft:comparator":1,"minecraft:oak_slab":1,"minecraft:crafting_table":3,"minecraft:spider_eye":1,"minecraft:white_bed":7,"minecraft:spruce_log":6,"minecraft:oak_log":6,"minecraft:cornflower":5,"minecraft:diamond_pickaxe":1216,"minecraft:apple":16,"minecraft:diamond_shovel":1123,"minecraft:iron_pickaxe":125,"minecraft:spruce_sapling":2,"minecraft:stone_axe":245,"minecraft:cobblestone":188,"minecraft:white_banner":1,"minecraft:cooked_porkchop":2,"minecraft:bucket":20,"minecraft:pumpkin_pie":2,"minecraft:yellow_bed":2,"minecraft:dandelion":1,"minecraft:diamond_leggings":5},"minecraft:killed_by":{"minecraft:zombified_piglin":1,"minecraft:creeper":2,"minecraft:pillager":4,"minecraft:piglin":1,"minecraft:zombie":1,"minecraft:player":11,"minecraft:enderman":3,"minecraft:iron_golem":2},"minecraft:killed":{"minecraft:spider":2,"minecraft:skeleton":1,"minecraft:piglin":2,"minecraft:sheep":1,"minecraft:pillager":2,"minecraft:zombie":1,"minecraft:cow":1,"minecraft:squid":1,"minecraft:enderman":745},"minecraft:broken":{"minecraft:iron_shovel":1,"minecraft:shears":1,"minecraft:golden_sword":1,"minecraft:stone_axe":2,"minecraft:iron_pickaxe":1},"minecraft:dropped":{"minecraft:iron_sword":6,"minecraft:diamond_axe":2,"minecraft:cooked_beef":25,"minecraft:oak_log":5,"minecraft:ender_pearl":610,"minecraft:crossbow":3,"minecraft:cookie":10,"minecraft:leather":1,"minecraft:cracked_stone_bricks":1,"minecraft:elytra":4,"minecraft:emerald":4,"minecraft:dirt":263,"minecraft:gray_concrete":1,"minecraft:raw_copper_block":64,"minecraft:cornflower":8,"minecraft:pumpkin_pie":1,"minecraft:bone_meal":4,"minecraft:sugar":1,"minecraft:white_wool":78,"minecraft:bone":15,"minecraft:gravel":1,"minecraft:stone_axe":6,"minecraft:sugar_cane":3,"minecraft:spyglass":1,"minecraft:iron_nugget":27,"minecraft:cobbled_deepslate":13,"minecraft:wheat":33,"minecraft:rotten_flesh":15,"minecraft:oak_planks":14,"minecraft:diamond_shovel":6,"minecraft:end_stone":4,"minecraft:warped_sign":1,"minecraft:white_bed":2,"minecraft:iron_ore":1,"minecraft:arrow":2,"minecraft:quartz":44,"minecraft:written_book":2,"minecraft:netherrack":5,"minecraft:firework_rocket":41,"minecraft:enchanted_book":2,"minecraft:golden_boots":1,"minecraft:iron_ingot":50,"minecraft:bread":3,"minecraft:wheat_seeds":66,"minecraft:diamond_leggings":1,"minecraft:iron_helmet":3,"minecraft:cobblestone":67,"minecraft:crimson_fence_gate":2,"minecraft:grass_block":133,"minecraft:stick":44,"minecraft:iron_block":139,"minecraft:golden_carrot":22,"minecraft:iron_leggings":2,"minecraft:iron_shovel":2,"minecraft:paper":19,"minecraft:bucket":2,"minecraft:spruce_sapling":10,"minecraft:dandelion":13,"minecraft:moss_carpet":2,"minecraft:sweet_berries":121,"minecraft:warped_nylium":1,"minecraft:player_head":14,"minecraft:stone_sword":2,"minecraft:tuff":1,"minecraft:stone_shovel":1,"minecraft:white_carpet":2,"minecraft:shears":1,"minecraft:flint_and_steel":1,"minecraft:copper_ore":1,"minecraft:diamond_sword":2,"minecraft:spruce_boat":1,"minecraft:stone":507,"minecraft:spruce_trapdoor":9,"minecraft:diamond_pickaxe":5,"minecraft:iron_chestplate":1,"minecraft:mossy_stone_bricks":1,"minecraft:yellow_bed":1,"minecraft:oak_boat":2,"minecraft:oak_sapling":51,"minecraft:stone_bricks":1,"minecraft:diamond_boots":2,"minecraft:spruce_log":24,"minecraft:stone_pickaxe":3,"minecraft:wooden_pickaxe":5,"minecraft:raw_gold":39,"minecraft:nether_quartz_ore":6}},"DataVersion":3337}