{"stats":{"minecraft:mined":{"minecraft:dirt":1},"minecraft:picked_up":{"minecraft:rotten_flesh":2,"minecraft:iron_ingot":45,"minecraft:dirt":1,"minecraft:ender_pearl":16},"minecraft:killed_by":{"minecraft:zombie":1},"minecraft:custom":{"minecraft:open_chest":3,"minecraft:time_since_rest":9794,"minecraft:crouch_one_cm":135,"minecraft:play_time":11264,"minecraft:sprint_one_cm":27376,"minecraft:walk_one_cm":12931,"minecraft:damage_taken":269,"minecraft:deaths":1,"minecraft:sneak_time":199,"minecraft:drop":2,"minecraft:jump":265,"minecraft:damage_dealt":11,"minecraft:leave_game":1,"minecraft:time_since_death":9756,"minecraft:total_world_time":11264,"minecraft:interact_with_crafting_table":1,"minecraft:fall_one_cm":10561,"minecraft:fly_one_cm":78144},"minecraft:crafted":{"minecraft:iron_leggings":1,"minecraft:iron_boots":1,"minecraft:iron_chestplate":1,"minecraft:iron_helmet":1},"minecraft:dropped":{"minecraft:rotten_flesh":2}},"DataVersion":3337}