{"stats":{"minecraft:killed_by":{"minecraft:zombie":5,"minecraft:ender_dragon":2,"minecraft:creeper":2,"minecraft:drowned":1,"minecraft:player":6,"minecraft:spider":3,"minecraft:iron_golem":3,"minecraft:skeleton":1},"minecraft:mined":{"minecraft:dark_oak_planks":47,"minecraft:stripped_warped_stem":1,"minecraft:white_bed":31,"minecraft:obsidian":62,"minecraft:granite":473,"minecraft:acacia_log":77,"minecraft:brown_wool":1,"minecraft:hopper":30,"minecraft:polished_blackstone_bricks":20,"minecraft:tall_seagrass":5,"minecraft:magma_block":12,"minecraft:dark_oak_trapdoor":5,"minecraft:cobbled_deepslate":268,"minecraft:fire":64,"minecraft:pumpkin":13,"minecraft:moss_carpet":4,"minecraft:fletching_table":2,"minecraft:deepslate_lapis_ore":10,"minecraft:enchanting_table":1,"minecraft:dirt_path":42,"minecraft:oak_stairs":7,"minecraft:deepslate_brick_stairs":16,"minecraft:spruce_wood":7,"minecraft:iron_block":157,"minecraft:player_head":6,"minecraft:brown_mushroom":1,"minecraft:kelp_plant":22,"minecraft:player_wall_head":1,"minecraft:crimson_nylium":20,"minecraft:torch":42,"minecraft:dark_oak_wood":1,"minecraft:blast_furnace":1,"minecraft:spruce_wall_sign":2,"minecraft:glass":16,"minecraft:sugar_cane":469,"minecraft:bricks":2,"minecraft:spruce_sign":2,"minecraft:amethyst_block":18,"minecraft:wheat":796,"minecraft:birch_door":4,"minecraft:stone_brick_stairs":15,"minecraft:grass":895,"minecraft:oak_fence_gate":67,"minecraft:dark_oak_sapling":1,"minecraft:loom":2,"minecraft:mangrove_log":16,"minecraft:stonecutter":2,"minecraft:deepslate":3217,"minecraft:deepslate_tiles":34,"minecraft:mossy_cobblestone":146,"minecraft:dark_oak_log":647,"minecraft:stripped_birch_log":25,"minecraft:nether_bricks":5,"minecraft:dark_oak_fence":24,"minecraft:spruce_fence":14,"minecraft:crimson_roots":3,"minecraft:moss_block":211,"minecraft:cartography_table":6,"minecraft:kelp":119,"minecraft:snow":162,"minecraft:andesite":87,"minecraft:potatoes":1,"minecraft:cobblestone_slab":32,"minecraft:vine":53,"minecraft:rail":451,"minecraft:bamboo":515,"minecraft:bone_block":22,"minecraft:white_wool":1,"minecraft:smithing_table":2,"minecraft:oak_slab":37,"minecraft:birch_stairs":9,"minecraft:glass_pane":27,"minecraft:soul_sand":37,"minecraft:stone_brick_slab":11,"minecraft:dandelion":19,"minecraft:cornflower":2,"minecraft:spruce_button":4,"minecraft:tall_grass":143,"minecraft:copper_ore":50,"minecraft:deepslate_gold_ore":70,"minecraft:diorite":206,"minecraft:warped_wart_block":1,"minecraft:purple_bed":11,"minecraft:coarse_dirt":8,"minecraft:light_blue_bed":2,"minecraft:stripped_spruce_wood":2,"minecraft:white_carpet":9,"minecraft:spruce_log":1263,"minecraft:birch_leaves":82,"minecraft:mangrove_leaves":25,"minecraft:gravel":411,"minecraft:dripstone_block":3,"minecraft:polished_blackstone":2,"minecraft:stone_bricks":103,"minecraft:chipped_anvil":1,"minecraft:gold_ore":6,"minecraft:fern":10,"minecraft:spruce_planks":64,"minecraft:oak_sapling":1,"minecraft:farmland":127,"minecraft:brewing_stand":1,"minecraft:spruce_trapdoor":3,"minecraft:grass_block":4655,"minecraft:soul_soil":46,"minecraft:polished_diorite":1,"minecraft:composter":8,"minecraft:glowstone":22,"minecraft:iron_ore":179,"minecraft:anvil":3,"minecraft:azure_bluet":2,"minecraft:azalea":4,"minecraft:deepslate_redstone_ore":134,"minecraft:blackstone":254,"minecraft:clay":128,"minecraft:poppy":124,"minecraft:chest":27,"minecraft:nether_quartz_ore":638,"minecraft:cobblestone":996,"minecraft:grindstone":4,"minecraft:oak_planks":72,"minecraft:wall_torch":78,"minecraft:cauldron":2,"minecraft:seagrass":5,"minecraft:warped_nylium":1,"minecraft:acacia_sapling":1,"minecraft:warped_planks":4,"minecraft:birch_log":319,"minecraft:birch_trapdoor":15,"minecraft:oak_log":1420,"minecraft:sand":858,"minecraft:dirt":6907,"minecraft:netherrack":6859,"minecraft:ancient_debris":6,"minecraft:oak_leaves":1064,"minecraft:nether_gold_ore":15,"minecraft:red_carpet":14,"minecraft:tuff":406,"minecraft:dark_oak_leaves":140,"minecraft:deepslate_diamond_ore":36,"minecraft:mangrove_roots":47,"minecraft:ladder":6,"minecraft:spruce_leaves":174,"minecraft:sandstone":45,"minecraft:large_fern":7,"minecraft:oak_trapdoor":51,"minecraft:spruce_sapling":5,"minecraft:furnace":5,"minecraft:carrots":335,"minecraft:stripped_spruce_log":144,"minecraft:deepslate_iron_ore":18,"minecraft:lantern":11,"minecraft:stripped_acacia_log":22,"minecraft:stripped_oak_log":112,"minecraft:packed_ice":54,"minecraft:stone":19454,"minecraft:podzol":736,"minecraft:acacia_leaves":24,"minecraft:scaffolding":9,"minecraft:stripped_dark_oak_log":44,"minecraft:basalt":20,"minecraft:oak_fence":112,"minecraft:crafting_table":35,"minecraft:gray_stained_glass":37,"minecraft:lectern":201,"minecraft:stone_slab":13,"minecraft:blue_bed":10,"minecraft:spruce_stairs":1,"minecraft:birch_planks":5,"minecraft:lime_bed":2,"minecraft:sweet_berry_bush":95,"minecraft:ice":1,"minecraft:mangrove_planks":65,"minecraft:yellow_bed":1,"minecraft:mangrove_slab":1,"minecraft:coal_ore":828,"minecraft:mossy_stone_bricks":4,"minecraft:birch_fence":3},"minecraft:broken":{"minecraft:golden_boots":1,"minecraft:shears":3,"minecraft:diamond_pickaxe":1,"minecraft:iron_sword":1,"minecraft:fishing_rod":1,"minecraft:wooden_pickaxe":1,"minecraft:shield":1,"minecraft:iron_axe":5,"minecraft:iron_pickaxe":16,"minecraft:golden_helmet":1,"minecraft:iron_shovel":4,"minecraft:golden_leggings":1,"minecraft:stone_pickaxe":2,"minecraft:stone_axe":1,"minecraft:golden_pickaxe":1},"minecraft:crafted":{"minecraft:black_dye":124,"minecraft:smooth_stone":3,"minecraft:chainmail_helmet":9,"minecraft:oak_sign":15,"minecraft:dark_oak_wood":4,"minecraft:birch_boat":1,"minecraft:birch_slab":54,"minecraft:diamond_shovel":4,"minecraft:bookshelf":6,"minecraft:glass":2744,"minecraft:diamond_leggings":3,"minecraft:birch_fence_gate":1,"minecraft:gray_stained_glass":1920,"minecraft:name_tag":4,"minecraft:emerald":2256,"minecraft:cooked_porkchop":3,"minecraft:diamond_axe":3,"minecraft:acacia_slab":6,"minecraft:smithing_table":2,"minecraft:fletching_table":1,"minecraft:cartography_table":2,"minecraft:light_gray_bed":2,"minecraft:stone_brick_stairs":32,"minecraft:lectern":5,"minecraft:stone_slab":42,"minecraft:compass":77,"minecraft:iron_pickaxe":21,"minecraft:iron_block":6,"minecraft:light_blue_bed":1,"minecraft:gold_ingot":66,"minecraft:sandstone":64,"minecraft:composter":3,"minecraft:spruce_fence_gate":2,"minecraft:birch_stairs":104,"minecraft:golden_carrot":36,"minecraft:iron_nugget":243,"minecraft:bone_meal":4405,"minecraft:spruce_fence":60,"minecraft:white_carpet":54,"minecraft:lantern":30,"minecraft:dark_oak_fence":168,"minecraft:polished_diorite":180,"minecraft:spruce_slab":12,"minecraft:stone_pickaxe":4,"minecraft:diamond_boots":1,"minecraft:dark_oak_planks":620,"minecraft:brick_slab":6,"minecraft:golden_helmet":2,"minecraft:chainmail_leggings":17,"minecraft:crossbow":1,"minecraft:enchanting_table":1,"minecraft:dark_oak_button":10,"minecraft:acacia_stairs":8,"minecraft:red_carpet":57,"minecraft:enchanted_book":22,"minecraft:oak_fence_gate":59,"minecraft:oak_stairs":80,"minecraft:birch_trapdoor":60,"minecraft:iron_shovel":6,"minecraft:white_bed":18,"minecraft:brick":128,"minecraft:grindstone":1,"minecraft:oak_planks":4804,"minecraft:cobblestone_slab":12,"minecraft:cooked_chicken":6,"minecraft:stone":45,"minecraft:dark_oak_door":6,"minecraft:hopper":32,"minecraft:stone_brick_slab":64,"minecraft:bow":3,"minecraft:iron_boots":7,"minecraft:chest":112,"minecraft:oak_button":16,"minecraft:rail":128,"minecraft:bricks":128,"minecraft:oak_fence":201,"minecraft:golden_boots":1,"minecraft:oak_slab":118,"minecraft:item_frame":22,"minecraft:arrow":16,"minecraft:map":3,"minecraft:crafting_table":17,"minecraft:spruce_planks":900,"minecraft:iron_helmet":4,"minecraft:wooden_pickaxe":2,"minecraft:chainmail_chestplate":9,"minecraft:red_wool":39,"minecraft:birch_planks":596,"minecraft:brewing_stand":1,"minecraft:apple":64,"minecraft:dark_oak_slab":42,"minecraft:string":4,"minecraft:book":47,"minecraft:iron_chestplate":1,"minecraft:paper":720,"minecraft:diamond_pickaxe":9,"minecraft:shield":3,"minecraft:birch_fence":48,"minecraft:stick":7890,"minecraft:light_blue_dye":2,"minecraft:iron_ingot":4803,"minecraft:shears":8,"minecraft:cookie":54,"minecraft:fishing_rod":1,"minecraft:spruce_button":44,"minecraft:mossy_stone_bricks":52,"minecraft:furnace":8,"minecraft:blast_furnace":1,"minecraft:dark_oak_trapdoor":96,"minecraft:gray_dye":248,"minecraft:oak_trapdoor":336,"minecraft:glass_pane":1680,"minecraft:flint_and_steel":1,"minecraft:scaffolding":144,"minecraft:leather":198,"minecraft:iron_axe":8,"minecraft:spruce_wood":24,"minecraft:iron_hoe":2,"minecraft:minecart":7,"minecraft:cooked_beef":35,"minecraft:red_dye":39,"minecraft:bone_block":340,"minecraft:diamond_sword":3,"minecraft:dark_oak_stairs":8,"minecraft:iron_sword":5,"minecraft:mangrove_planks":64,"minecraft:bucket":7,"minecraft:stone_axe":28,"minecraft:air":0,"minecraft:bread":902,"minecraft:blue_dye":1,"minecraft:oak_boat":4,"minecraft:white_wool":2,"minecraft:white_dye":192,"minecraft:stonecutter":2,"minecraft:anvil":2,"minecraft:acacia_planks":16,"minecraft:torch":288,"minecraft:diamond_chestplate":7,"minecraft:firework_rocket":405},"minecraft:picked_up":{"minecraft:birch_door":4,"minecraft:iron_chestplate":2,"minecraft:anvil":3,"minecraft:smithing_table":2,"minecraft:stone_slab":195,"minecraft:diamond_sword":20,"minecraft:oak_stairs":7,"minecraft:enchanted_book":4,"minecraft:brewing_stand":1,"minecraft:string":78,"minecraft:dark_oak_trapdoor":7,"minecraft:soul_soil":36,"minecraft:diamond_leggings":12,"minecraft:gold_nugget":106,"minecraft:cobbled_deepslate":3722,"minecraft:spruce_planks":169,"minecraft:written_book":1,"minecraft:mangrove_log":16,"minecraft:golden_helmet":8,"minecraft:composter":8,"minecraft:acacia_log":77,"minecraft:warped_planks":4,"minecraft:golden_chestplate":8,"minecraft:cauldron":2,"minecraft:black_dye":106,"minecraft:stone_sword":1,"minecraft:iron_block":224,"minecraft:glowstone":20,"minecraft:netherite_chestplate":1,"minecraft:blaze_rod":1,"minecraft:snowball":13,"minecraft:birch_log":417,"minecraft:furnace_minecart":1,"minecraft:magma_block":12,"minecraft:feather":20,"minecraft:cooked_beef":33,"minecraft:water_bucket":15,"minecraft:brown_wool":1,"minecraft:copper_block":65,"minecraft:flint":37,"minecraft:stripped_spruce_wood":2,"minecraft:netherite_leggings":1,"minecraft:lantern":11,"minecraft:chipped_anvil":2,"minecraft:stonecutter":2,"minecraft:rabbit":2,"minecraft:diamond_helmet":9,"minecraft:moss_block":211,"minecraft:warped_wart_block":1,"minecraft:stripped_spruce_log":146,"minecraft:ink_sac":6,"minecraft:loom":2,"minecraft:acacia_stairs":8,"minecraft:dark_oak_log":650,"minecraft:stripped_acacia_log":18,"minecraft:iron_hoe":4,"minecraft:deepslate":67,"minecraft:writable_book":1,"minecraft:granite":457,"minecraft:golden_horse_armor":1,"minecraft:spruce_button":4,"minecraft:bread":314,"minecraft:dark_oak_fence":24,"minecraft:bricks":2,"minecraft:crimson_roots":17,"minecraft:diamond_pickaxe":34,"minecraft:crafting_table":37,"minecraft:spruce_leaves":5,"minecraft:coarse_dirt":8,"minecraft:clay_ball":252,"minecraft:leather_leggings":3,"minecraft:cornflower":1,"minecraft:elytra":7,"minecraft:flint_and_steel":4,"minecraft:snow":143,"minecraft:white_carpet":14,"minecraft:compass":48,"minecraft:iron_shovel":1,"minecraft:glass_pane":26,"minecraft:cartography_table":6,"minecraft:beef":147,"minecraft:spruce_slab":3,"minecraft:iron_nugget":49,"minecraft:poppy":148,"minecraft:minecart":43,"minecraft:chest":28,"minecraft:birch_sapling":90,"minecraft:egg":8,"minecraft:copper_ore":47,"minecraft:sandstone":45,"minecraft:stone":16825,"minecraft:spruce_fence":14,"minecraft:carrot":1204,"minecraft:redstone":1045,"minecraft:netherite_pickaxe":2,"minecraft:tnt":25,"minecraft:diamond_chestplate":12,"minecraft:deepslate_bricks":1,"minecraft:shears":5,"minecraft:diamond_boots":7,"minecraft:gold_ingot":11,"minecraft:totem_of_undying":1,"minecraft:polished_blackstone":6,"minecraft:mutton":83,"minecraft:white_wool":153,"minecraft:bone_block":382,"minecraft:rail":553,"minecraft:oxeye_daisy":1,"minecraft:stripped_oak_log":122,"minecraft:lime_bed":1,"minecraft:birch_leaves":54,"minecraft:red_mushroom":1,"minecraft:oak_log":1494,"minecraft:ancient_debris":6,"minecraft:golden_boots":12,"minecraft:blue_bed":14,"minecraft:paper":40,"minecraft:apple":55,"minecraft:stone_bricks":95,"minecraft:kelp":320,"minecraft:oak_fence_gate":67,"minecraft:stone_pickaxe":3,"minecraft:iron_ore":43,"minecraft:mangrove_planks":65,"minecraft:iron_sword":8,"minecraft:flowering_azalea":8,"minecraft:sweet_berries":463,"minecraft:spyglass":7,"minecraft:gravel":443,"minecraft:birch_stairs":9,"minecraft:spruce_sapling":264,"minecraft:spruce_log":1471,"minecraft:crying_obsidian":14,"minecraft:firework_rocket":353,"minecraft:diamond_shovel":17,"minecraft:coal_ore":374,"minecraft:purple_bed":14,"minecraft:polished_diorite":1,"minecraft:stone_axe":3,"minecraft:diamond_axe":8,"minecraft:gray_wool":3,"minecraft:stripped_dark_oak_log":45,"minecraft:crimson_nylium":2,"minecraft:mangrove_propagule":6,"minecraft:hopper":34,"minecraft:ender_pearl":50,"minecraft:shulker_shell":6,"minecraft:wheat":845,"minecraft:ender_chest":1,"minecraft:nether_brick":24,"minecraft:stone_brick_stairs":15,"minecraft:raw_copper":19,"minecraft:iron_leggings":2,"minecraft:netherite_ingot":1,"minecraft:deepslate_tiles":34,"minecraft:comparator":5,"minecraft:bucket":3,"minecraft:dark_oak_leaves":30,"minecraft:cobblestone_slab":204,"minecraft:ender_eye":4,"minecraft:azalea":11,"minecraft:wooden_shovel":1,"minecraft:iron_pickaxe":7,"minecraft:iron_boots":13,"minecraft:furnace":6,"minecraft:stick":798,"minecraft:birch_trapdoor":15,"minecraft:oak_fence":112,"minecraft:torch":439,"minecraft:spruce_stairs":2,"minecraft:porkchop":77,"minecraft:diorite":243,"minecraft:vine":52,"minecraft:rotten_flesh":155,"minecraft:mangrove_roots":60,"minecraft:deepslate_brick_stairs":16,"minecraft:obsidian":135,"minecraft:cobblestone":4276,"minecraft:nautilus_shell":1,"minecraft:enchanting_table":1,"minecraft:leather_chestplate":1,"minecraft:magma_cream":2,"minecraft:repeater":3,"minecraft:andesite":85,"minecraft:golden_leggings":5,"minecraft:potato":3,"minecraft:tuff":423,"minecraft:lapis_lazuli":81,"minecraft:dirt":9569,"minecraft:stripped_birch_log":24,"minecraft:name_tag":2,"minecraft:leather_boots":1,"minecraft:glass":8,"minecraft:bone":558,"minecraft:acacia_planks":20,"minecraft:bow":9,"minecraft:wheat_seeds":2963,"minecraft:raw_gold":120,"minecraft:grindstone":4,"minecraft:mossy_stone_bricks":4,"minecraft:fletching_table":2,"minecraft:bamboo":5183,"minecraft:oak_planks":306,"minecraft:stone_hoe":1,"minecraft:cooked_porkchop":36,"minecraft:gray_stained_glass":50,"minecraft:sand":846,"minecraft:grass_block":1804,"minecraft:spectral_arrow":40,"minecraft:shulker_box":1,"minecraft:mossy_cobblestone":145,"minecraft:clay":64,"minecraft:diamond":52,"minecraft:spruce_boat":3,"minecraft:grass":15,"minecraft:bone_meal":45,"minecraft:golden_apple":3,"minecraft:spruce_sign":4,"minecraft:emerald":219,"minecraft:oak_sapling":640,"minecraft:netherrack":2551,"minecraft:oak_leaves":641,"minecraft:azure_bluet":5,"minecraft:chicken":47,"minecraft:ladder":12,"minecraft:brown_mushroom":15,"minecraft:wooden_pickaxe":1,"minecraft:gold_block":9,"minecraft:shield":12,"minecraft:oak_trapdoor":98,"minecraft:moss_carpet":40,"minecraft:iron_axe":2,"minecraft:wooden_sword":1,"minecraft:item_frame":5,"minecraft:birch_fence":30,"minecraft:blackstone":544,"minecraft:oak_boat":30,"minecraft:player_head":52,"minecraft:light_gray_wool":8,"minecraft:lectern":202,"minecraft:sugar_cane":856,"minecraft:spruce_trapdoor":7,"minecraft:dark_oak_sapling":39,"minecraft:raw_iron":204,"minecraft:gray_dye":22,"minecraft:polished_blackstone_bricks":20,"minecraft:light_blue_bed":2,"minecraft:iron_horse_armor":2,"minecraft:dark_oak_planks":45,"minecraft:arrow":512,"minecraft:nether_bricks":6,"minecraft:saddle":1,"minecraft:dark_oak_button":6,"minecraft:basalt":15,"minecraft:golden_carrot":10,"minecraft:salmon":37,"minecraft:leather":137,"minecraft:birch_planks":29,"minecraft:yellow_bed":1,"minecraft:gunpowder":156,"minecraft:wooden_hoe":1,"minecraft:deepslate_tile_slab":6,"minecraft:cooked_mutton":16,"minecraft:podzol":617,"minecraft:mangrove_boat":1,"minecraft:red_carpet":14,"minecraft:spruce_wood":11,"minecraft:iron_ingot":256,"minecraft:acacia_sapling":44,"minecraft:soul_sand":40,"minecraft:oak_slab":46,"minecraft:scaffolding":14,"minecraft:nether_quartz_ore":3,"minecraft:birch_boat":6,"minecraft:pumpkin":39,"minecraft:stone_brick_slab":21,"minecraft:quartz":627,"minecraft:dandelion":29,"minecraft:dripstone_block":3,"minecraft:blast_furnace":1,"minecraft:white_bed":33,"minecraft:spruce_door":2,"minecraft:spider_eye":6,"minecraft:pumpkin_seeds":36,"minecraft:mangrove_leaves":177,"minecraft:dark_oak_wood":1,"minecraft:coal":462},"minecraft:used":{"minecraft:moss_block":98,"minecraft:writable_book":1,"minecraft:spruce_slab":5,"minecraft:ladder":6,"minecraft:poppy":20,"minecraft:chest":104,"minecraft:stone":1862,"minecraft:rotten_flesh":98,"minecraft:soul_sand":11,"minecraft:brick_slab":2,"minecraft:deepslate_brick_slab":10,"minecraft:acacia_sapling":4,"minecraft:stripped_spruce_log":54,"minecraft:spruce_boat":2,"minecraft:lava_bucket":27,"minecraft:grass_block":905,"minecraft:birch_sapling":1,"minecraft:dark_oak_slab":18,"minecraft:dark_oak_button":4,"minecraft:stone_brick_stairs":81,"minecraft:snow":126,"minecraft:bow":40,"minecraft:sweet_berries":285,"minecraft:furnace":9,"minecraft:oak_sapling":27,"minecraft:egg":3,"minecraft:mossy_stone_bricks":52,"minecraft:damaged_anvil":1,"minecraft:leather_leggings":1,"minecraft:spruce_door":2,"minecraft:blackstone":245,"minecraft:wooden_pickaxe":67,"minecraft:composter":11,"minecraft:clay":63,"minecraft:oak_leaves":289,"minecraft:cookie":54,"minecraft:dark_oak_trapdoor":59,"minecraft:sand":76,"minecraft:blast_furnace":2,"minecraft:deepslate_brick_stairs":31,"minecraft:birch_fence":24,"minecraft:deepslate_tiles":186,"minecraft:birch_slab":5,"minecraft:lectern":205,"minecraft:diamond_sword":2746,"minecraft:smithing_table":4,"minecraft:dark_oak_fence":106,"minecraft:birch_log":59,"minecraft:oak_boat":28,"minecraft:gray_stained_glass":1947,"minecraft:oak_trapdoor":300,"minecraft:enchanting_table":1,"minecraft:acacia_log":9,"minecraft:netherrack":600,"minecraft:torch":322,"minecraft:anvil":5,"minecraft:brewing_stand":2,"minecraft:warped_wart_block":1,"minecraft:nether_quartz_ore":3,"minecraft:oak_fence_gate":67,"minecraft:polished_diorite":18,"minecraft:chipped_anvil":1,"minecraft:iron_block":67,"minecraft:iron_axe":1510,"minecraft:spruce_button":48,"minecraft:bamboo":66,"minecraft:diamond_chestplate":3,"minecraft:basalt":15,"minecraft:beef":24,"minecraft:podzol":439,"minecraft:cobbled_deepslate":770,"minecraft:wheat_seeds":1081,"minecraft:water_bucket":1408,"minecraft:birch_planks":5,"minecraft:cartography_table":8,"minecraft:cauldron":1,"minecraft:leather_boots":1,"minecraft:fletching_table":3,"minecraft:spruce_fence_gate":2,"minecraft:salmon":3,"minecraft:mossy_cobblestone":98,"minecraft:rail":471,"minecraft:oak_slab":50,"minecraft:crafting_table":45,"minecraft:white_bed":45,"minecraft:spruce_log":827,"minecraft:oak_log":192,"minecraft:diamond_pickaxe":31329,"minecraft:ender_eye":4,"minecraft:diamond_shovel":12624,"minecraft:mangrove_propagule":2,"minecraft:oak_button":16,"minecraft:iron_pickaxe":4173,"minecraft:spruce_trapdoor":6,"minecraft:spruce_sapling":41,"minecraft:cobblestone":2113,"minecraft:purple_bed":10,"minecraft:cooked_porkchop":34,"minecraft:porkchop":14,"minecraft:glass_pane":46,"minecraft:stripped_oak_log":44,"minecraft:kelp":192,"minecraft:diamond_leggings":2,"minecraft:moss_carpet":1,"minecraft:iron_shovel":1168,"minecraft:bone_block":272,"minecraft:oak_sign":15,"minecraft:shield":120,"minecraft:iron_sword":284,"minecraft:player_head":22,"minecraft:mutton":20,"minecraft:carrot":489,"minecraft:tuff":242,"minecraft:milk_bucket":1,"minecraft:obsidian":36,"minecraft:glass":79,"minecraft:coal_ore":169,"minecraft:bricks":43,"minecraft:spruce_wood":27,"minecraft:lantern":31,"minecraft:dark_oak_wood":3,"minecraft:light_blue_bed":3,"minecraft:stone_bricks":218,"minecraft:item_frame":27,"minecraft:birch_trapdoor":67,"minecraft:red_carpet":71,"minecraft:magma_block":10,"minecraft:scaffolding":142,"minecraft:written_book":1,"minecraft:mangrove_roots":9,"minecraft:dark_oak_sapling":21,"minecraft:mangrove_leaves":12,"minecraft:golden_boots":2,"minecraft:stripped_acacia_log":3,"minecraft:stone_pickaxe":364,"minecraft:mangrove_planks":65,"minecraft:oak_planks":901,"minecraft:ender_pearl":28,"minecraft:sandstone":95,"minecraft:sugar_cane":108,"minecraft:diamond_axe":5041,"minecraft:blue_bed":4,"minecraft:white_wool":1,"minecraft:loom":2,"minecraft:crossbow":1,"minecraft:shears":825,"minecraft:firework_rocket":556,"minecraft:birch_fence_gate":1,"minecraft:dark_oak_log":424,"minecraft:bread":608,"minecraft:brown_wool":1,"minecraft:deepslate":268,"minecraft:gravel":54,"minecraft:golden_helmet":8,"minecraft:grindstone":5,"minecraft:andesite":34,"minecraft:coarse_dirt":8,"minecraft:bone_meal":618,"minecraft:golden_pickaxe":32,"minecraft:azalea":8,"minecraft:oak_fence":113,"minecraft:flint_and_steel":19,"minecraft:spruce_planks":241,"minecraft:ender_chest":1,"minecraft:stone_hoe":100,"minecraft:cooked_chicken":6,"minecraft:dirt":3375,"minecraft:spyglass":2,"minecraft:white_carpet":33,"minecraft:hopper":49,"minecraft:diamond_helmet":1,"minecraft:golden_chestplate":7,"minecraft:spruce_fence":44,"minecraft:granite":54,"minecraft:birch_door":4,"minecraft:dark_oak_planks":189,"minecraft:iron_hoe":486,"minecraft:stone_brick_slab":155,"minecraft:oak_stairs":39,"minecraft:iron_boots":7,"minecraft:golden_carrot":26,"minecraft:soul_soil":1,"minecraft:minecart":38,"minecraft:cooked_beef":40,"minecraft:light_gray_bed":2,"minecraft:pumpkin":1,"minecraft:iron_leggings":1,"minecraft:cooked_mutton":12,"minecraft:birch_boat":5,"minecraft:spruce_sign":2,"minecraft:stonecutter":4,"minecraft:cobblestone_slab":221,"minecraft:stripped_dark_oak_log":3,"minecraft:lime_bed":1,"minecraft:dark_oak_door":2,"minecraft:warped_planks":4,"minecraft:acacia_stairs":4,"minecraft:apple":28,"minecraft:map":1,"minecraft:stone_slab":90,"minecraft:golden_leggings":6,"minecraft:stone_axe":101,"minecraft:fishing_rod":52,"minecraft:bucket":1438,"minecraft:birch_stairs":64},"minecraft:custom":{"minecraft:interact_with_crafting_table":467,"minecraft:open_barrel":1,"minecraft:leave_game":171,"minecraft:time_since_death":1318,"minecraft:damage_blocked_by_shield":5360,"minecraft:play_time":4915333,"minecraft:deaths":48,"minecraft:jump":70308,"minecraft:interact_with_furnace":177,"minecraft:traded_with_villager":3134,"minecraft:interact_with_cartography_table":19,"minecraft:sleep_in_bed":247,"minecraft:damage_dealt":60561,"minecraft:horse_one_cm":166,"minecraft:interact_with_smithing_table":1,"minecraft:inspect_dropper":1,"minecraft:interact_with_anvil":31,"minecraft:inspect_hopper":28,"minecraft:sneak_time":460786,"minecraft:total_world_time":4915333,"minecraft:interact_with_stonecutter":32,"minecraft:time_since_rest":1354,"minecraft:swim_one_cm":1187935,"minecraft:fly_one_cm":16754402,"minecraft:open_chest":2931,"minecraft:fall_one_cm":1173506,"minecraft:animals_bred":9,"minecraft:open_shulker_box":16,"minecraft:sprint_one_cm":23098638,"minecraft:drop":481,"minecraft:talked_to_villager":1177,"minecraft:interact_with_brewingstand":2,"minecraft:walk_on_water_one_cm":430580,"minecraft:interact_with_loom":1,"minecraft:open_enderchest":113,"minecraft:player_kills":19,"minecraft:crouch_one_cm":1092364,"minecraft:mob_kills":441,"minecraft:fill_cauldron":2,"minecraft:climb_one_cm":483294,"minecraft:walk_one_cm":6897094,"minecraft:walk_under_water_one_cm":507308,"minecraft:boat_one_cm":369977,"minecraft:interact_with_grindstone":15,"minecraft:damage_taken":31391,"minecraft:aviate_one_cm":32522878},"minecraft:killed":{"minecraft:skeleton":38,"minecraft:fox":1,"minecraft:chicken":11,"minecraft:magma_cube":28,"minecraft:salmon":39,"minecraft:iron_golem":4,"minecraft:donkey":1,"minecraft:zombie":83,"minecraft:cow":53,"minecraft:endermite":2,"minecraft:horse":1,"minecraft:rabbit":2,"minecraft:polar_bear":2,"minecraft:enderman":1,"minecraft:spider":30,"minecraft:piglin":1,"minecraft:pig":40,"minecraft:zombie_villager":2,"minecraft:creeper":17,"minecraft:sheep":65,"minecraft:blaze":2,"minecraft:drowned":4,"minecraft:hoglin":1,"minecraft:squid":4,"minecraft:wither_skeleton":2,"minecraft:villager":1},"minecraft:dropped":{"minecraft:iron_sword":1,"minecraft:crafting_table":1,"minecraft:elytra":1,"minecraft:rail":10,"minecraft:red_mushroom":1,"minecraft:emerald":2,"minecraft:dirt":477,"minecraft:grass":6,"minecraft:dark_oak_trapdoor":4,"minecraft:gold_nugget":28,"minecraft:wooden_sword":1,"minecraft:bone_meal":6,"minecraft:sand":32,"minecraft:white_wool":3,"minecraft:bone":216,"minecraft:sugar_cane":1,"minecraft:golden_chestplate":3,"minecraft:cobbled_deepslate":3,"minecraft:wheat":6,"minecraft:obsidian":2,"minecraft:stripped_dark_oak_log":1,"minecraft:rotten_flesh":2,"minecraft:oak_planks":12,"minecraft:azure_bluet":1,"minecraft:salmon":2,"minecraft:coal_ore":78,"minecraft:acacia_sapling":2,"minecraft:leather_leggings":2,"minecraft:glass":1,"minecraft:beef":9,"minecraft:podzol":40,"minecraft:golden_boots":2,"minecraft:iron_ingot":10,"minecraft:netherite_pickaxe":2,"minecraft:wheat_seeds":269,"minecraft:mangrove_leaves":3,"minecraft:copper_block":65,"minecraft:tnt":25,"minecraft:polished_blackstone":2,"minecraft:netherite_chestplate":1,"minecraft:cobblestone":153,"minecraft:apple":3,"minecraft:granite":64,"minecraft:coal":6,"minecraft:golden_carrot":20,"minecraft:wooden_hoe":1,"minecraft:diamond_helmet":1,"minecraft:chipped_anvil":1,"minecraft:string":2,"minecraft:acacia_planks":8,"minecraft:moss_carpet":3,"minecraft:player_head":8,"minecraft:stone_sword":1,"minecraft:chicken":31,"minecraft:iron_boots":1,"minecraft:name_tag":1,"minecraft:diamond_sword":6,"minecraft:cobblestone_slab":64,"minecraft:stone":124,"minecraft:spruce_planks":15,"minecraft:diamond_pickaxe":14,"minecraft:wooden_shovel":1,"minecraft:bamboo":41,"minecraft:sandstone":14,"minecraft:moss_block":2,"minecraft:birch_planks":3,"minecraft:diamond_axe":1,"minecraft:oak_log":5,"minecraft:ender_pearl":12,"minecraft:leather":3,"minecraft:iron_horse_armor":1,"minecraft:dark_oak_log":6,"minecraft:birch_log":5,"minecraft:gold_ingot":48,"minecraft:gravel":8,"minecraft:diamond_shovel":7,"minecraft:cooked_mutton":4,"minecraft:carrot":141,"minecraft:gunpowder":11,"minecraft:azalea":2,"minecraft:arrow":63,"minecraft:written_book":1,"minecraft:netherrack":128,"minecraft:firework_rocket":17,"minecraft:water_bucket":2,"minecraft:bread":368,"minecraft:stripped_spruce_log":1,"minecraft:oak_slab":4,"minecraft:golden_helmet":2,"minecraft:minecart":2,"minecraft:diamond_leggings":3,"minecraft:grass_block":125,"minecraft:stick":28,"minecraft:iron_block":9,"minecraft:diorite":9,"minecraft:torch":17,"minecraft:iron_leggings":1,"minecraft:iron_axe":1,"minecraft:bucket":2,"minecraft:dandelion":8,"minecraft:gray_stained_glass":2,"minecraft:tuff":44,"minecraft:shulker_box":1,"minecraft:glass_pane":6,"minecraft:netherite_leggings":1,"minecraft:flint_and_steel":1,"minecraft:diamond_chestplate":5,"minecraft:iron_chestplate":1,"minecraft:golden_leggings":1,"minecraft:oak_sapling":10,"minecraft:diamond_boots":3,"minecraft:spruce_log":25,"minecraft:stone_pickaxe":1,"minecraft:wooden_pickaxe":1}},"DataVersion":3337}