{"stats":{"minecraft:crafted":{"minecraft:black_dye":75,"minecraft:smooth_stone":16,"minecraft:chainmail_helmet":3,"minecraft:end_stone_brick_wall":42,"minecraft:cactus":1,"minecraft:birch_slab":18,"minecraft:diamond_shovel":14,"minecraft:bookshelf":24,"minecraft:shulker_box":15,"minecraft:cooked_mutton":17,"minecraft:iron_bars":16,"minecraft:quartz_block":200,"minecraft:glass":2429,"minecraft:diamond_helmet":2,"minecraft:repeater":32,"minecraft:diamond_leggings":3,"minecraft:name_tag":1,"minecraft:flower_pot":8,"minecraft:glass_bottle":6,"minecraft:emerald":6497,"minecraft:cooked_porkchop":5,"minecraft:diamond_axe":6,"minecraft:acacia_slab":12,"minecraft:spruce_door":6,"minecraft:smithing_table":2,"minecraft:moss_block":2,"minecraft:copper_ingot":279,"minecraft:campfire":9,"minecraft:end_stone_brick_slab":232,"minecraft:lectern":3,"minecraft:golden_leggings":1,"minecraft:stone_slab":24,"minecraft:compass":32,"minecraft:iron_pickaxe":13,"minecraft:iron_block":2047,"minecraft:gold_ingot":177,"minecraft:netherite_ingot":6,"minecraft:composter":2,"minecraft:spruce_fence_gate":4,"minecraft:golden_carrot":501,"minecraft:stone_shovel":14,"minecraft:smooth_stone_slab":8,"minecraft:iron_nugget":9,"minecraft:diamond_hoe":1,"minecraft:experience_bottle":36,"minecraft:red_terracotta":104,"minecraft:bone_meal":219,"minecraft:spruce_fence":33,"minecraft:white_carpet":171,"minecraft:stone_stairs":60,"minecraft:lantern":96,"minecraft:diamond":18,"minecraft:spruce_stairs":264,"minecraft:polished_diorite":202,"minecraft:deepslate_brick_wall":6,"minecraft:black_concrete_powder":32,"minecraft:ladder":81,"minecraft:spruce_slab":168,"minecraft:red_shulker_box":1,"minecraft:stone_pickaxe":19,"minecraft:diamond_boots":7,"minecraft:quartz_slab":28,"minecraft:spruce_boat":2,"minecraft:redstone_block":44,"minecraft:dark_oak_planks":20,"minecraft:chainmail_leggings":3,"minecraft:wheat":108,"minecraft:coal_block":89,"minecraft:light_gray_terracotta":3,"minecraft:netherite_pickaxe":2,"minecraft:red_bed":1,"minecraft:gray_concrete_powder":544,"minecraft:deepslate_tiles":192,"minecraft:enchanted_book":37,"minecraft:cobblestone":139,"minecraft:flint":220,"minecraft:chainmail_boots":9,"minecraft:oak_stairs":160,"minecraft:iron_shovel":7,"minecraft:iron_leggings":11,"minecraft:white_bed":91,"minecraft:note_block":1,"minecraft:mangrove_slab":12,"minecraft:brick":428,"minecraft:grindstone":1,"minecraft:oak_planks":5972,"minecraft:cobblestone_slab":522,"minecraft:barrel":2,"minecraft:stone":106,"minecraft:quartz_pillar":8,"minecraft:suspicious_stew":2,"minecraft:warped_planks":4,"minecraft:green_dye":4,"minecraft:hopper":133,"minecraft:mangrove_fence":6,"minecraft:bow":4,"minecraft:iron_boots":4,"minecraft:raw_copper":243,"minecraft:comparator":32,"minecraft:chest":217,"minecraft:copper_block":31,"minecraft:chiseled_stone_bricks":28,"minecraft:rail":224,"minecraft:bricks":300,"minecraft:stone_hoe":1,"minecraft:stone_bricks":24,"minecraft:polished_diorite_slab":106,"minecraft:golden_boots":2,"minecraft:quartz_stairs":80,"minecraft:oak_slab":18,"minecraft:item_frame":6,"minecraft:arrow":192,"minecraft:map":9,"minecraft:crafting_table":11,"minecraft:spruce_planks":3268,"minecraft:iron_helmet":1,"minecraft:wooden_pickaxe":1,"minecraft:chainmail_chestplate":5,"minecraft:gold_block":15,"minecraft:birch_planks":810,"minecraft:white_stained_glass_pane":16,"minecraft:apple":16,"minecraft:tnt":268,"minecraft:spruce_trapdoor":108,"minecraft:string":8479,"minecraft:book":50,"minecraft:paper":944,"minecraft:diamond_pickaxe":12,"minecraft:emerald_block":323,"minecraft:shield":1,"minecraft:birch_fence":24,"minecraft:stick":16639,"minecraft:light_blue_dye":32,"minecraft:iron_ingot":10585,"minecraft:stone_sword":1,"minecraft:light_blue_stained_glass":96,"minecraft:redstone_torch":192,"minecraft:deepslate_bricks":384,"minecraft:shears":17,"minecraft:deepslate_tile_slab":132,"minecraft:cookie":144,"minecraft:mangrove_propagule":2,"minecraft:redstone":120,"minecraft:coal":354,"minecraft:stone_brick_wall":12,"minecraft:spruce_button":25,"minecraft:stone_button":4,"minecraft:furnace":6,"minecraft:blast_furnace":2,"minecraft:gray_dye":136,"minecraft:oak_trapdoor":48,"minecraft:diamond_block":2,"minecraft:glass_pane":5097,"minecraft:end_stone_bricks":160,"minecraft:flint_and_steel":3,"minecraft:white_concrete_powder":256,"minecraft:polished_deepslate":576,"minecraft:iron_axe":13,"minecraft:spruce_wood":124,"minecraft:iron_hoe":1,"minecraft:cobblestone_wall":6,"minecraft:netherite_scrap":24,"minecraft:minecart":4,"minecraft:cooked_beef":8,"minecraft:red_dye":3,"minecraft:cyan_concrete_powder":64,"minecraft:bone_block":16,"minecraft:light_blue_stained_glass_pane":256,"minecraft:diamond_sword":5,"minecraft:cyan_dye":8,"minecraft:spruce_sign":15,"minecraft:iron_sword":5,"minecraft:ice":9,"minecraft:mangrove_planks":156,"minecraft:bucket":57,"minecraft:stone_axe":14,"minecraft:amethyst_block":20,"minecraft:air":0,"minecraft:bread":439,"minecraft:blue_dye":24,"minecraft:oak_boat":5,"minecraft:white_wool":119,"minecraft:white_dye":121,"minecraft:netherite_shovel":1,"minecraft:anvil":4,"minecraft:stonecutter":2,"minecraft:acacia_planks":34,"minecraft:torch":344,"minecraft:lapis_lazuli":243,"minecraft:lapis_block":57,"minecraft:diamond_chestplate":2,"minecraft:firework_rocket":477},"minecraft:mined":{"minecraft:dark_oak_planks":23,"minecraft:dragon_wall_head":4,"minecraft:red_shulker_box":20,"minecraft:white_bed":40,"minecraft:obsidian":92,"minecraft:carved_pumpkin":2,"minecraft:granite":289,"minecraft:red_sand":457,"minecraft:acacia_log":14,"minecraft:deepslate_tile_wall":1,"minecraft:stone_brick_wall":1,"minecraft:brown_wool":1,"minecraft:deepslate_bricks":19,"minecraft:hopper":74,"minecraft:nether_wart":4,"minecraft:polished_blackstone_bricks":4,"minecraft:cobbled_deepslate":331,"minecraft:barrel":1,"minecraft:fire":313,"minecraft:moss_carpet":23,"minecraft:pumpkin":19,"minecraft:deepslate_lapis_ore":29,"minecraft:fletching_table":22,"minecraft:enchanting_table":7,"minecraft:oak_sign":1,"minecraft:water_cauldron":5,"minecraft:dirt_path":153,"minecraft:quartz_slab":1,"minecraft:oak_stairs":88,"minecraft:light_gray_concrete":4,"minecraft:spruce_wood":57,"minecraft:white_banner":1,"minecraft:iron_block":201,"minecraft:player_head":3,"minecraft:tripwire":7,"minecraft:brown_mushroom":1,"minecraft:red_bed":2,"minecraft:player_wall_head":4,"minecraft:deepslate_brick_wall":92,"minecraft:amethyst_cluster":22,"minecraft:deepslate_tile_slab":266,"minecraft:torch":30,"minecraft:blast_furnace":2,"minecraft:oxidized_copper":37,"minecraft:melon":6,"minecraft:dead_bush":6,"minecraft:spruce_wall_sign":2,"minecraft:polished_diorite_slab":3,"minecraft:glass":101,"minecraft:sugar_cane":613,"minecraft:damaged_anvil":1,"minecraft:bricks":18,"minecraft:spruce_sign":2,"minecraft:amethyst_block":8,"minecraft:birch_sapling":2,"minecraft:white_terracotta":100,"minecraft:repeater":2,"minecraft:wheat":809,"minecraft:stone_brick_stairs":2,"minecraft:copper_block":10,"minecraft:grass":936,"minecraft:loom":1,"minecraft:mangrove_log":85,"minecraft:smooth_basalt":4,"minecraft:acacia_sign":1,"minecraft:red_mushroom_block":3,"minecraft:deepslate":6219,"minecraft:light_blue_stained_glass_pane":4,"minecraft:yellow_terracotta":227,"minecraft:mossy_cobblestone":9,"minecraft:stripped_birch_log":8,"minecraft:end_stone":199,"minecraft:shulker_box":383,"minecraft:dark_oak_fence":2,"minecraft:spruce_fence":58,"minecraft:redstone_wire":5,"minecraft:red_mushroom":1,"minecraft:cartography_table":12,"minecraft:moss_block":18,"minecraft:redstone_ore":13,"minecraft:andesite":140,"minecraft:potatoes":6,"minecraft:vine":7,"minecraft:cobblestone_slab":67,"minecraft:cyan_concrete":64,"minecraft:rail":286,"minecraft:warped_stem":2,"minecraft:bamboo":706,"minecraft:white_wool":183,"minecraft:ender_chest":31,"minecraft:smithing_table":2,"minecraft:oak_slab":9,"minecraft:redstone_block":1,"minecraft:gray_concrete":543,"minecraft:glass_pane":15,"minecraft:comparator":4,"minecraft:soul_sand":1,"minecraft:dandelion":212,"minecraft:cornflower":54,"minecraft:emerald_ore":23,"minecraft:campfire":3,"minecraft:copper_ore":73,"minecraft:tall_grass":164,"minecraft:deepslate_gold_ore":26,"minecraft:diorite":283,"minecraft:warped_wart_block":6,"minecraft:red_terracotta":183,"minecraft:white_carpet":8,"minecraft:spruce_log":2233,"minecraft:birch_leaves":2,"minecraft:mangrove_leaves":132,"minecraft:gravel":1157,"minecraft:brown_terracotta":128,"minecraft:spruce_fence_gate":1,"minecraft:stone_bricks":29,"minecraft:gold_ore":15,"minecraft:chipped_anvil":1,"minecraft:fern":3,"minecraft:spruce_planks":166,"minecraft:farmland":3,"minecraft:oak_sapling":13,"minecraft:end_stone_brick_wall":13,"minecraft:brewing_stand":1,"minecraft:spruce_trapdoor":49,"minecraft:budding_amethyst":7,"minecraft:grass_block":13597,"minecraft:mangrove_fence":6,"minecraft:white_concrete":323,"minecraft:polished_diorite":47,"minecraft:composter":5,"minecraft:glowstone":15,"minecraft:iron_ore":78,"minecraft:dragon_head":1,"minecraft:anvil":1,"minecraft:azure_bluet":50,"minecraft:pointed_dripstone":2,"minecraft:azalea":8,"minecraft:end_stone_bricks":4,"minecraft:spruce_slab":100,"minecraft:deepslate_redstone_ore":121,"minecraft:quartz_block":9,"minecraft:blackstone":2957,"minecraft:exposed_copper":7,"minecraft:twisting_vines_plant":1,"minecraft:orange_terracotta":130,"minecraft:clay":37,"minecraft:light_gray_terracotta":65,"minecraft:calcite":2,"minecraft:poppy":4,"minecraft:beacon":1,"minecraft:chest":76,"minecraft:nether_quartz_ore":290,"minecraft:cobblestone":1750,"minecraft:oak_planks":63,"minecraft:wall_torch":12,"minecraft:deepslate_copper_ore":5,"minecraft:stone_stairs":13,"minecraft:warped_nylium":3,"minecraft:dark_oak_slab":1,"minecraft:warped_planks":7,"minecraft:birch_log":219,"minecraft:tnt":17,"minecraft:smooth_stone_slab":1,"minecraft:yellow_stained_glass_pane":2,"minecraft:oak_log":1815,"minecraft:sand":1882,"minecraft:dirt":12632,"minecraft:crimson_planks":1,"minecraft:netherrack":5754,"minecraft:ancient_debris":28,"minecraft:oak_leaves":552,"minecraft:emerald_block":1,"minecraft:nether_gold_ore":78,"minecraft:tuff":623,"minecraft:quartz_stairs":27,"minecraft:oak_door":1,"minecraft:dark_oak_leaves":3,"minecraft:deepslate_diamond_ore":47,"minecraft:mangrove_roots":91,"minecraft:lever":3,"minecraft:ladder":1,"minecraft:stone_button":1,"minecraft:weathered_copper":2,"minecraft:spruce_leaves":489,"minecraft:mangrove_propagule":9,"minecraft:hay_block":12,"minecraft:oak_trapdoor":9,"minecraft:spruce_sapling":19,"minecraft:furnace":1,"minecraft:carrots":215,"minecraft:stripped_spruce_log":167,"minecraft:peony":1,"minecraft:polished_deepslate":10,"minecraft:bookshelf":21,"minecraft:shroomlight":1,"minecraft:deepslate_iron_ore":9,"minecraft:lantern":1,"minecraft:stripped_oak_log":139,"minecraft:packed_ice":68,"minecraft:stone":35030,"minecraft:redstone_wall_torch":5,"minecraft:podzol":91,"minecraft:acacia_leaves":3,"minecraft:flowering_azalea":2,"minecraft:stripped_dark_oak_log":6,"minecraft:spruce_door":1,"minecraft:oak_fence":10,"minecraft:crafting_table":17,"minecraft:rose_bush":2,"minecraft:lectern":72,"minecraft:stone_slab":4,"minecraft:lapis_ore":10,"minecraft:sculk":4,"minecraft:spruce_stairs":16,"minecraft:birch_planks":8,"minecraft:cactus":1,"minecraft:end_stone_brick_stairs":17,"minecraft:polished_blackstone_slab":6,"minecraft:redstone_torch":3,"minecraft:sweet_berry_bush":101,"minecraft:ice":2,"minecraft:bee_nest":1,"minecraft:yellow_bed":4,"minecraft:mangrove_slab":1,"minecraft:coal_ore":712,"minecraft:cocoa":3,"minecraft:cracked_stone_bricks":1,"minecraft:terracotta":340},"minecraft:custom":{"minecraft:interact_with_crafting_table":862,"minecraft:open_barrel":473,"minecraft:bell_ring":20,"minecraft:leave_game":108,"minecraft:time_since_death":122345,"minecraft:damage_blocked_by_shield":250,"minecraft:play_time":5615732,"minecraft:deaths":84,"minecraft:jump":86354,"minecraft:enchant_item":71,"minecraft:interact_with_furnace":345,"minecraft:traded_with_villager":5719,"minecraft:interact_with_cartography_table":1,"minecraft:sleep_in_bed":248,"minecraft:damage_dealt":53271,"minecraft:interact_with_smoker":3,"minecraft:interact_with_smithing_table":10,"minecraft:use_cauldron":5,"minecraft:horse_one_cm":47115,"minecraft:inspect_dropper":8,"minecraft:interact_with_anvil":143,"minecraft:inspect_hopper":290,"minecraft:sneak_time":352732,"minecraft:interact_with_blast_furnace":4,"minecraft:total_world_time":5615732,"minecraft:tune_noteblock":17,"minecraft:interact_with_stonecutter":39,"minecraft:time_since_rest":21523,"minecraft:swim_one_cm":570969,"minecraft:fly_one_cm":21758575,"minecraft:open_chest":3062,"minecraft:fall_one_cm":2021395,"minecraft:animals_bred":178,"minecraft:open_shulker_box":1222,"minecraft:sprint_one_cm":11214704,"minecraft:drop":2175,"minecraft:talked_to_villager":2283,"minecraft:interact_with_brewingstand":5,"minecraft:walk_on_water_one_cm":299405,"minecraft:interact_with_loom":5,"minecraft:open_enderchest":858,"minecraft:interact_with_beacon":11,"minecraft:player_kills":21,"minecraft:crouch_one_cm":802783,"minecraft:mob_kills":12887,"minecraft:climb_one_cm":216002,"minecraft:walk_one_cm":13291541,"minecraft:raid_win":1,"minecraft:walk_under_water_one_cm":531207,"minecraft:boat_one_cm":164994,"minecraft:pot_flower":9,"minecraft:interact_with_grindstone":76,"minecraft:damage_taken":63027,"minecraft:aviate_one_cm":18118979},"minecraft:picked_up":{"minecraft:iron_chestplate":13,"minecraft:chainmail_boots":5,"minecraft:anvil":1,"minecraft:lead":5,"minecraft:smithing_table":2,"minecraft:stone_slab":5,"minecraft:diamond_sword":18,"minecraft:oak_stairs":92,"minecraft:enchanted_book":10,"minecraft:brewing_stand":1,"minecraft:golden_sword":2,"minecraft:amethyst_block":24,"minecraft:string":238,"minecraft:shroomlight":17,"minecraft:diamond_leggings":28,"minecraft:gold_nugget":696,"minecraft:cobbled_deepslate":3816,"minecraft:spruce_planks":502,"minecraft:acacia_sign":4,"minecraft:written_book":2,"minecraft:flower_banner_pattern":1,"minecraft:melon_slice":43,"minecraft:coal_block":44,"minecraft:mangrove_log":80,"minecraft:golden_helmet":9,"minecraft:composter":7,"minecraft:acacia_log":23,"minecraft:warped_planks":5,"minecraft:golden_chestplate":1,"minecraft:rabbit_foot":2,"minecraft:cauldron":6,"minecraft:black_dye":2,"minecraft:stone_sword":8,"minecraft:blue_dye":17,"minecraft:iron_block":966,"minecraft:carved_pumpkin":3,"minecraft:glowstone":24,"minecraft:bookshelf":3,"minecraft:white_terracotta":98,"minecraft:netherite_chestplate":1,"minecraft:iron_bars":24,"minecraft:birch_log":298,"minecraft:oxidized_copper":82,"minecraft:polished_diorite_slab":6,"minecraft:feather":2,"minecraft:cooked_beef":88,"minecraft:water_bucket":42,"minecraft:copper_block":10,"minecraft:flint":115,"minecraft:gray_concrete":762,"minecraft:cyan_concrete_powder":17,"minecraft:mangrove_slab":2,"minecraft:lantern":84,"minecraft:gray_concrete_powder":86,"minecraft:twisting_vines":10,"minecraft:chipped_anvil":1,"minecraft:diamond_helmet":25,"minecraft:moss_block":18,"minecraft:honeycomb":3,"minecraft:warped_wart_block":21,"minecraft:stripped_spruce_log":177,"minecraft:loom":1,"minecraft:dark_oak_log":30,"minecraft:red_terracotta":206,"minecraft:barrel":1,"minecraft:iron_hoe":3,"minecraft:black_concrete_powder":2,"minecraft:deepslate":2019,"minecraft:lever":18,"minecraft:writable_book":4,"minecraft:deepslate_gold_ore":2,"minecraft:granite":126,"minecraft:chainmail_helmet":5,"minecraft:bread":145,"minecraft:cyan_dye":4,"minecraft:dark_oak_fence":51,"minecraft:bricks":14,"minecraft:diamond_pickaxe":54,"minecraft:spruce_leaves":246,"minecraft:crafting_table":55,"minecraft:bee_nest":1,"minecraft:nether_wart":15,"minecraft:clay_ball":148,"minecraft:dragon_head":9,"minecraft:stripped_mangrove_log":1,"minecraft:cornflower":281,"minecraft:red_bed":4,"minecraft:elytra":13,"minecraft:flint_and_steel":12,"minecraft:compass":4,"minecraft:white_carpet":16,"minecraft:iron_shovel":2,"minecraft:glass_pane":316,"minecraft:cracked_stone_bricks":6,"minecraft:cartography_table":13,"minecraft:beef":53,"minecraft:iron_nugget":2,"minecraft:poppy":21,"minecraft:spruce_slab":70,"minecraft:minecart":18,"minecraft:quartz_stairs":35,"minecraft:chest":99,"minecraft:birch_sapling":105,"minecraft:diamond_hoe":5,"minecraft:raw_copper_block":27,"minecraft:egg":4,"minecraft:copper_ore":94,"minecraft:stone":8010,"minecraft:oak_door":7,"minecraft:amethyst_cluster":11,"minecraft:spruce_fence":73,"minecraft:white_dye":44,"minecraft:carrot":1406,"minecraft:redstone":832,"minecraft:netherite_pickaxe":19,"minecraft:tnt":54,"minecraft:stone_shovel":13,"minecraft:diamond_chestplate":23,"minecraft:peony":1,"minecraft:shears":20,"minecraft:deepslate_bricks":6,"minecraft:diamond_boots":33,"minecraft:purpur_slab":4,"minecraft:hay_block":12,"minecraft:yellow_terracotta":225,"minecraft:gold_ingot":8,"minecraft:mutton":34,"minecraft:emerald_ore":10,"minecraft:white_wool":3207,"minecraft:rail":344,"minecraft:oxeye_daisy":5,"minecraft:stripped_oak_log":151,"minecraft:fern":2,"minecraft:red_mushroom_block":3,"minecraft:red_mushroom":2,"minecraft:filled_map":25,"minecraft:oak_log":1918,"minecraft:ancient_debris":35,"minecraft:golden_boots":5,"minecraft:paper":146,"minecraft:white_banner":6,"minecraft:apple":100,"minecraft:stone_bricks":41,"minecraft:warped_stem":8,"minecraft:stone_pickaxe":9,"minecraft:iron_ore":3,"minecraft:glass_bottle":3,"minecraft:mangrove_planks":4,"minecraft:iron_sword":11,"minecraft:flowering_azalea":1,"minecraft:dark_oak_slab":1,"minecraft:sweet_berries":2494,"minecraft:spyglass":4,"minecraft:weathered_copper":2,"minecraft:gravel":1041,"minecraft:spruce_sapling":588,"minecraft:spruce_log":2893,"minecraft:dragon_egg":5,"minecraft:firework_rocket":1399,"minecraft:diamond_shovel":15,"minecraft:coal_ore":293,"minecraft:purple_bed":1,"minecraft:polished_diorite":162,"minecraft:stone_axe":10,"minecraft:diamond_axe":14,"minecraft:deepslate_redstone_ore":13,"minecraft:gray_wool":17,"minecraft:warped_nylium":2,"minecraft:mangrove_propagule":21,"minecraft:pink_dye":1,"minecraft:hopper":177,"minecraft:ender_pearl":3927,"minecraft:shulker_shell":36,"minecraft:wheat":807,"minecraft:exposed_copper":9,"minecraft:redstone_block":11,"minecraft:ender_chest":35,"minecraft:iron_trapdoor":10,"minecraft:stone_brick_stairs":7,"minecraft:lapis_block":53,"minecraft:raw_copper":149,"minecraft:smooth_stone_slab":8,"minecraft:iron_leggings":23,"minecraft:netherite_ingot":1,"minecraft:deepslate_tiles":64,"minecraft:red_sand":471,"minecraft:smooth_stone":6,"minecraft:comparator":33,"minecraft:bucket":282,"minecraft:red_dye":2,"minecraft:rose_bush":2,"minecraft:redstone_torch":41,"minecraft:cobblestone_slab":606,"minecraft:ender_eye":8,"minecraft:calcite":2,"minecraft:azalea":8,"minecraft:iron_pickaxe":5,"minecraft:deepslate_tile_wall":65,"minecraft:iron_boots":7,"minecraft:furnace":3,"minecraft:tipped_arrow":2,"minecraft:stick":1522,"minecraft:deepslate_brick_wall":327,"minecraft:brown_terracotta":128,"minecraft:oak_fence":6,"minecraft:torch":417,"minecraft:spruce_stairs":14,"minecraft:porkchop":10,"minecraft:netherite_shovel":4,"minecraft:pointed_dripstone":5,"minecraft:diorite":554,"minecraft:quartz_block":83,"minecraft:nether_gold_ore":11,"minecraft:cactus":65,"minecraft:rotten_flesh":246,"minecraft:mangrove_roots":91,"minecraft:obsidian":112,"minecraft:cobblestone":12074,"minecraft:enchanting_table":7,"minecraft:repeater":2,"minecraft:andesite":102,"minecraft:beacon":1,"minecraft:potato":39,"minecraft:tuff":797,"minecraft:lapis_lazuli":953,"minecraft:dirt":9319,"minecraft:stripped_birch_log":12,"minecraft:mangrove_fence":7,"minecraft:glass":287,"minecraft:bone":140,"minecraft:acacia_planks":6,"minecraft:bow":14,"minecraft:wheat_seeds":2796,"minecraft:crimson_fence_gate":2,"minecraft:raw_gold":58,"minecraft:light_blue_dye":2,"minecraft:fletching_table":23,"minecraft:bamboo":6988,"minecraft:cyan_concrete":64,"minecraft:oak_planks":336,"minecraft:stone_hoe":2,"minecraft:polished_blackstone_slab":18,"minecraft:sand":2160,"minecraft:grass_block":4713,"minecraft:shulker_box":400,"minecraft:mossy_cobblestone":13,"minecraft:light_gray_concrete":1,"minecraft:light_gray_terracotta":71,"minecraft:spruce_fence_gate":5,"minecraft:clay":3,"minecraft:diamond":211,"minecraft:spruce_boat":6,"minecraft:black_concrete":96,"minecraft:yellow_stained_glass_pane":2,"minecraft:crossbow":1,"minecraft:grass":7,"minecraft:bone_meal":2589,"minecraft:golden_apple":1,"minecraft:white_concrete":362,"minecraft:spruce_sign":9,"minecraft:emerald":1034,"minecraft:oak_sapling":1378,"minecraft:netherrack":6490,"minecraft:oak_leaves":41,"minecraft:end_stone_bricks":14,"minecraft:cocoa_beans":35,"minecraft:end_stone_brick_stairs":33,"minecraft:azure_bluet":53,"minecraft:chicken":1,"minecraft:ladder":13,"minecraft:brown_mushroom":45,"minecraft:packed_ice":63,"minecraft:wooden_pickaxe":1,"minecraft:stone_brick_wall":4,"minecraft:cooked_rabbit":6,"minecraft:gold_block":7,"minecraft:chain":14,"minecraft:brick":632,"minecraft:shield":4,"minecraft:end_stone_brick_wall":17,"minecraft:oak_trapdoor":50,"minecraft:stone_stairs":13,"minecraft:moss_carpet":53,"minecraft:iron_axe":8,"minecraft:item_frame":9,"minecraft:quartz_slab":6,"minecraft:birch_fence":4,"minecraft:blackstone":3216,"minecraft:oak_boat":30,"minecraft:player_head":116,"minecraft:light_gray_wool":28,"minecraft:lectern":74,"minecraft:sugar_cane":1183,"minecraft:spruce_trapdoor":85,"minecraft:phantom_membrane":6,"minecraft:dark_oak_sapling":10,"minecraft:raw_iron":199,"minecraft:end_stone":254,"minecraft:copper_ingot":3,"minecraft:bowl":2,"minecraft:note_block":1,"minecraft:gray_dye":196,"minecraft:polished_blackstone_bricks":9,"minecraft:stone_button":5,"minecraft:dark_oak_planks":19,"minecraft:arrow":496,"minecraft:red_shulker_box":20,"minecraft:light_blue_stained_glass_pane":132,"minecraft:pumpkin_pie":4,"minecraft:saddle":3,"minecraft:netherite_boots":1,"minecraft:purple_dye":4,"minecraft:golden_carrot":412,"minecraft:glow_ink_sac":20,"minecraft:leather":72,"minecraft:birch_planks":72,"minecraft:ice":8,"minecraft:chainmail_chestplate":8,"minecraft:yellow_bed":7,"minecraft:gunpowder":660,"minecraft:deepslate_tile_slab":108,"minecraft:orange_terracotta":130,"minecraft:cooked_mutton":9,"minecraft:podzol":242,"minecraft:rabbit_hide":7,"minecraft:spruce_wood":77,"minecraft:iron_ingot":22842,"minecraft:acacia_sapling":13,"minecraft:soul_sand":4,"minecraft:book":75,"minecraft:oak_slab":16,"minecraft:warped_fungus":8,"minecraft:nether_quartz_ore":47,"minecraft:emerald_block":79,"minecraft:birch_boat":3,"minecraft:pumpkin":20,"minecraft:quartz":848,"minecraft:dandelion":475,"minecraft:amethyst_shard":123,"minecraft:blast_furnace":2,"minecraft:white_bed":47,"minecraft:gold_ore":4,"minecraft:spruce_door":4,"minecraft:spider_eye":18,"minecraft:pumpkin_seeds":18,"minecraft:white_concrete_powder":6,"minecraft:campfire":4,"minecraft:chainmail_leggings":2,"minecraft:iron_helmet":12,"minecraft:terracotta":337,"minecraft:acacia_slab":12,"minecraft:black_wool":46,"minecraft:end_stone_brick_slab":32,"minecraft:coal":1459},"minecraft:used":{"minecraft:peony":1,"minecraft:moss_block":19,"minecraft:writable_book":4,"minecraft:ladder":65,"minecraft:spruce_slab":97,"minecraft:elytra":2,"minecraft:poppy":321,"minecraft:chest":120,"minecraft:stone":3374,"minecraft:quartz_stairs":108,"minecraft:rotten_flesh":13,"minecraft:soul_sand":2,"minecraft:weathered_copper":2,"minecraft:acacia_sapling":2,"minecraft:stripped_spruce_log":169,"minecraft:azure_bluet":41,"minecraft:spruce_boat":6,"minecraft:packed_ice":1,"minecraft:lava_bucket":3,"minecraft:netherite_shovel":4268,"minecraft:grass_block":3751,"minecraft:birch_sapling":28,"minecraft:quartz_block":46,"minecraft:copper_ore":2,"minecraft:stone_brick_stairs":1,"minecraft:stripped_mangrove_log":1,"minecraft:bow":17,"minecraft:sweet_berries":1334,"minecraft:furnace":5,"minecraft:oak_sapling":510,"minecraft:mangrove_slab":78,"minecraft:end_stone_brick_stairs":33,"minecraft:egg":3,"minecraft:potato":6,"minecraft:dragon_head":6,"minecraft:deepslate_brick_wall":133,"minecraft:emerald_ore":6,"minecraft:diorite":14,"minecraft:spruce_door":4,"minecraft:stripped_birch_log":8,"minecraft:blackstone":23,"minecraft:cactus":5,"minecraft:wooden_pickaxe":7,"minecraft:composter":7,"minecraft:cookie":128,"minecraft:oak_leaves":17,"minecraft:golden_apple":1,"minecraft:sand":4,"minecraft:blast_furnace":4,"minecraft:gray_concrete":525,"minecraft:black_concrete_powder":34,"minecraft:birch_fence":20,"minecraft:birch_slab":6,"minecraft:stone_button":4,"minecraft:lectern":74,"minecraft:red_terracotta":280,"minecraft:diamond_sword":1672,"minecraft:smithing_table":4,"minecraft:dark_oak_fence":20,"minecraft:birch_log":44,"minecraft:ice":1,"minecraft:oak_boat":14,"minecraft:oak_trapdoor":44,"minecraft:enchanting_table":7,"minecraft:stone_sword":183,"minecraft:acacia_log":1,"minecraft:mangrove_fence":13,"minecraft:netherrack":1936,"minecraft:torch":347,"minecraft:dragon_egg":1,"minecraft:brewing_stand":1,"minecraft:anvil":4,"minecraft:ancient_debris":1,"minecraft:wheat":2,"minecraft:nether_quartz_ore":47,"minecraft:chainmail_chestplate":4,"minecraft:stone_stairs":69,"minecraft:polished_diorite":55,"minecraft:shroomlight":4,"minecraft:red_shulker_box":20,"minecraft:flowering_azalea":1,"minecraft:chipped_anvil":1,"minecraft:iron_block":359,"minecraft:iron_axe":2259,"minecraft:spruce_button":25,"minecraft:barrel":3,"minecraft:bamboo":42,"minecraft:diamond_chestplate":11,"minecraft:glowstone":6,"minecraft:beef":3,"minecraft:oxidized_copper":24,"minecraft:podzol":2,"minecraft:cobbled_deepslate":547,"minecraft:acacia_planks":1,"minecraft:orange_terracotta":87,"minecraft:pointed_dripstone":4,"minecraft:wheat_seeds":1781,"minecraft:water_bucket":666,"minecraft:warped_stem":2,"minecraft:birch_planks":69,"minecraft:cartography_table":11,"minecraft:cauldron":2,"minecraft:glow_ink_sac":1,"minecraft:fletching_table":21,"minecraft:spruce_fence_gate":5,"minecraft:gold_ore":4,"minecraft:deepslate_bricks":4,"minecraft:cracked_stone_bricks":5,"minecraft:mossy_cobblestone":2,"minecraft:rail":492,"minecraft:comparator":10,"minecraft:red_bed":4,"minecraft:tnt":540,"minecraft:crafting_table":25,"minecraft:white_bed":97,"minecraft:campfire":12,"minecraft:spruce_log":852,"minecraft:deepslate_tile_wall":1,"minecraft:oak_log":251,"minecraft:amethyst_cluster":1,"minecraft:ender_eye":8,"minecraft:diamond_pickaxe":15573,"minecraft:cornflower":22,"minecraft:oxeye_daisy":1,"minecraft:diamond_shovel":23116,"minecraft:acacia_sign":1,"minecraft:mangrove_propagule":4,"minecraft:iron_pickaxe":3254,"minecraft:suspicious_stew":2,"minecraft:spruce_trapdoor":82,"minecraft:spruce_sapling":290,"minecraft:cobblestone":4095,"minecraft:potion":31,"minecraft:purple_bed":1,"minecraft:cooked_porkchop":5,"minecraft:porkchop":2,"minecraft:glass_pane":59,"minecraft:stripped_oak_log":138,"minecraft:dandelion":169,"minecraft:diamond_leggings":9,"minecraft:moss_carpet":45,"minecraft:light_blue_stained_glass_pane":230,"minecraft:red_sand":531,"minecraft:iron_shovel":1224,"minecraft:diamond_hoe":31,"minecraft:white_concrete_powder":262,"minecraft:shield":6,"minecraft:white_terracotta":44,"minecraft:iron_sword":809,"minecraft:nether_wart":4,"minecraft:grass":4,"minecraft:player_head":17,"minecraft:iron_chestplate":3,"minecraft:spruce_leaves":128,"minecraft:mutton":2,"minecraft:carrot":517,"minecraft:deepslate_tile_slab":146,"minecraft:tuff":33,"minecraft:obsidian":41,"minecraft:glass":183,"minecraft:quartz_slab":30,"minecraft:coal_ore":4,"minecraft:mangrove_log":16,"minecraft:bricks":93,"minecraft:spruce_wood":105,"minecraft:lantern":34,"minecraft:iron_helmet":1,"minecraft:gray_concrete_powder":567,"minecraft:stone_bricks":92,"minecraft:item_frame":10,"minecraft:repeater":5,"minecraft:mangrove_roots":17,"minecraft:written_book":3,"minecraft:golden_boots":1,"minecraft:diamond_boots":12,"minecraft:stone_pickaxe":1903,"minecraft:oak_planks":306,"minecraft:polished_diorite_slab":107,"minecraft:ender_pearl":543,"minecraft:chainmail_helmet":4,"minecraft:redstone_block":1,"minecraft:end_stone_brick_slab":21,"minecraft:sugar_cane":82,"minecraft:diamond_axe":4095,"minecraft:white_wool":378,"minecraft:yellow_terracotta":87,"minecraft:loom":1,"minecraft:light_gray_terracotta":21,"minecraft:deepslate_redstone_ore":13,"minecraft:stone_brick_wall":10,"minecraft:note_block":1,"minecraft:end_stone":5,"minecraft:shears":362,"minecraft:exposed_copper":8,"minecraft:redstone_torch":16,"minecraft:firework_rocket":457,"minecraft:dark_oak_log":4,"minecraft:melon_slice":14,"minecraft:bread":67,"minecraft:string":6,"minecraft:deepslate":392,"minecraft:gravel":2,"minecraft:golden_helmet":5,"minecraft:chainmail_boots":3,"minecraft:andesite":103,"minecraft:grindstone":1,"minecraft:chain":6,"minecraft:air":27,"minecraft:smooth_stone_slab":8,"minecraft:white_concrete":322,"minecraft:bone_meal":531,"minecraft:experience_bottle":26,"minecraft:oak_fence":4,"minecraft:azalea":8,"minecraft:rose_bush":2,"minecraft:flint_and_steel":222,"minecraft:stone_shovel":791,"minecraft:redstone":25,"minecraft:spruce_planks":256,"minecraft:ender_chest":32,"minecraft:stone_hoe":18,"minecraft:deepslate_gold_ore":2,"minecraft:oak_door":1,"minecraft:end_stone_brick_wall":51,"minecraft:dirt":4355,"minecraft:spyglass":5,"minecraft:white_carpet":99,"minecraft:hopper":110,"minecraft:spruce_stairs":194,"minecraft:cobblestone_wall":2,"minecraft:diamond_helmet":10,"minecraft:shulker_box":387,"minecraft:bee_nest":1,"minecraft:spruce_fence":52,"minecraft:granite":2,"minecraft:brown_terracotta":102,"minecraft:iron_hoe":52,"minecraft:dark_oak_planks":142,"minecraft:bookshelf":22,"minecraft:oak_stairs":124,"minecraft:iron_boots":1,"minecraft:golden_carrot":364,"minecraft:emerald_block":1,"minecraft:white_stained_glass_pane":16,"minecraft:minecart":15,"minecraft:netherite_pickaxe":38973,"minecraft:cyan_concrete_powder":81,"minecraft:cooked_beef":61,"minecraft:pumpkin":3,"minecraft:iron_leggings":4,"minecraft:cooked_mutton":19,"minecraft:glass_bottle":33,"minecraft:copper_block":41,"minecraft:spruce_sign":11,"minecraft:beacon":1,"minecraft:stonecutter":2,"minecraft:cobblestone_slab":881,"minecraft:stripped_dark_oak_log":4,"minecraft:terracotta":222,"minecraft:yellow_stained_glass_pane":2,"minecraft:warped_planks":3,"minecraft:nether_gold_ore":11,"minecraft:flower_pot":8,"minecraft:black_wool":4,"minecraft:apple":62,"minecraft:map":9,"minecraft:stone_slab":23,"minecraft:stone_axe":1253,"minecraft:white_banner":2,"minecraft:bucket":704,"minecraft:yellow_bed":3,"minecraft:smooth_stone":6},"minecraft:killed_by":{"minecraft:vindicator":3,"minecraft:zombie":2,"minecraft:ender_dragon":3,"minecraft:zombified_piglin":1,"minecraft:creeper":1,"minecraft:player":33,"minecraft:enderman":6,"minecraft:iron_golem":2,"minecraft:hoglin":1,"minecraft:skeleton":2},"minecraft:killed":{"minecraft:skeleton":10,"minecraft:chicken":1,"minecraft:iron_golem":2,"minecraft:ender_dragon":1,"minecraft:pillager":9,"minecraft:zombie":16,"minecraft:glow_squid":2,"minecraft:cow":11,"minecraft:endermite":6,"minecraft:vindicator":3,"minecraft:rabbit":4,"minecraft:wandering_trader":1,"minecraft:enderman":12749,"minecraft:zombified_piglin":10,"minecraft:witch":1,"minecraft:spider":19,"minecraft:piglin":2,"minecraft:pig":4,"minecraft:creeper":5,"minecraft:sheep":17,"minecraft:trader_llama":2,"minecraft:drowned":2,"minecraft:villager":1},"minecraft:broken":{"minecraft:golden_boots":1,"minecraft:shears":4,"minecraft:diamond_shovel":1,"minecraft:iron_sword":2,"minecraft:stone_sword":2,"minecraft:iron_axe":7,"minecraft:iron_pickaxe":13,"minecraft:golden_helmet":1,"minecraft:iron_shovel":4,"minecraft:stone_pickaxe":15,"minecraft:stone_axe":9,"minecraft:stone_shovel":6,"minecraft:flint_and_steel":2},"minecraft:dropped":{"minecraft:iron_sword":4,"minecraft:lapis_lazuli":117,"minecraft:cooked_beef":13,"minecraft:glow_ink_sac":1,"minecraft:emerald_ore":1,"minecraft:diamond":67,"minecraft:dark_oak_slab":1,"minecraft:cookie":16,"minecraft:saddle":3,"minecraft:elytra":5,"minecraft:item_frame":2,"minecraft:emerald":294,"minecraft:dirt":1804,"minecraft:stone_button":1,"minecraft:netherite_boots":1,"minecraft:gold_nugget":12,"minecraft:writable_book":2,"minecraft:bone_meal":150,"minecraft:phantom_membrane":4,"minecraft:sand":192,"minecraft:iron_pickaxe":2,"minecraft:polished_blackstone_slab":6,"minecraft:white_wool":107,"minecraft:bone":3,"minecraft:stone_axe":3,"minecraft:compass":1,"minecraft:sugar_cane":22,"minecraft:ancient_debris":4,"minecraft:lever":12,"minecraft:iron_nugget":2,"minecraft:golden_chestplate":2,"minecraft:cobbled_deepslate":389,"minecraft:wheat":145,"minecraft:pink_dye":1,"minecraft:birch_sapling":6,"minecraft:obsidian":16,"minecraft:rotten_flesh":56,"minecraft:oak_planks":14,"minecraft:end_stone":47,"minecraft:azure_bluet":4,"minecraft:white_bed":23,"minecraft:rabbit_foot":1,"minecraft:red_mushroom_block":3,"minecraft:coal_ore":2,"minecraft:hopper":8,"minecraft:spruce_slab":13,"minecraft:glass":288,"minecraft:beef":10,"minecraft:podzol":80,"minecraft:stone_brick_stairs":1,"minecraft:egg":1,"minecraft:enchanted_book":2,"minecraft:golden_boots":1,"minecraft:iron_ingot":2058,"minecraft:netherite_pickaxe":1,"minecraft:black_dye":2,"minecraft:wheat_seeds":709,"minecraft:netherite_chestplate":1,"minecraft:end_stone_brick_slab":243,"minecraft:iron_helmet":1,"minecraft:feather":2,"minecraft:cobblestone":1129,"minecraft:book":10,"minecraft:apple":10,"minecraft:granite":39,"minecraft:deepslate_tile_slab":7,"minecraft:purple_dye":4,"minecraft:coal":1,"minecraft:acacia_sign":2,"minecraft:oxeye_daisy":2,"minecraft:lava_bucket":13,"minecraft:golden_carrot":79,"minecraft:iron_trapdoor":7,"minecraft:diamond_helmet":5,"minecraft:oak_stairs":2,"minecraft:pumpkin":3,"minecraft:iron_shovel":1,"minecraft:paper":111,"minecraft:string":111,"minecraft:spruce_sapling":7,"minecraft:moss_carpet":4,"minecraft:player_head":13,"minecraft:polished_diorite_slab":1,"minecraft:stone_sword":2,"minecraft:cocoa_beans":14,"minecraft:deepslate":157,"minecraft:experience_bottle":10,"minecraft:stone_shovel":3,"minecraft:white_carpet":2,"minecraft:iron_boots":4,"minecraft:light_gray_concrete":1,"minecraft:spruce_fence":6,"minecraft:shears":3,"minecraft:diamond_sword":4,"minecraft:light_blue_dye":2,"minecraft:potato":2,"minecraft:cobblestone_slab":38,"minecraft:stone":1085,"minecraft:spruce_trapdoor":68,"minecraft:spruce_planks":54,"minecraft:diamond_pickaxe":11,"minecraft:yellow_bed":1,"minecraft:carved_pumpkin":2,"minecraft:spider_eye":8,"minecraft:stone_bricks":2,"minecraft:bamboo":12,"minecraft:cooked_rabbit":6,"minecraft:spruce_sign":2,"minecraft:soul_sand":1,"minecraft:brown_mushroom":23,"minecraft:birch_planks":1,"minecraft:diamond_axe":3,"minecraft:oak_log":55,"minecraft:ender_pearl":1912,"minecraft:flower_banner_pattern":1,"minecraft:leather":3,"minecraft:flint":9,"minecraft:spruce_leaves":4,"minecraft:ice":8,"minecraft:cornflower":234,"minecraft:mutton":5,"minecraft:pumpkin_pie":4,"minecraft:amethyst_shard":9,"minecraft:polished_blackstone_bricks":3,"minecraft:black_concrete":32,"minecraft:birch_log":57,"minecraft:gold_ingot":7,"minecraft:gravel":32,"minecraft:blackstone":219,"minecraft:spyglass":1,"minecraft:diamond_shovel":1,"minecraft:carrot":142,"minecraft:poppy":8,"minecraft:rabbit_hide":5,"minecraft:mangrove_log":3,"minecraft:gunpowder":175,"minecraft:acacia_slab":4,"minecraft:chest":2,"minecraft:iron_ore":3,"minecraft:arrow":25,"minecraft:quartz":44,"minecraft:oak_leaves":20,"minecraft:written_book":2,"minecraft:netherrack":986,"minecraft:firework_rocket":414,"minecraft:water_bucket":3,"minecraft:bread":389,"minecraft:mangrove_propagule":4,"minecraft:lead":1,"minecraft:amethyst_block":2,"minecraft:copper_ingot":2,"minecraft:acacia_log":2,"minecraft:grass_block":135,"minecraft:stick":215,"minecraft:iron_block":66,"minecraft:blue_dye":9,"minecraft:diorite":53,"minecraft:torch":50,"minecraft:iron_leggings":5,"minecraft:iron_axe":2,"minecraft:bucket":55,"minecraft:dandelion":207,"minecraft:polished_diorite":33,"minecraft:sweet_berries":246,"minecraft:oak_trapdoor":16,"minecraft:ender_chest":2,"minecraft:nether_wart":1,"minecraft:light_gray_terracotta":3,"minecraft:tuff":2,"minecraft:iron_hoe":1,"minecraft:stripped_oak_log":11,"minecraft:shulker_box":3,"minecraft:glass_pane":10,"minecraft:copper_ore":2,"minecraft:shield":4,"minecraft:diamond_chestplate":1,"minecraft:dragon_egg":2,"minecraft:iron_chestplate":2,"minecraft:quartz_stairs":3,"minecraft:golden_leggings":1,"minecraft:oak_boat":2,"minecraft:oak_sapling":56,"minecraft:gray_concrete_powder":63,"minecraft:diamond_boots":3,"minecraft:spruce_log":74,"minecraft:stone_pickaxe":6,"minecraft:brick":83}},"DataVersion":3337}