{"stats":{"minecraft:mined":{"minecraft:black_shulker_box":2,"minecraft:spruce_planks":1,"minecraft:white_bed":1,"minecraft:oak_sapling":1,"minecraft:farmland":33,"minecraft:acacia_log":64,"minecraft:grass_block":621,"minecraft:cobbled_deepslate":4,"minecraft:iron_ore":13,"minecraft:fire":7,"minecraft:moss_carpet":8,"minecraft:anvil":1,"minecraft:water_cauldron":2,"minecraft:flowering_azalea_leaves":28,"minecraft:dirt_path":7,"minecraft:azalea_leaves":113,"minecraft:azalea":12,"minecraft:player_head":8,"minecraft:torch":1,"minecraft:chest":2,"minecraft:spruce_wall_sign":4,"minecraft:cobblestone":80,"minecraft:oak_planks":6,"minecraft:wall_torch":3,"minecraft:amethyst_block":1,"minecraft:cauldron":1,"minecraft:birch_log":72,"minecraft:birch_door":6,"minecraft:stone_brick_stairs":1,"minecraft:grass":124,"minecraft:oak_log":164,"minecraft:sand":36,"minecraft:dirt":383,"minecraft:netherrack":5,"minecraft:oak_leaves":75,"minecraft:tuff":16,"minecraft:dark_oak_leaves":1,"minecraft:stripped_birch_log":2,"minecraft:spruce_leaves":23,"minecraft:moss_block":19,"minecraft:sandstone":3,"minecraft:spruce_sapling":5,"minecraft:furnace":3,"minecraft:stripped_spruce_log":31,"minecraft:diamond_block":5,"minecraft:lantern":2,"minecraft:stripped_acacia_log":86,"minecraft:bamboo_sapling":1,"minecraft:bamboo":3,"minecraft:stone":1331,"minecraft:oak_slab":4,"minecraft:acacia_leaves":2,"minecraft:flowering_azalea":7,"minecraft:glass_pane":9,"minecraft:stripped_dark_oak_log":2,"minecraft:dandelion":2,"minecraft:oak_fence":10,"minecraft:crafting_table":6,"minecraft:gray_stained_glass":1,"minecraft:tall_grass":27,"minecraft:copper_ore":2,"minecraft:warped_wart_block":1,"minecraft:birch_planks":41,"minecraft:purple_bed":4,"minecraft:light_blue_bed":2,"minecraft:spruce_log":70,"minecraft:birch_leaves":4,"minecraft:coal_ore":70,"minecraft:chipped_anvil":1,"minecraft:dark_oak_planks":1},"minecraft:picked_up":{"minecraft:shulker_shell":6,"minecraft:birch_door":6,"minecraft:wheat":41,"minecraft:anvil":1,"minecraft:diamond_sword":4,"minecraft:stone_brick_stairs":1,"minecraft:amethyst_block":19,"minecraft:string":5,"minecraft:netherite_ingot":1,"minecraft:diamond_leggings":2,"minecraft:black_shulker_box":2,"minecraft:cobbled_deepslate":12,"minecraft:bucket":1,"minecraft:spruce_planks":4,"minecraft:written_book":1,"minecraft:azalea":15,"minecraft:wooden_shovel":4,"minecraft:iron_pickaxe":1,"minecraft:azalea_leaves":112,"minecraft:iron_boots":1,"minecraft:furnace":3,"minecraft:stick":149,"minecraft:oak_fence":11,"minecraft:torch":12,"minecraft:acacia_log":72,"minecraft:golden_chestplate":4,"minecraft:cauldron":3,"minecraft:stone_sword":4,"minecraft:iron_block":122,"minecraft:cobblestone":553,"minecraft:birch_log":86,"minecraft:cooked_beef":1,"minecraft:golden_leggings":2,"minecraft:tuff":52,"minecraft:dirt":1984,"minecraft:stripped_birch_log":2,"minecraft:map":1,"minecraft:lantern":4,"minecraft:name_tag":1,"minecraft:bone":580,"minecraft:chipped_anvil":4,"minecraft:bow":2,"minecraft:wheat_seeds":35,"minecraft:bamboo":62,"minecraft:moss_block":19,"minecraft:oak_planks":4,"minecraft:warped_wart_block":1,"minecraft:sand":68,"minecraft:stripped_spruce_log":34,"minecraft:grass_block":133,"minecraft:diamond_block":5,"minecraft:stripped_acacia_log":90,"minecraft:writable_book":1,"minecraft:bone_meal":24,"minecraft:bread":124,"minecraft:spruce_sign":6,"minecraft:emerald":13,"minecraft:oak_sapling":36,"minecraft:netherrack":5,"minecraft:diamond_pickaxe":4,"minecraft:crafting_table":6,"minecraft:chicken":62,"minecraft:leather_leggings":1,"minecraft:wooden_pickaxe":2,"minecraft:moss_carpet":9,"minecraft:elytra":1,"minecraft:wooden_sword":2,"minecraft:iron_axe":2,"minecraft:white_carpet":1,"minecraft:glass_pane":18,"minecraft:stripped_warped_stem":1,"minecraft:beef":9,"minecraft:player_head":12,"minecraft:spruce_slab":2,"minecraft:poppy":3,"minecraft:chest":2,"minecraft:birch_sapling":30,"minecraft:copper_ore":2,"minecraft:raw_iron":8,"minecraft:sandstone":17,"minecraft:stone":806,"minecraft:flowering_azalea_leaves":28,"minecraft:carrot":14,"minecraft:light_blue_bed":2,"minecraft:iron_horse_armor":1,"minecraft:dark_oak_planks":1,"minecraft:arrow":126,"minecraft:diamond_chestplate":5,"minecraft:mutton":1,"minecraft:lime_bed":1,"minecraft:golden_carrot":12,"minecraft:salmon":2,"minecraft:red_mushroom":1,"minecraft:birch_planks":41,"minecraft:oak_log":169,"minecraft:golden_boots":2,"minecraft:gunpowder":35,"minecraft:wooden_hoe":4,"minecraft:cooked_mutton":4,"minecraft:podzol":58,"minecraft:apple":4,"minecraft:stone_bricks":8,"minecraft:stone_pickaxe":4,"minecraft:iron_ingot":63,"minecraft:iron_ore":12,"minecraft:acacia_sapling":22,"minecraft:flowering_azalea":8,"minecraft:oak_slab":4,"minecraft:dandelion":5,"minecraft:spruce_sapling":31,"minecraft:spruce_log":113,"minecraft:spruce_door":1,"minecraft:firework_rocket":9,"minecraft:diamond_shovel":4,"minecraft:coal_ore":103,"minecraft:purple_bed":4,"minecraft:stone_axe":1,"minecraft:iron_helmet":1,"minecraft:diamond_axe":1,"minecraft:baked_potato":1,"minecraft:stripped_dark_oak_log":2,"minecraft:coal":52},"minecraft:killed_by":{"minecraft:player":1},"minecraft:killed":{"minecraft:zombie":1},"minecraft:used":{"minecraft:moss_block":19,"minecraft:moss_carpet":6,"minecraft:writable_book":1,"minecraft:elytra":4,"minecraft:chest":5,"minecraft:stone":17,"minecraft:player_head":5,"minecraft:mutton":32,"minecraft:carrot":10,"minecraft:acacia_sapling":21,"minecraft:tuff":31,"minecraft:stripped_spruce_log":21,"minecraft:lantern":4,"minecraft:birch_sapling":1,"minecraft:iron_helmet":1,"minecraft:light_blue_bed":2,"minecraft:bow":15,"minecraft:written_book":2,"minecraft:furnace":4,"minecraft:oak_sapling":6,"minecraft:golden_boots":2,"minecraft:stripped_acacia_log":66,"minecraft:stripped_birch_log":1,"minecraft:stone_pickaxe":29,"minecraft:oak_planks":6,"minecraft:wooden_pickaxe":26,"minecraft:sandstone":17,"minecraft:diamond_axe":421,"minecraft:sand":68,"minecraft:shears":140,"minecraft:firework_rocket":9,"minecraft:bread":129,"minecraft:flowering_azalea_leaves":2,"minecraft:diamond_sword":4,"minecraft:birch_log":62,"minecraft:air":2,"minecraft:bone_meal":59,"minecraft:azalea":12,"minecraft:oak_fence":15,"minecraft:stone_sword":5,"minecraft:acacia_log":64,"minecraft:stripped_warped_stem":1,"minecraft:spruce_planks":4,"minecraft:wooden_shovel":3,"minecraft:netherrack":3,"minecraft:torch":6,"minecraft:dirt":468,"minecraft:warped_wart_block":1,"minecraft:anvil":1,"minecraft:golden_chestplate":2,"minecraft:birch_door":8,"minecraft:wooden_axe":1,"minecraft:flowering_azalea":6,"minecraft:chipped_anvil":1,"minecraft:iron_block":1,"minecraft:iron_axe":443,"minecraft:oak_stairs":3,"minecraft:iron_boots":2,"minecraft:bamboo":2,"minecraft:diamond_chestplate":7,"minecraft:beef":9,"minecraft:podzol":19,"minecraft:cooked_beef":9,"minecraft:cooked_mutton":8,"minecraft:water_bucket":12,"minecraft:iron_ore":1,"minecraft:birch_planks":41,"minecraft:glass_bottle":3,"minecraft:baked_potato":1,"minecraft:black_shulker_box":1,"minecraft:spruce_sign":9,"minecraft:cauldron":2,"minecraft:stripped_dark_oak_log":1,"minecraft:crafting_table":8,"minecraft:oak_slab":94,"minecraft:lime_bed":1,"minecraft:spruce_log":57,"minecraft:oak_log":111,"minecraft:wooden_hoe":6,"minecraft:diamond_pickaxe":1377,"minecraft:apple":3,"minecraft:diamond_shovel":1638,"minecraft:chicken":6,"minecraft:iron_pickaxe":131,"minecraft:map":1,"minecraft:spruce_sapling":22,"minecraft:golden_leggings":2,"minecraft:stone_axe":26,"minecraft:cobblestone":194,"minecraft:potion":1,"minecraft:azalea_leaves":7,"minecraft:purple_bed":4,"minecraft:porkchop":21,"minecraft:bucket":12,"minecraft:glass_pane":29,"minecraft:diamond_leggings":1},"minecraft:custom":{"minecraft:interact_with_crafting_table":57,"minecraft:open_barrel":1,"minecraft:open_shulker_box":2,"minecraft:leave_game":31,"minecraft:time_since_death":616311,"minecraft:sprint_one_cm":3653877,"minecraft:drop":20,"minecraft:talked_to_villager":40,"minecraft:play_time":774880,"minecraft:deaths":5,"minecraft:jump":10750,"minecraft:walk_on_water_one_cm":23188,"minecraft:interact_with_furnace":24,"minecraft:traded_with_villager":62,"minecraft:interact_with_cartography_table":3,"minecraft:interact_with_loom":2,"minecraft:sleep_in_bed":39,"minecraft:open_enderchest":22,"minecraft:damage_dealt":609,"minecraft:crouch_one_cm":9578,"minecraft:use_cauldron":3,"minecraft:mob_kills":1,"minecraft:interact_with_anvil":12,"minecraft:inspect_hopper":1,"minecraft:fill_cauldron":1,"minecraft:climb_one_cm":9788,"minecraft:walk_one_cm":910014,"minecraft:sneak_time":8121,"minecraft:walk_under_water_one_cm":79228,"minecraft:total_world_time":774880,"minecraft:interact_with_grindstone":1,"minecraft:interact_with_stonecutter":4,"minecraft:time_since_rest":560,"minecraft:damage_taken":5233,"minecraft:swim_one_cm":15916,"minecraft:fly_one_cm":2375427,"minecraft:open_chest":198,"minecraft:aviate_one_cm":88075,"minecraft:fall_one_cm":232499},"minecraft:crafted":{"minecraft:oak_planks":80,"minecraft:stone":14,"minecraft:diamond_shovel":1,"minecraft:cooked_mutton":4,"minecraft:glass":52,"minecraft:bow":1,"minecraft:iron_boots":1,"minecraft:chest":3,"minecraft:birch_door":3,"minecraft:stone_hoe":1,"minecraft:oak_fence":6,"minecraft:glass_bottle":3,"minecraft:oak_slab":90,"minecraft:wooden_shovel":1,"minecraft:emerald":41,"minecraft:crafting_table":3,"minecraft:spruce_planks":76,"minecraft:wooden_pickaxe":1,"minecraft:iron_helmet":1,"minecraft:birch_planks":65,"minecraft:wooden_hoe":1,"minecraft:stick":20,"minecraft:iron_ingot":342,"minecraft:iron_pickaxe":1,"minecraft:stone_sword":1,"minecraft:shears":1,"minecraft:wooden_sword":1,"minecraft:stone_shovel":1,"minecraft:furnace":1,"minecraft:bone_meal":66,"minecraft:glass_pane":32,"minecraft:stone_pickaxe":1,"minecraft:spruce_sign":3,"minecraft:stone_axe":2,"minecraft:bread":42,"minecraft:air":0,"minecraft:wooden_axe":1,"minecraft:oak_stairs":8},"minecraft:broken":{"minecraft:diamond_shovel":1,"minecraft:diamond_pickaxe":1,"minecraft:iron_axe":1},"minecraft:dropped":{"minecraft:dirt":192,"minecraft:cobbled_deepslate":4,"minecraft:poppy":1,"minecraft:acacia_sapling":1,"minecraft:written_book":1,"minecraft:wheat_seeds":2,"minecraft:cobblestone":15,"minecraft:stick":22,"minecraft:torch":1,"minecraft:bucket":1,"minecraft:white_carpet":1,"minecraft:glass_pane":5,"minecraft:diamond_sword":1,"minecraft:stone":2,"minecraft:spruce_planks":1,"minecraft:diamond_pickaxe":2}},"DataVersion":3337}