{"stats":{"minecraft:crafted":{"minecraft:ender_chest":2,"minecraft:black_dye":6,"minecraft:smooth_stone":9,"minecraft:oak_sign":18,"minecraft:chain":192,"minecraft:blaze_powder":46,"minecraft:polished_blackstone_slab":6,"minecraft:lever":64,"minecraft:diamond_shovel":8,"minecraft:bookshelf":52,"minecraft:shulker_box":4,"minecraft:quartz_block":79,"minecraft:glass":406,"minecraft:diamond_helmet":8,"minecraft:diamond_leggings":7,"minecraft:polished_blackstone":3135,"minecraft:white_shulker_box":1,"minecraft:name_tag":1,"minecraft:glass_bottle":282,"minecraft:emerald":3653,"minecraft:diamond_axe":5,"minecraft:spruce_door":15,"minecraft:smithing_table":1,"minecraft:fletching_table":7,"minecraft:campfire":10,"minecraft:polished_deepslate_slab":12,"minecraft:end_stone_brick_slab":1010,"minecraft:lectern":1,"minecraft:stone_slab":6,"minecraft:compass":4,"minecraft:iron_pickaxe":10,"minecraft:iron_block":962,"minecraft:gold_ingot":737,"minecraft:sandstone":24,"minecraft:light_gray_dye":3,"minecraft:netherite_ingot":8,"minecraft:composter":1,"minecraft:polished_blackstone_bricks":1028,"minecraft:packed_ice":215,"minecraft:golden_carrot":84,"minecraft:stone_shovel":1,"minecraft:iron_nugget":675,"minecraft:diamond_hoe":2,"minecraft:experience_bottle":43,"minecraft:bone_meal":51,"minecraft:spruce_fence":111,"minecraft:white_carpet":3,"minecraft:lantern":26,"minecraft:spruce_stairs":256,"minecraft:deepslate_brick_wall":60,"minecraft:light_gray_shulker_box":1,"minecraft:ladder":138,"minecraft:spruce_slab":336,"minecraft:ender_pearl":11,"minecraft:stone_pickaxe":4,"minecraft:diamond_boots":9,"minecraft:spruce_boat":26,"minecraft:redstone_block":88,"minecraft:golden_helmet":2,"minecraft:wheat":756,"minecraft:crossbow":25,"minecraft:polished_blackstone_brick_slab":18,"minecraft:enchanting_table":2,"minecraft:deepslate_brick_slab":50,"minecraft:polished_granite":144,"minecraft:polished_blackstone_stairs":456,"minecraft:glowstone":9,"minecraft:enchanted_book":113,"minecraft:golden_apple":64,"minecraft:fermented_spider_eye":11,"minecraft:oak_stairs":48,"minecraft:iron_shovel":18,"minecraft:iron_leggings":7,"minecraft:white_bed":45,"minecraft:oak_planks":1773,"minecraft:cobblestone_slab":2,"minecraft:polished_granite_slab":48,"minecraft:crimson_sign":27,"minecraft:purple_glazed_terracotta":12,"minecraft:stone":75,"minecraft:warped_planks":192,"minecraft:hopper":5,"minecraft:stone_brick_slab":12,"minecraft:bow":34,"minecraft:iron_boots":8,"minecraft:chest":58,"minecraft:oak_button":14,"minecraft:rail":816,"minecraft:stone_hoe":1,"minecraft:ender_eye":3,"minecraft:stone_bricks":508,"minecraft:golden_boots":4,"minecraft:smoker":1,"minecraft:arrow":816,"minecraft:crafting_table":22,"minecraft:spruce_planks":14125,"minecraft:iron_helmet":7,"minecraft:wooden_pickaxe":2,"minecraft:baked_potato":134,"minecraft:gold_block":15,"minecraft:brewing_stand":2,"minecraft:birch_planks":168,"minecraft:black_shulker_box":3,"minecraft:dispenser":1,"minecraft:tnt":874,"minecraft:apple":104,"minecraft:spruce_trapdoor":348,"minecraft:book":310,"minecraft:iron_chestplate":5,"minecraft:paper":1329,"minecraft:diamond_pickaxe":14,"minecraft:charcoal":8,"minecraft:shield":10,"minecraft:warped_fence_gate":12,"minecraft:stick":27850,"minecraft:iron_ingot":2498,"minecraft:stone_sword":7,"minecraft:polished_blackstone_brick_stairs":32,"minecraft:redstone_torch":12,"minecraft:deepslate_bricks":524,"minecraft:shears":6,"minecraft:wooden_sword":2,"minecraft:redstone":114,"minecraft:golden_chestplate":1,"minecraft:spruce_button":120,"minecraft:furnace":27,"minecraft:stone_button":320,"minecraft:blast_furnace":3,"minecraft:piston":7,"minecraft:end_stone_bricks":508,"minecraft:flint_and_steel":4,"minecraft:netherite_chestplate":1,"minecraft:blue_ice":12,"minecraft:leather":12,"minecraft:polished_deepslate":796,"minecraft:iron_axe":31,"minecraft:polished_granite_stairs":80,"minecraft:cobblestone_wall":966,"minecraft:netherite_scrap":32,"minecraft:minecart":10,"minecraft:observer":1,"minecraft:cooked_beef":119,"minecraft:sugar":60,"minecraft:crimson_planks":144,"minecraft:diamond_sword":9,"minecraft:spruce_sign":36,"minecraft:powered_rail":72,"minecraft:iron_sword":7,"minecraft:golden_shovel":5,"minecraft:mangrove_planks":8,"minecraft:ice":952,"minecraft:bucket":8,"minecraft:stone_axe":1,"minecraft:air":0,"minecraft:bread":1851,"minecraft:oak_boat":13,"minecraft:white_wool":7,"minecraft:white_dye":3,"minecraft:stonecutter":2,"minecraft:anvil":35,"minecraft:acacia_planks":16,"minecraft:torch":12,"minecraft:lapis_lazuli":238,"minecraft:lapis_block":44,"minecraft:diamond_chestplate":9,"minecraft:firework_rocket":894},"minecraft:mined":{"minecraft:dark_oak_planks":1,"minecraft:polished_granite_slab":10,"minecraft:stripped_warped_stem":1,"minecraft:white_bed":86,"minecraft:obsidian":119,"minecraft:granite":238,"minecraft:acacia_log":16,"minecraft:deepslate_bricks":156,"minecraft:purpur_slab":3,"minecraft:lime_stained_glass":30,"minecraft:oak_wall_sign":2,"minecraft:hopper":5,"minecraft:crimson_fungus":1,"minecraft:nether_wart":10,"minecraft:spawner":11,"minecraft:weeping_vines_plant":3,"minecraft:polished_blackstone_bricks":137,"minecraft:tall_seagrass":1,"minecraft:magma_block":49,"minecraft:cobbled_deepslate":399,"minecraft:barrel":1,"minecraft:fire":314,"minecraft:moss_carpet":1,"minecraft:deepslate_lapis_ore":90,"minecraft:pumpkin":19,"minecraft:fletching_table":21,"minecraft:nether_brick_stairs":1,"minecraft:enchanting_table":6,"minecraft:lime_stained_glass_pane":8,"minecraft:twisting_vines":6,"minecraft:sculk_shrieker":3,"minecraft:oak_sign":1,"minecraft:cave_vines":4,"minecraft:water_cauldron":4,"minecraft:dirt_path":80,"minecraft:quartz_slab":29,"minecraft:oak_stairs":7,"minecraft:light_gray_concrete":104,"minecraft:spruce_wood":2,"minecraft:white_shulker_box":4,"minecraft:crimson_sign":3,"minecraft:iron_block":556,"minecraft:player_head":7,"minecraft:tripwire":1,"minecraft:piston_head":3,"minecraft:brown_mushroom":2,"minecraft:red_bed":12,"minecraft:crimson_nylium":22,"minecraft:player_wall_head":19,"minecraft:smoker":2,"minecraft:deepslate_brick_wall":3,"minecraft:deepslate_tile_slab":1,"minecraft:torch":14,"minecraft:blast_furnace":3,"minecraft:melon":5,"minecraft:white_stained_glass_pane":12,"minecraft:dead_bush":5,"minecraft:spruce_wall_sign":12,"minecraft:glass":8,"minecraft:damaged_anvil":2,"minecraft:sugar_cane":800,"minecraft:bricks":12,"minecraft:spruce_sign":3,"minecraft:amethyst_block":34,"minecraft:chain":8,"minecraft:wheat":2,"minecraft:stone_brick_stairs":1,"minecraft:copper_block":14,"minecraft:grass":659,"minecraft:smooth_basalt":18,"minecraft:red_mushroom_block":238,"minecraft:stonecutter":3,"minecraft:deepslate":3727,"minecraft:piston":1,"minecraft:blue_stained_glass_pane":1,"minecraft:mossy_cobblestone":39,"minecraft:end_stone":821,"minecraft:shulker_box":297,"minecraft:nether_bricks":65,"minecraft:dark_oak_fence":1,"minecraft:spruce_fence":18,"minecraft:crimson_roots":3,"minecraft:redstone_wire":13,"minecraft:red_mushroom":1,"minecraft:cartography_table":1,"minecraft:moss_block":9,"minecraft:redstone_ore":10,"minecraft:snow":1,"minecraft:andesite":101,"minecraft:cobblestone_slab":7,"minecraft:rail":467,"minecraft:warped_stem":56,"minecraft:bamboo":59,"minecraft:white_wool":96,"minecraft:ender_chest":79,"minecraft:smithing_table":2,"minecraft:oak_slab":16,"minecraft:light_gray_carpet":1,"minecraft:mangrove_stairs":27,"minecraft:glass_pane":3,"minecraft:soul_sand":103,"minecraft:observer":4,"minecraft:dandelion":39,"minecraft:polished_blackstone_brick_wall":1,"minecraft:cornflower":1,"minecraft:emerald_ore":5,"minecraft:warped_roots":18,"minecraft:campfire":2,"minecraft:copper_ore":24,"minecraft:tall_grass":113,"minecraft:deepslate_gold_ore":138,"minecraft:diorite":218,"minecraft:warped_wart_block":10,"minecraft:stripped_spruce_wood":2,"minecraft:cobblestone_wall":7,"minecraft:white_carpet":3,"minecraft:spruce_log":3607,"minecraft:birch_leaves":22,"minecraft:gravel":325,"minecraft:dripstone_block":5,"minecraft:cobweb":30,"minecraft:polished_blackstone":343,"minecraft:oak_button":4,"minecraft:stone_bricks":91,"minecraft:gold_ore":1,"minecraft:chipped_anvil":9,"minecraft:fern":10,"minecraft:black_shulker_box":32,"minecraft:spruce_planks":248,"minecraft:oak_sapling":1,"minecraft:end_stone_brick_wall":38,"minecraft:brewing_stand":4,"minecraft:spruce_trapdoor":25,"minecraft:cave_vines_plant":2,"minecraft:budding_amethyst":6,"minecraft:grass_block":1559,"minecraft:mangrove_fence":3,"minecraft:cracked_polished_blackstone_bricks":28,"minecraft:soul_soil":14,"minecraft:warped_sign":1,"minecraft:composter":1,"minecraft:gilded_blackstone":1,"minecraft:iron_ore":45,"minecraft:dragon_head":1,"minecraft:anvil":25,"minecraft:azure_bluet":7,"minecraft:pointed_dripstone":2,"minecraft:iron_bars":7,"minecraft:end_stone_bricks":12,"minecraft:polished_granite_stairs":35,"minecraft:spruce_slab":55,"minecraft:deepslate_redstone_ore":272,"minecraft:quartz_block":3,"minecraft:blackstone":281,"minecraft:exposed_copper":1,"minecraft:twisting_vines_plant":6,"minecraft:clay":29,"minecraft:end_stone_brick_slab":14,"minecraft:calcite":50,"minecraft:poppy":1,"minecraft:chest":36,"minecraft:mushroom_stem":40,"minecraft:cobblestone":396,"minecraft:nether_quartz_ore":772,"minecraft:grindstone":1,"minecraft:oak_planks":72,"minecraft:iron_door":3,"minecraft:wall_torch":22,"minecraft:warped_nylium":25,"minecraft:powered_rail":65,"minecraft:nether_wart_block":4,"minecraft:warped_planks":9,"minecraft:birch_log":7,"minecraft:stripped_oak_wood":1,"minecraft:tnt":13,"minecraft:purpur_block":8,"minecraft:oak_log":382,"minecraft:sand":5465,"minecraft:dirt":1648,"minecraft:dispenser":1,"minecraft:netherrack":16507,"minecraft:ancient_debris":40,"minecraft:oak_leaves":578,"minecraft:nether_gold_ore":182,"minecraft:diamond_ore":1,"minecraft:tuff":445,"minecraft:quartz_stairs":20,"minecraft:dark_oak_leaves":1,"minecraft:deepslate_diamond_ore":212,"minecraft:oak_door":1,"minecraft:mangrove_roots":2,"minecraft:lever":18,"minecraft:ladder":1,"minecraft:stone_button":1,"minecraft:weeping_vines":2,"minecraft:brown_mushroom_block":76,"minecraft:spruce_leaves":65,"minecraft:sandstone":339,"minecraft:rooted_dirt":48,"minecraft:crimson_stem":241,"minecraft:large_fern":3,"minecraft:hay_block":85,"minecraft:deepslate_brick_slab":7,"minecraft:oak_trapdoor":8,"minecraft:heavy_weighted_pressure_plate":6,"minecraft:spruce_sapling":11,"minecraft:furnace":15,"minecraft:carrots":1,"minecraft:nether_sprouts":6,"minecraft:light_gray_shulker_box":11,"minecraft:stripped_spruce_log":45,"minecraft:gold_block":58,"minecraft:nether_brick_fence":4,"minecraft:polished_deepslate":95,"minecraft:bookshelf":35,"minecraft:shroomlight":2,"minecraft:deepslate_iron_ore":6,"minecraft:stripped_oak_log":1,"minecraft:packed_ice":753,"minecraft:stone":4835,"minecraft:podzol":190,"minecraft:scaffolding":154,"minecraft:magenta_stained_glass":4,"minecraft:infested_stone_bricks":3,"minecraft:basalt":92,"minecraft:spruce_door":2,"minecraft:polished_granite":2,"minecraft:oak_fence":14,"minecraft:crafting_table":70,"minecraft:sculk_sensor":1,"minecraft:lectern":61,"minecraft:stone_slab":1,"minecraft:lapis_ore":19,"minecraft:polished_blackstone_brick_stairs":5,"minecraft:sculk":9,"minecraft:blue_bed":7,"minecraft:spruce_stairs":25,"minecraft:lime_bed":10,"minecraft:end_stone_brick_stairs":16,"minecraft:polished_blackstone_stairs":71,"minecraft:polished_blackstone_slab":1,"minecraft:sweet_berry_bush":2,"minecraft:ice":47,"minecraft:bee_nest":1,"minecraft:yellow_bed":17,"minecraft:black_wool":3,"minecraft:mangrove_slab":261,"minecraft:coal_ore":133,"minecraft:end_rod":1,"minecraft:cracked_stone_bricks":18,"minecraft:polished_andesite":2,"minecraft:mossy_stone_bricks":26},"minecraft:custom":{"minecraft:interact_with_crafting_table":477,"minecraft:open_barrel":91,"minecraft:bell_ring":12,"minecraft:leave_game":393,"minecraft:time_since_death":9100,"minecraft:damage_blocked_by_shield":11672,"minecraft:play_time":5369729,"minecraft:deaths":103,"minecraft:jump":113081,"minecraft:enchant_item":165,"minecraft:interact_with_furnace":199,"minecraft:traded_with_villager":4501,"minecraft:sleep_in_bed":163,"minecraft:damage_dealt":244830,"minecraft:interact_with_smithing_table":30,"minecraft:interact_with_smoker":54,"minecraft:inspect_dispenser":2,"minecraft:use_cauldron":3,"minecraft:horse_one_cm":211,"minecraft:inspect_dropper":1,"minecraft:interact_with_anvil":139,"minecraft:inspect_hopper":25,"minecraft:sneak_time":363698,"minecraft:interact_with_blast_furnace":64,"minecraft:total_world_time":5369729,"minecraft:tune_noteblock":5,"minecraft:interact_with_stonecutter":5,"minecraft:time_since_rest":9131,"minecraft:swim_one_cm":719172,"minecraft:fly_one_cm":34845222,"minecraft:open_chest":3562,"minecraft:fall_one_cm":3269343,"minecraft:open_shulker_box":1696,"minecraft:sprint_one_cm":19358326,"minecraft:drop":3026,"minecraft:talked_to_villager":1289,"minecraft:interact_with_brewingstand":73,"minecraft:walk_on_water_one_cm":429079,"minecraft:interact_with_loom":1,"minecraft:open_enderchest":621,"minecraft:player_kills":54,"minecraft:crouch_one_cm":967105,"minecraft:mob_kills":17682,"minecraft:climb_one_cm":350256,"minecraft:walk_one_cm":6234735,"minecraft:raid_win":2,"minecraft:walk_under_water_one_cm":230175,"minecraft:boat_one_cm":2372727,"minecraft:raid_trigger":2,"minecraft:interact_with_grindstone":118,"minecraft:damage_taken":118108,"minecraft:damage_absorbed":1105,"minecraft:aviate_one_cm":29980025},"minecraft:picked_up":{"minecraft:iron_chestplate":10,"minecraft:anvil":47,"minecraft:smithing_table":2,"minecraft:lead":9,"minecraft:diamond_sword":81,"minecraft:oak_stairs":11,"minecraft:enchanted_book":4,"minecraft:golden_shovel":6,"minecraft:brewing_stand":9,"minecraft:amethyst_block":2,"minecraft:polished_deepslate":90,"minecraft:music_disc_cat":1,"minecraft:polished_blackstone_brick_stairs":66,"minecraft:string":269,"minecraft:soul_soil":6,"minecraft:shroomlight":4,"minecraft:sculk_shrieker":2,"minecraft:diamond_leggings":12,"minecraft:gold_nugget":730,"minecraft:cobbled_deepslate":3358,"minecraft:spruce_planks":622,"minecraft:written_book":1,"minecraft:enchanted_golden_apple":1,"minecraft:melon_slice":25,"minecraft:crimson_sign":3,"minecraft:diamond_ore":1,"minecraft:golden_helmet":10,"minecraft:polished_blackstone_stairs":1634,"minecraft:composter":1,"minecraft:purpur_pillar":1,"minecraft:acacia_log":15,"minecraft:warped_planks":11,"minecraft:end_crystal":4,"minecraft:golden_chestplate":1,"minecraft:cauldron":10,"minecraft:stone_sword":8,"minecraft:tropical_fish":2,"minecraft:iron_block":1549,"minecraft:glowstone":11,"minecraft:bookshelf":29,"minecraft:end_rod":1,"minecraft:netherite_chestplate":10,"minecraft:blaze_rod":105,"minecraft:iron_bars":19,"minecraft:snowball":48,"minecraft:birch_log":7,"minecraft:magma_block":39,"minecraft:feather":4,"minecraft:cooked_beef":120,"minecraft:iron_door":3,"minecraft:water_bucket":27,"minecraft:copper_block":43,"minecraft:smoker":3,"minecraft:flint":26,"minecraft:stripped_spruce_wood":2,"minecraft:netherite_leggings":10,"minecraft:mangrove_slab":195,"minecraft:lantern":3,"minecraft:twisting_vines":6,"minecraft:chipped_anvil":9,"minecraft:stonecutter":6,"minecraft:diamond_helmet":12,"minecraft:mangrove_fence_gate":4,"minecraft:glowstone_dust":1,"minecraft:moss_block":9,"minecraft:warped_wart_block":11,"minecraft:stripped_spruce_log":45,"minecraft:fermented_spider_eye":3,"minecraft:iron_hoe":1,"minecraft:polished_andesite":3,"minecraft:dispenser":2,"minecraft:deepslate":1114,"minecraft:polished_granite_slab":10,"minecraft:lever":22,"minecraft:writable_book":4,"minecraft:deepslate_gold_ore":71,"minecraft:granite":233,"minecraft:bread":910,"minecraft:rooted_dirt":48,"minecraft:light_gray_carpet":1,"minecraft:dark_oak_fence":1,"minecraft:bricks":14,"minecraft:crimson_roots":5,"minecraft:diamond_pickaxe":42,"minecraft:lime_stained_glass_pane":6,"minecraft:crafting_table":77,"minecraft:bee_nest":1,"minecraft:nether_wart":23,"minecraft:clay_ball":76,"minecraft:leather_leggings":4,"minecraft:dragon_head":4,"minecraft:purpur_block":5,"minecraft:heavy_weighted_pressure_plate":8,"minecraft:cornflower":5,"minecraft:red_bed":12,"minecraft:elytra":8,"minecraft:flint_and_steel":28,"minecraft:snow":1,"minecraft:netherite_scrap":1,"minecraft:compass":1,"minecraft:white_carpet":3,"minecraft:iron_shovel":1,"minecraft:cracked_stone_bricks":12,"minecraft:stripped_warped_stem":3,"minecraft:deepslate_diamond_ore":79,"minecraft:beef":213,"minecraft:iron_nugget":54,"minecraft:poppy":202,"minecraft:spruce_slab":67,"minecraft:minecart":90,"minecraft:chest":39,"minecraft:birch_sapling":1,"minecraft:piston":4,"minecraft:diamond_hoe":9,"minecraft:copper_ore":21,"minecraft:egg":11,"minecraft:sandstone":283,"minecraft:stone":2567,"minecraft:oak_door":1,"minecraft:spruce_fence":22,"minecraft:fire_charge":1,"minecraft:carrot":35,"minecraft:redstone":941,"minecraft:netherite_pickaxe":1,"minecraft:tnt":12,"minecraft:polished_granite_stairs":32,"minecraft:diamond_chestplate":10,"minecraft:beetroot_seeds":3,"minecraft:diamond_boots":19,"minecraft:deepslate_bricks":148,"minecraft:purpur_slab":3,"minecraft:hay_block":84,"minecraft:gold_ingot":68,"minecraft:totem_of_undying":13,"minecraft:polished_blackstone":162,"minecraft:white_shulker_box":4,"minecraft:glow_berries":7,"minecraft:mutton":21,"minecraft:emerald_ore":1,"minecraft:white_wool":342,"minecraft:bone_block":1,"minecraft:rail":2651,"minecraft:oxeye_daisy":1,"minecraft:lapis_ore":7,"minecraft:stripped_oak_log":1,"minecraft:lime_bed":12,"minecraft:birch_leaves":15,"minecraft:red_mushroom_block":3,"minecraft:red_mushroom":76,"minecraft:oak_log":395,"minecraft:ancient_debris":41,"minecraft:golden_boots":7,"minecraft:blue_bed":8,"minecraft:paper":77,"minecraft:white_banner":15,"minecraft:apple":37,"minecraft:stone_bricks":315,"minecraft:warped_stem":53,"minecraft:stone_pickaxe":1,"minecraft:iron_ore":5,"minecraft:magenta_stained_glass":4,"minecraft:glass_bottle":11,"minecraft:iron_sword":4,"minecraft:sweet_berries":7,"minecraft:sculk":7,"minecraft:spyglass":1,"minecraft:gravel":277,"minecraft:spruce_sapling":498,"minecraft:spruce_log":3767,"minecraft:crying_obsidian":2,"minecraft:dragon_egg":2,"minecraft:leather_helmet":2,"minecraft:firework_rocket":146,"minecraft:diamond_shovel":11,"minecraft:coal_ore":61,"minecraft:polished_diorite":24,"minecraft:stone_axe":2,"minecraft:redstone_ore":10,"minecraft:diamond_axe":13,"minecraft:deepslate_redstone_ore":129,"minecraft:gray_wool":2,"minecraft:polished_blackstone_brick_wall":1,"minecraft:warped_roots":36,"minecraft:oak_button":6,"minecraft:baked_potato":22,"minecraft:warped_nylium":15,"minecraft:crimson_nylium":11,"minecraft:hopper":5,"minecraft:ender_pearl":5657,"minecraft:shulker_shell":59,"minecraft:wheat":11,"minecraft:ender_chest":84,"minecraft:nether_brick_fence":2,"minecraft:light_gray_shulker_box":13,"minecraft:potion":6,"minecraft:stone_brick_stairs":1,"minecraft:crimson_planks":1,"minecraft:raw_copper":35,"minecraft:deepslate_lapis_ore":25,"minecraft:iron_leggings":7,"minecraft:netherite_ingot":1,"minecraft:oak_sign":4,"minecraft:red_sand":1,"minecraft:black_shulker_box":34,"minecraft:bucket":42,"minecraft:cobblestone_slab":7,"minecraft:ender_eye":4,"minecraft:iron_pickaxe":6,"minecraft:iron_boots":10,"minecraft:furnace":28,"minecraft:stick":2005,"minecraft:deepslate_brick_wall":3,"minecraft:oak_fence":13,"minecraft:torch":79,"minecraft:spruce_stairs":86,"minecraft:porkchop":4,"minecraft:pointed_dripstone":5,"minecraft:diorite":193,"minecraft:goat_horn":1,"minecraft:quartz_block":1,"minecraft:nether_gold_ore":80,"minecraft:cactus":4,"minecraft:mangrove_stairs":27,"minecraft:rotten_flesh":320,"minecraft:obsidian":245,"minecraft:cod":2,"minecraft:cobblestone":2613,"minecraft:blaze_powder":14,"minecraft:enchanting_table":5,"minecraft:leather_chestplate":1,"minecraft:magma_cream":10,"minecraft:andesite":88,"minecraft:golden_leggings":7,"minecraft:potato":9,"minecraft:tuff":477,"minecraft:wither_skeleton_skull":1,"minecraft:lapis_lazuli":1100,"minecraft:dirt":3914,"minecraft:polished_granite":2,"minecraft:name_tag":7,"minecraft:mangrove_fence":5,"minecraft:glass":24,"minecraft:bone":164,"minecraft:bow":33,"minecraft:wheat_seeds":175,"minecraft:deepslate_brick_slab":6,"minecraft:raw_gold":117,"minecraft:grindstone":1,"minecraft:mossy_stone_bricks":16,"minecraft:fletching_table":22,"minecraft:bamboo":768,"minecraft:powered_rail":68,"minecraft:oak_planks":215,"minecraft:stone_hoe":1,"minecraft:ghast_tear":1,"minecraft:cooked_porkchop":304,"minecraft:music_disc_13":1,"minecraft:polished_blackstone_slab":19,"minecraft:sand":4955,"minecraft:nether_brick_stairs":2,"minecraft:grass_block":252,"minecraft:spectral_arrow":31,"minecraft:shulker_box":307,"minecraft:mossy_cobblestone":39,"minecraft:light_gray_concrete":94,"minecraft:clay":5,"minecraft:sugar":126,"minecraft:diamond":269,"minecraft:spruce_boat":110,"minecraft:cracked_polished_blackstone_bricks":19,"minecraft:crossbow":16,"minecraft:bone_meal":1303,"minecraft:golden_apple":12,"minecraft:spruce_sign":53,"minecraft:emerald":364,"minecraft:oak_sapling":67,"minecraft:netherrack":10497,"minecraft:oak_leaves":412,"minecraft:end_stone_bricks":11,"minecraft:end_stone_brick_stairs":16,"minecraft:azure_bluet":8,"minecraft:splash_potion":6,"minecraft:chicken":2,"minecraft:ladder":2,"minecraft:brown_mushroom":41,"minecraft:packed_ice":775,"minecraft:wooden_pickaxe":1,"minecraft:gold_block":56,"minecraft:chain":32,"minecraft:shield":13,"minecraft:dragon_breath":32,"minecraft:oak_trapdoor":14,"minecraft:moss_carpet":6,"minecraft:end_stone_brick_wall":38,"minecraft:iron_axe":41,"minecraft:wooden_sword":1,"minecraft:quartz_slab":18,"minecraft:item_frame":1,"minecraft:blackstone":250,"minecraft:oak_boat":124,"minecraft:player_head":143,"minecraft:observer":4,"minecraft:lectern":63,"minecraft:sugar_cane":1491,"minecraft:spruce_trapdoor":258,"minecraft:raw_iron":44,"minecraft:end_stone":800,"minecraft:polished_blackstone_bricks":689,"minecraft:cookie":598,"minecraft:iron_horse_armor":1,"minecraft:dark_oak_planks":1,"minecraft:arrow":1698,"minecraft:weeping_vines":1,"minecraft:nether_bricks":64,"minecraft:saddle":4,"minecraft:lime_stained_glass":30,"minecraft:basalt":4,"minecraft:crimson_stem":345,"minecraft:golden_carrot":9,"minecraft:glow_ink_sac":2,"minecraft:leather":268,"minecraft:birch_planks":1,"minecraft:ice":503,"minecraft:crimson_fungus":1,"minecraft:cobblestone_wall":3,"minecraft:yellow_bed":18,"minecraft:nether_wart_block":4,"minecraft:gunpowder":220,"minecraft:deepslate_tile_slab":2,"minecraft:cooked_mutton":55,"minecraft:podzol":10,"minecraft:iron_ingot":3403,"minecraft:stripped_oak_wood":1,"minecraft:acacia_sapling":4,"minecraft:soul_sand":101,"minecraft:book":706,"minecraft:scaffolding":291,"minecraft:oak_slab":27,"minecraft:nether_quartz_ore":104,"minecraft:birch_boat":9,"minecraft:pumpkin":19,"minecraft:quartz":664,"minecraft:dandelion":71,"minecraft:dripstone_block":2,"minecraft:lava_bucket":1,"minecraft:amethyst_shard":30,"minecraft:blast_furnace":3,"minecraft:white_bed":127,"minecraft:gold_ore":1,"minecraft:spider_eye":18,"minecraft:spruce_door":1,"minecraft:sculk_sensor":1,"minecraft:iron_helmet":4,"minecraft:damaged_anvil":1,"minecraft:end_stone_brick_slab":217,"minecraft:coal":183},"minecraft:used":{"minecraft:moss_block":8,"minecraft:writable_book":7,"minecraft:polished_granite_stairs":98,"minecraft:polished_blackstone":1657,"minecraft:dispenser":1,"minecraft:ladder":73,"minecraft:spruce_slab":737,"minecraft:poppy":182,"minecraft:rotten_flesh":147,"minecraft:chest":56,"minecraft:white_shulker_box":4,"minecraft:stone":410,"minecraft:soul_sand":18,"minecraft:snowball":16,"minecraft:stripped_spruce_log":5,"minecraft:deepslate_brick_slab":8,"minecraft:azure_bluet":2,"minecraft:spruce_boat":94,"minecraft:polished_blackstone_slab":1,"minecraft:packed_ice":375,"minecraft:lava_bucket":20,"minecraft:grass_block":63,"minecraft:netherite_hoe":1,"minecraft:bow":373,"minecraft:egg":9,"minecraft:furnace":17,"minecraft:sweet_berries":6,"minecraft:oak_sapling":12,"minecraft:potato":1,"minecraft:mangrove_slab":4,"minecraft:dragon_head":1,"minecraft:deepslate_brick_wall":26,"minecraft:emerald_ore":1,"minecraft:diorite":54,"minecraft:end_stone_bricks":5,"minecraft:mossy_stone_bricks":12,"minecraft:leather_leggings":2,"minecraft:spruce_door":3,"minecraft:powered_rail":112,"minecraft:blackstone":326,"minecraft:wooden_pickaxe":17,"minecraft:composter":2,"minecraft:clay":3,"minecraft:cookie":5,"minecraft:glow_berries":6,"minecraft:oak_leaves":304,"minecraft:golden_apple":30,"minecraft:sand":57,"minecraft:blast_furnace":3,"minecraft:netherite_helmet":1,"minecraft:stone_button":180,"minecraft:lectern":60,"minecraft:polished_granite":40,"minecraft:diamond_ore":1,"minecraft:nether_wart_block":4,"minecraft:diamond_sword":4710,"minecraft:wooden_sword":54,"minecraft:smithing_table":2,"minecraft:oak_trapdoor":4,"minecraft:oak_boat":105,"minecraft:iron_bars":6,"minecraft:acacia_log":1,"minecraft:stone_sword":415,"minecraft:enchanting_table":7,"minecraft:stripped_warped_stem":2,"minecraft:torch":63,"minecraft:netherrack":3783,"minecraft:mangrove_fence":3,"minecraft:light_gray_shulker_box":11,"minecraft:anvil":35,"minecraft:brewing_stand":6,"minecraft:ancient_debris":1,"minecraft:warped_wart_block":6,"minecraft:nether_quartz_ore":45,"minecraft:twisting_vines":6,"minecraft:polished_granite_slab":53,"minecraft:golden_shovel":198,"minecraft:chipped_anvil":6,"minecraft:iron_block":48,"minecraft:iron_axe":3351,"minecraft:rooted_dirt":48,"minecraft:spruce_button":120,"minecraft:totem_of_undying":3,"minecraft:bamboo":6,"minecraft:diamond_chestplate":1,"minecraft:basalt":3,"minecraft:beef":17,"minecraft:crimson_stem":137,"minecraft:cobbled_deepslate":764,"minecraft:observer":4,"minecraft:water_bucket":676,"minecraft:warped_stem":5,"minecraft:cauldron":3,"minecraft:deepslate_bricks":533,"minecraft:gold_ore":1,"minecraft:fletching_table":26,"minecraft:cracked_stone_bricks":5,"minecraft:polished_blackstone_bricks":845,"minecraft:polished_deepslate_slab":9,"minecraft:rail":992,"minecraft:red_bed":11,"minecraft:tnt":629,"minecraft:crafting_table":83,"minecraft:sculk_shrieker":1,"minecraft:white_bed":135,"minecraft:campfire":10,"minecraft:spruce_log":354,"minecraft:oxeye_daisy":1,"minecraft:cornflower":3,"minecraft:ender_eye":4,"minecraft:diamond_pickaxe":32851,"minecraft:diamond_shovel":7212,"minecraft:oak_button":8,"minecraft:iron_pickaxe":1848,"minecraft:purpur_slab":1,"minecraft:spruce_trapdoor":133,"minecraft:spruce_sapling":165,"minecraft:crimson_sign":3,"minecraft:cobblestone":591,"minecraft:potion":10,"minecraft:cooked_porkchop":290,"minecraft:porkchop":2,"minecraft:warped_fence_gate":12,"minecraft:dandelion":8,"minecraft:diamond_leggings":1,"minecraft:iron_shovel":1860,"minecraft:polished_deepslate":248,"minecraft:oak_sign":5,"minecraft:diamond_hoe":103,"minecraft:shield":167,"minecraft:iron_sword":926,"minecraft:nether_wart":12,"minecraft:player_head":33,"minecraft:iron_chestplate":6,"minecraft:mutton":20,"minecraft:nether_bricks":1,"minecraft:carrot":20,"minecraft:tuff":79,"minecraft:obsidian":92,"minecraft:glass":47,"minecraft:quartz_slab":1,"minecraft:coal_ore":24,"minecraft:bricks":11,"minecraft:lantern":15,"minecraft:polished_blackstone_brick_wall":1,"minecraft:iron_helmet":4,"minecraft:stone_bricks":421,"minecraft:item_frame":1,"minecraft:golden_sword":3,"minecraft:deepslate_diamond_ore":74,"minecraft:magma_block":2,"minecraft:scaffolding":300,"minecraft:gold_block":10,"minecraft:polished_blackstone_stairs":284,"minecraft:golden_boots":1,"minecraft:diamond_boots":12,"minecraft:stone_pickaxe":283,"minecraft:oak_planks":169,"minecraft:mangrove_planks":2,"minecraft:ender_pearl":1529,"minecraft:sandstone":29,"minecraft:sugar_cane":37,"minecraft:end_stone_brick_slab":832,"minecraft:diamond_axe":2996,"minecraft:blue_bed":6,"minecraft:white_wool":16,"minecraft:netherite_leggings":4,"minecraft:deepslate_redstone_ore":126,"minecraft:crossbow":5,"minecraft:deepslate_lapis_ore":20,"minecraft:end_stone":246,"minecraft:shears":566,"minecraft:lever":42,"minecraft:firework_rocket":909,"minecraft:melon_slice":25,"minecraft:bread":1362,"minecraft:deepslate":530,"minecraft:gravel":78,"minecraft:golden_helmet":2,"minecraft:grindstone":1,"minecraft:andesite":19,"minecraft:chain":19,"minecraft:bone_meal":211,"minecraft:experience_bottle":43,"minecraft:oak_fence":3,"minecraft:purpur_block":1,"minecraft:flint_and_steel":211,"minecraft:redstone_ore":1,"minecraft:stone_shovel":10,"minecraft:redstone":25,"minecraft:spruce_planks":660,"minecraft:ender_chest":79,"minecraft:deepslate_gold_ore":70,"minecraft:stone_hoe":38,"minecraft:spyglass":1,"minecraft:dirt":2557,"minecraft:white_carpet":2,"minecraft:hopper":10,"minecraft:spruce_stairs":106,"minecraft:diamond_helmet":4,"minecraft:cobblestone_wall":608,"minecraft:bee_nest":1,"minecraft:shulker_box":304,"minecraft:golden_chestplate":1,"minecraft:spruce_fence":87,"minecraft:granite":27,"minecraft:iron_hoe":1,"minecraft:bookshelf":73,"minecraft:oak_stairs":57,"minecraft:polished_blackstone_brick_stairs":2,"minecraft:iron_boots":6,"minecraft:crimson_planks":58,"minecraft:golden_carrot":88,"minecraft:minecart":42,"minecraft:netherite_pickaxe":59,"minecraft:cooked_beef":154,"minecraft:iron_leggings":5,"minecraft:cooked_mutton":52,"minecraft:polished_andesite":3,"minecraft:glass_bottle":97,"minecraft:netherite_chestplate":4,"minecraft:baked_potato":85,"minecraft:copper_block":2,"minecraft:brown_mushroom":6,"minecraft:birch_boat":9,"minecraft:black_shulker_box":34,"minecraft:spruce_sign":25,"minecraft:stonecutter":3,"minecraft:cobblestone_slab":8,"minecraft:lime_bed":9,"minecraft:red_mushroom":6,"minecraft:smoker":2,"minecraft:warped_planks":78,"minecraft:nether_gold_ore":1,"minecraft:piston":9,"minecraft:apple":11,"minecraft:cracked_polished_blackstone_bricks":15,"minecraft:chicken":1,"minecraft:lapis_ore":6,"minecraft:stone_axe":156,"minecraft:crimson_fungus":1,"minecraft:end_crystal":4,"minecraft:white_banner":1,"minecraft:bucket":703,"minecraft:yellow_bed":16,"minecraft:splash_potion":22},"minecraft:killed_by":{"minecraft:piglin_brute":1,"minecraft:zombie":2,"minecraft:vex":40,"minecraft:ender_dragon":1,"minecraft:ghast":1,"minecraft:creeper":4,"minecraft:piglin":2,"minecraft:player":35,"minecraft:spider":1,"minecraft:enderman":4},"minecraft:killed":{"minecraft:cave_spider":4,"minecraft:shulker":10,"minecraft:skeleton":96,"minecraft:chicken":2,"minecraft:skeleton_horse":1,"minecraft:cat":7,"minecraft:magma_cube":35,"minecraft:salmon":1,"minecraft:iron_golem":8,"minecraft:ender_dragon":1,"minecraft:pillager":108,"minecraft:donkey":2,"minecraft:zombie":303,"minecraft:cow":126,"minecraft:evoker":7,"minecraft:endermite":7,"minecraft:vindicator":33,"minecraft:horse":12,"minecraft:husk":2,"minecraft:frog":1,"minecraft:wandering_trader":2,"minecraft:ravager":4,"minecraft:polar_bear":1,"minecraft:enderman":16493,"minecraft:zombified_piglin":31,"minecraft:witch":12,"minecraft:spider":57,"minecraft:wolf":1,"minecraft:piglin":27,"minecraft:pig":6,"minecraft:zombie_villager":11,"minecraft:creeper":49,"minecraft:sheep":24,"minecraft:trader_llama":4,"minecraft:ghast":9,"minecraft:stray":4,"minecraft:blaze":72,"minecraft:vex":18,"minecraft:drowned":4,"minecraft:bat":1,"minecraft:hoglin":4,"minecraft:wither_skeleton":32,"minecraft:villager":5},"minecraft:broken":{"minecraft:shears":2,"minecraft:iron_boots":1,"minecraft:golden_sword":1,"minecraft:iron_sword":2,"minecraft:stone_sword":2,"minecraft:iron_axe":7,"minecraft:iron_pickaxe":3,"minecraft:golden_helmet":2,"minecraft:iron_shovel":6,"minecraft:golden_shovel":5,"minecraft:stone_pickaxe":2,"minecraft:flint_and_steel":2},"minecraft:dropped":{"minecraft:clay":2,"minecraft:iron_sword":3,"minecraft:porkchop":2,"minecraft:lapis_lazuli":38,"minecraft:cooked_beef":23,"minecraft:glow_ink_sac":2,"minecraft:glass_bottle":138,"minecraft:diamond":100,"minecraft:crafting_table":1,"minecraft:cooked_porkchop":32,"minecraft:crossbow":8,"minecraft:weeping_vines":1,"minecraft:cookie":2,"minecraft:glow_berries":1,"minecraft:warped_roots":18,"minecraft:fletching_table":2,"minecraft:cracked_stone_bricks":11,"minecraft:saddle":2,"minecraft:elytra":1,"minecraft:rail":28,"minecraft:leather_helmet":2,"minecraft:red_mushroom":4,"minecraft:gold_block":4,"minecraft:emerald":164,"minecraft:dirt":405,"minecraft:dark_oak_fence":1,"minecraft:mangrove_stairs":15,"minecraft:chain":25,"minecraft:wooden_sword":2,"minecraft:gold_nugget":37,"minecraft:writable_book":2,"minecraft:bone_meal":439,"minecraft:bone_block":1,"minecraft:sand":385,"minecraft:sugar":6,"minecraft:iron_pickaxe":4,"minecraft:polished_blackstone_slab":6,"minecraft:fermented_spider_eye":6,"minecraft:dark_oak_planks":1,"minecraft:mangrove_slab":79,"minecraft:white_wool":49,"minecraft:bone":123,"minecraft:stone_axe":2,"minecraft:emerald_block":22,"minecraft:sugar_cane":81,"minecraft:ancient_debris":1,"minecraft:lever":2,"minecraft:iron_nugget":2,"minecraft:golden_chestplate":2,"minecraft:cobbled_deepslate":179,"minecraft:wheat":6,"minecraft:obsidian":17,"minecraft:deepslate_brick_slab":45,"minecraft:rotten_flesh":232,"minecraft:oak_planks":56,"minecraft:enchanted_golden_apple":1,"minecraft:end_stone":45,"minecraft:light_gray_carpet":1,"minecraft:blaze_powder":15,"minecraft:azure_bluet":4,"minecraft:white_bed":4,"minecraft:warped_planks":5,"minecraft:red_mushroom_block":3,"minecraft:heavy_weighted_pressure_plate":8,"minecraft:coal_ore":8,"minecraft:quartz_block":1,"minecraft:acacia_sapling":3,"minecraft:ladder":8,"minecraft:leather_leggings":3,"minecraft:spruce_slab":66,"minecraft:end_stone_bricks":16,"minecraft:glass":87,"minecraft:beef":51,"minecraft:podzol":10,"minecraft:warped_wart_block":5,"minecraft:crying_obsidian":2,"minecraft:lectern":1,"minecraft:egg":1,"minecraft:crimson_planks":2,"minecraft:iron_ingot":1363,"minecraft:enchanted_book":3,"minecraft:golden_boots":9,"minecraft:netherite_pickaxe":1,"minecraft:birch_leaves":15,"minecraft:wheat_seeds":99,"minecraft:deepslate_redstone_ore":2,"minecraft:copper_block":10,"minecraft:tnt":1,"minecraft:polished_blackstone":1,"minecraft:deepslate_diamond_ore":4,"minecraft:netherite_chestplate":1,"minecraft:end_stone_brick_slab":59,"minecraft:purpur_slab":2,"minecraft:oak_fence":7,"minecraft:iron_helmet":3,"minecraft:feather":3,"minecraft:cobblestone":317,"minecraft:apple":1,"minecraft:granite":59,"minecraft:spruce_door":11,"minecraft:deepslate_tile_slab":2,"minecraft:coal":26,"minecraft:golden_apple":6,"minecraft:polished_blackstone_stairs":6,"minecraft:gray_wool":1,"minecraft:sculk":4,"minecraft:golden_carrot":10,"minecraft:diamond_helmet":5,"minecraft:pumpkin":19,"minecraft:chipped_anvil":3,"minecraft:paper":15,"minecraft:string":165,"minecraft:spruce_sapling":30,"minecraft:furnace":3,"minecraft:bricks":2,"minecraft:moss_carpet":6,"minecraft:redstone_ore":1,"minecraft:soul_soil":6,"minecraft:player_head":28,"minecraft:stone_sword":4,"minecraft:cobblestone_wall":15,"minecraft:deepslate":180,"minecraft:chicken":1,"minecraft:white_carpet":4,"minecraft:polished_deepslate_slab":3,"minecraft:clay_ball":76,"minecraft:iron_boots":7,"minecraft:damaged_anvil":1,"minecraft:name_tag":2,"minecraft:nether_bricks":5,"minecraft:spruce_fence":6,"minecraft:oak_sign":1,"minecraft:deepslate_lapis_ore":4,"minecraft:blast_furnace":3,"minecraft:diamond_sword":41,"minecraft:cobblestone_slab":1,"minecraft:potato":8,"minecraft:stone":467,"minecraft:spruce_boat":1,"minecraft:shroomlight":4,"minecraft:spruce_trapdoor":137,"minecraft:spruce_planks":164,"minecraft:diamond_pickaxe":15,"minecraft:stone_bricks":124,"minecraft:spider_eye":15,"minecraft:bamboo":9,"minecraft:sandstone":278,"minecraft:bow":35,"minecraft:red_sand":1,"minecraft:magma_block":37,"minecraft:quartz_slab":17,"minecraft:nether_brick_stairs":1,"minecraft:crimson_nylium":10,"minecraft:spruce_sign":12,"minecraft:soul_sand":66,"minecraft:brown_mushroom":11,"minecraft:birch_planks":1,"minecraft:diamond_axe":3,"minecraft:oak_log":17,"minecraft:baked_potato":68,"minecraft:ender_pearl":2792,"minecraft:purple_glazed_terracotta":12,"minecraft:lantern":1,"minecraft:leather":45,"minecraft:iron_horse_armor":1,"minecraft:cod":1,"minecraft:flint":4,"minecraft:music_disc_13":1,"minecraft:cracked_polished_blackstone_bricks":1,"minecraft:packed_ice":97,"minecraft:ice":504,"minecraft:netherite_scrap":2,"minecraft:cornflower":1,"minecraft:mutton":16,"minecraft:crimson_roots":5,"minecraft:snowball":32,"minecraft:amethyst_shard":6,"minecraft:polished_blackstone_bricks":1,"minecraft:stripped_oak_wood":1,"minecraft:gold_ingot":31,"minecraft:cauldron":1,"minecraft:gravel":135,"minecraft:purpur_block":9,"minecraft:blackstone":20,"minecraft:spyglass":1,"minecraft:diamond_shovel":3,"minecraft:cooked_mutton":35,"minecraft:carrot":1,"minecraft:shulker_shell":13,"minecraft:poppy":10,"minecraft:leather_chestplate":1,"minecraft:gunpowder":45,"minecraft:glowstone":20,"minecraft:chest":9,"minecraft:iron_ore":4,"minecraft:iron_bars":13,"minecraft:arrow":538,"minecraft:powered_rail":12,"minecraft:scaffolding":44,"minecraft:quartz":129,"minecraft:written_book":1,"minecraft:netherrack":3893,"minecraft:firework_rocket":2,"minecraft:stone_hoe":1,"minecraft:water_bucket":1,"minecraft:bread":416,"minecraft:oak_slab":1,"minecraft:golden_helmet":3,"minecraft:smithing_table":1,"minecraft:minecart":2,"minecraft:diamond_leggings":7,"minecraft:spectral_arrow":29,"minecraft:amethyst_block":2,"minecraft:tropical_fish":2,"minecraft:spruce_stairs":83,"minecraft:acacia_log":10,"minecraft:grass_block":63,"minecraft:stick":471,"minecraft:iron_block":89,"minecraft:diorite":139,"minecraft:nether_gold_ore":4,"minecraft:brewing_stand":1,"minecraft:torch":3,"minecraft:fire_charge":1,"minecraft:iron_leggings":6,"minecraft:polished_blackstone_brick_slab":2,"minecraft:iron_axe":5,"minecraft:cactus":2,"minecraft:music_disc_cat":1,"minecraft:dandelion":29,"minecraft:polished_deepslate":38,"minecraft:redstone":29,"minecraft:anvil":1,"minecraft:sweet_berries":1,"minecraft:warped_nylium":10,"minecraft:oak_trapdoor":8,"minecraft:dragon_head":1,"minecraft:ender_chest":1,"minecraft:blaze_rod":66,"minecraft:tuff":162,"minecraft:raw_iron":3,"minecraft:smoker":1,"minecraft:totem_of_undying":2,"minecraft:shulker_box":2,"minecraft:flint_and_steel":2,"minecraft:copper_ore":20,"minecraft:snow":1,"minecraft:shield":7,"minecraft:diamond_chestplate":5,"minecraft:dragon_egg":2,"minecraft:iron_chestplate":3,"minecraft:andesite":39,"minecraft:mossy_stone_bricks":9,"minecraft:golden_leggings":1,"minecraft:oak_boat":2,"minecraft:oak_sapling":41,"minecraft:diamond_boots":8,"minecraft:spruce_log":3,"minecraft:stripped_warped_stem":1,"minecraft:stone_pickaxe":1,"minecraft:wooden_pickaxe":2,"minecraft:raw_gold":5,"minecraft:magma_cream":2,"minecraft:nether_quartz_ore":48}},"DataVersion":3337}