{"stats":{"minecraft:killed_by":{"minecraft:pillager":1,"minecraft:ravager":1,"minecraft:vindicator":2,"minecraft:vex":11,"minecraft:stray":2,"minecraft:ender_dragon":6,"minecraft:creeper":5,"minecraft:silverfish":2,"minecraft:player":2,"minecraft:enderman":4,"minecraft:iron_golem":2,"minecraft:skeleton":4},"minecraft:mined":{"minecraft:dark_oak_planks":5,"minecraft:stripped_warped_stem":3,"minecraft:white_bed":16,"minecraft:obsidian":17,"minecraft:granite":42,"minecraft:deepslate_bricks":58,"minecraft:coal_block":3,"minecraft:purpur_slab":3,"minecraft:hopper":6,"minecraft:nether_wart":11,"minecraft:polished_blackstone_bricks":4,"minecraft:weeping_vines_plant":10,"minecraft:magma_block":61,"minecraft:cobbled_deepslate":522,"minecraft:fire":70,"minecraft:barrel":7,"minecraft:pumpkin":22,"minecraft:moss_carpet":5,"minecraft:deepslate_lapis_ore":7,"minecraft:sculk_shrieker":3,"minecraft:dirt_path":21,"minecraft:white_banner":1,"minecraft:iron_block":131,"minecraft:player_head":6,"minecraft:player_wall_head":5,"minecraft:smoker":1,"minecraft:crimson_nylium":18,"minecraft:amethyst_cluster":54,"minecraft:deepslate_tile_slab":2,"minecraft:powder_snow":12,"minecraft:torch":26,"minecraft:blast_furnace":1,"minecraft:oxidized_copper":7,"minecraft:white_stained_glass_pane":1,"minecraft:spruce_wall_sign":2,"minecraft:glass":4,"minecraft:sugar_cane":198,"minecraft:spruce_sign":3,"minecraft:amethyst_block":50,"minecraft:chain":29,"minecraft:tinted_glass":24,"minecraft:wheat":32,"minecraft:stone_brick_stairs":12,"minecraft:copper_block":146,"minecraft:grass":503,"minecraft:mangrove_log":51,"minecraft:smooth_basalt":10,"minecraft:deepslate":5072,"minecraft:stripped_birch_log":35,"minecraft:end_stone":1132,"minecraft:sea_lantern":1,"minecraft:shulker_box":34,"minecraft:nether_bricks":2,"minecraft:dark_oak_fence":3,"minecraft:spruce_fence":18,"minecraft:crimson_roots":19,"minecraft:redstone_wire":5,"minecraft:moss_block":2,"minecraft:white_concrete_powder":2,"minecraft:snow":140,"minecraft:andesite":125,"minecraft:diamond_block":22,"minecraft:potatoes":219,"minecraft:vine":13,"minecraft:rail":85,"minecraft:bamboo":14,"minecraft:bone_block":19,"minecraft:white_wool":7,"minecraft:smithing_table":2,"minecraft:mangrove_stairs":3,"minecraft:redstone_block":2,"minecraft:stone_brick_slab":2,"minecraft:dandelion":48,"minecraft:spruce_button":1,"minecraft:purpur_pillar":8,"minecraft:copper_ore":21,"minecraft:tall_grass":57,"minecraft:deepslate_gold_ore":3,"minecraft:diorite":34,"minecraft:warped_wart_block":5,"minecraft:stripped_spruce_wood":15,"minecraft:white_carpet":6,"minecraft:spruce_log":519,"minecraft:birch_leaves":1,"minecraft:mangrove_leaves":904,"minecraft:gravel":390,"minecraft:dripstone_block":26,"minecraft:cobweb":1,"minecraft:stone_bricks":96,"minecraft:gold_ore":2,"minecraft:fern":1,"minecraft:black_shulker_box":19,"minecraft:large_amethyst_bud":2,"minecraft:spruce_planks":98,"minecraft:farmland":2,"minecraft:cobbled_deepslate_stairs":10,"minecraft:mossy_stone_brick_slab":2,"minecraft:brewing_stand":1,"minecraft:spruce_trapdoor":8,"minecraft:budding_amethyst":3,"minecraft:grass_block":1386,"minecraft:white_concrete":91,"minecraft:polished_diorite":1,"minecraft:composter":2,"minecraft:iron_ore":56,"minecraft:anvil":5,"minecraft:azure_bluet":11,"minecraft:pointed_dripstone":27,"minecraft:iron_bars":2,"minecraft:end_stone_bricks":54,"minecraft:spruce_slab":28,"minecraft:deepslate_redstone_ore":36,"minecraft:exposed_copper":34,"minecraft:blackstone":46,"minecraft:purpur_stairs":7,"minecraft:clay":2,"minecraft:end_stone_brick_slab":4,"minecraft:calcite":14,"minecraft:beacon":11,"minecraft:chest":23,"minecraft:mushroom_stem":1,"minecraft:nether_quartz_ore":112,"minecraft:cobblestone":293,"minecraft:oak_planks":35,"minecraft:wall_torch":32,"minecraft:seagrass":2,"minecraft:warped_nylium":2,"minecraft:warped_planks":10,"minecraft:nether_wart_block":240,"minecraft:lapis_block":4,"minecraft:blue_ice":5,"minecraft:purpur_block":28,"minecraft:oak_log":53,"minecraft:sand":241,"minecraft:dirt":1472,"minecraft:crimson_planks":75,"minecraft:netherrack":2366,"minecraft:ancient_debris":8,"minecraft:oak_leaves":23,"minecraft:emerald_block":4,"minecraft:nether_gold_ore":15,"minecraft:tuff":714,"minecraft:stripped_mangrove_log":26,"minecraft:deepslate_diamond_ore":59,"minecraft:red_stained_glass":1,"minecraft:mangrove_roots":93,"minecraft:glow_lichen":2,"minecraft:ladder":20,"minecraft:weathered_copper":16,"minecraft:weeping_vines":1,"minecraft:brown_mushroom_block":54,"minecraft:spruce_leaves":133,"minecraft:mangrove_propagule":11,"minecraft:sandstone":59,"minecraft:crimson_stem":48,"minecraft:deepslate_brick_slab":1,"minecraft:spruce_sapling":2,"minecraft:furnace":8,"minecraft:carrots":61,"minecraft:stripped_spruce_log":211,"minecraft:gold_block":6,"minecraft:bell":4,"minecraft:bookshelf":6,"minecraft:deepslate_iron_ore":5,"minecraft:shroomlight":21,"minecraft:lantern":18,"minecraft:packed_ice":7,"minecraft:chorus_plant":3,"minecraft:stone":3781,"minecraft:podzol":5,"minecraft:flowering_azalea":1,"minecraft:magenta_stained_glass":1,"minecraft:infested_stone_bricks":3,"minecraft:spruce_door":22,"minecraft:oak_fence":3,"minecraft:crafting_table":16,"minecraft:sculk_sensor":1,"minecraft:stone_slab":3,"minecraft:lapis_ore":13,"minecraft:spruce_stairs":22,"minecraft:birch_planks":5,"minecraft:cactus":1,"minecraft:end_stone_brick_stairs":15,"minecraft:sweet_berry_bush":4,"minecraft:ice":34,"minecraft:yellow_bed":5,"minecraft:mangrove_slab":32,"minecraft:coal_ore":173,"minecraft:end_rod":6,"minecraft:cracked_stone_bricks":37,"minecraft:polished_andesite":32,"minecraft:mossy_stone_bricks":43,"minecraft:birch_fence":2},"minecraft:broken":{"minecraft:shears":3,"minecraft:iron_sword":1,"minecraft:iron_axe":1,"minecraft:iron_pickaxe":15,"minecraft:golden_helmet":1,"minecraft:iron_shovel":1,"minecraft:stone_pickaxe":3,"minecraft:leather_boots":1},"minecraft:used":{"minecraft:writable_book":1,"minecraft:elytra":29,"minecraft:spruce_slab":173,"minecraft:ladder":122,"minecraft:poppy":80,"minecraft:chest":29,"minecraft:stone":109,"minecraft:rotten_flesh":2,"minecraft:weathered_copper":16,"minecraft:deepslate_brick_slab":12,"minecraft:snowball":34,"minecraft:azure_bluet":1,"minecraft:stripped_spruce_log":75,"minecraft:spruce_boat":19,"minecraft:honeycomb":7,"minecraft:lava_bucket":5,"minecraft:mangrove_stairs":36,"minecraft:grass_block":1,"minecraft:stone_brick_stairs":12,"minecraft:stripped_mangrove_log":3,"minecraft:sweet_berries":72,"minecraft:oak_sapling":9,"minecraft:furnace":10,"minecraft:mangrove_slab":401,"minecraft:egg":2,"minecraft:end_stone_brick_stairs":15,"minecraft:potato":324,"minecraft:dragon_head":1,"minecraft:mossy_stone_bricks":2,"minecraft:diorite":2,"minecraft:end_stone_bricks":208,"minecraft:spruce_door":25,"minecraft:stripped_birch_log":18,"minecraft:blackstone":54,"minecraft:wooden_pickaxe":13,"minecraft:composter":1,"minecraft:purpur_pillar":7,"minecraft:purpur_stairs":4,"minecraft:sand":11,"minecraft:blast_furnace":1,"minecraft:birch_fence":2,"minecraft:diamond_sword":2143,"minecraft:smithing_table":3,"minecraft:compass":1,"minecraft:iron_bars":2,"minecraft:tinted_glass":97,"minecraft:netherrack":421,"minecraft:torch":412,"minecraft:anvil":7,"minecraft:warped_wart_block":1,"minecraft:shroomlight":14,"minecraft:flowering_azalea":1,"minecraft:iron_block":259,"minecraft:iron_axe":1194,"minecraft:totem_of_undying":3,"minecraft:barrel":19,"minecraft:bamboo":27,"minecraft:diamond_chestplate":15,"minecraft:goat_horn":11,"minecraft:cobbled_deepslate":6023,"minecraft:pointed_dripstone":14,"minecraft:crimson_stem":6,"minecraft:wheat_seeds":30,"minecraft:water_bucket":145,"minecraft:birch_planks":5,"minecraft:spruce_fence_gate":8,"minecraft:deepslate_bricks":852,"minecraft:cracked_stone_bricks":2,"minecraft:diamond_block":17,"minecraft:rail":76,"minecraft:vine":3,"minecraft:tnt":4,"minecraft:crafting_table":25,"minecraft:white_bed":31,"minecraft:campfire":1,"minecraft:spruce_log":119,"minecraft:oak_log":7,"minecraft:diamond_pickaxe":10799,"minecraft:diamond_shovel":2686,"minecraft:mangrove_propagule":5,"minecraft:iron_pickaxe":4363,"minecraft:spruce_trapdoor":38,"minecraft:spruce_sapling":43,"minecraft:cobblestone":523,"minecraft:potion":1,"minecraft:porkchop":12,"minecraft:cooked_porkchop":93,"minecraft:dandelion":4,"minecraft:diamond_leggings":18,"minecraft:iron_shovel":350,"minecraft:diamond_hoe":469,"minecraft:bone_block":8,"minecraft:white_concrete_powder":82,"minecraft:shield":72,"minecraft:iron_sword":400,"minecraft:nether_wart":11,"minecraft:bell":6,"minecraft:grass":3,"minecraft:mossy_stone_brick_slab":2,"minecraft:player_head":15,"minecraft:spruce_leaves":6,"minecraft:iron_chestplate":2,"minecraft:mutton":12,"minecraft:nether_bricks":2,"minecraft:carrot":228,"minecraft:deepslate_tile_slab":3,"minecraft:tuff":770,"minecraft:obsidian":15,"minecraft:glass":10,"minecraft:mangrove_log":11,"minecraft:bricks":3,"minecraft:lantern":29,"minecraft:iron_helmet":4,"minecraft:hopper_minecart":2,"minecraft:stone_bricks":122,"minecraft:mangrove_roots":40,"minecraft:mangrove_leaves":250,"minecraft:end_rod":5,"minecraft:diamond_boots":14,"minecraft:stone_pickaxe":517,"minecraft:oak_planks":30,"minecraft:ender_pearl":56,"minecraft:sugar_cane":19,"minecraft:diamond_axe":1054,"minecraft:chainmail_helmet":1,"minecraft:end_stone_brick_slab":12,"minecraft:blue_bed":1,"minecraft:white_wool":12,"minecraft:crossbow":72,"minecraft:end_stone":936,"minecraft:shears":905,"minecraft:cobbled_deepslate_stairs":65,"minecraft:exposed_copper":33,"minecraft:firework_rocket":741,"minecraft:heavy_weighted_pressure_plate":1,"minecraft:bread":142,"minecraft:deepslate":1275,"minecraft:gravel":50,"minecraft:golden_helmet":2,"minecraft:andesite":34,"minecraft:chain":28,"minecraft:white_concrete":83,"minecraft:bone_meal":164,"minecraft:oak_fence":1,"minecraft:purpur_block":23,"minecraft:trident":3,"minecraft:flint_and_steel":32,"minecraft:redstone":2,"minecraft:spruce_planks":168,"minecraft:ender_chest":2,"minecraft:stripped_birch_wood":16,"minecraft:dirt":2162,"minecraft:spyglass":13,"minecraft:white_carpet":9,"minecraft:hopper":8,"minecraft:spruce_stairs":170,"minecraft:diamond_helmet":5,"minecraft:shulker_box":32,"minecraft:granite":7,"minecraft:spruce_fence":49,"minecraft:iron_hoe":12,"minecraft:stone_brick_slab":2,"minecraft:bookshelf":2,"minecraft:iron_boots":1,"minecraft:crimson_planks":163,"minecraft:golden_carrot":9,"minecraft:netherite_pickaxe":712,"minecraft:minecart":8,"minecraft:cooked_beef":42,"minecraft:pumpkin":2,"minecraft:iron_leggings":2,"minecraft:cooked_mutton":15,"minecraft:amethyst_block":17,"minecraft:lodestone":1,"minecraft:polished_andesite":55,"minecraft:netherite_chestplate":22,"minecraft:baked_potato":299,"minecraft:copper_block":140,"minecraft:black_shulker_box":21,"minecraft:spruce_sign":2,"minecraft:beacon":10,"minecraft:warped_planks":7,"minecraft:smoker":2,"minecraft:apple":1,"minecraft:stone_slab":3,"minecraft:budding_amethyst":4,"minecraft:stone_axe":7,"minecraft:end_crystal":4,"minecraft:white_banner":4,"minecraft:bucket":154,"minecraft:yellow_bed":4,"minecraft:gray_wool":1},"minecraft:picked_up":{"minecraft:iron_chestplate":8,"minecraft:chainmail_boots":1,"minecraft:anvil":6,"minecraft:lead":5,"minecraft:smithing_table":2,"minecraft:stone_slab":3,"minecraft:diamond_sword":41,"minecraft:enchanted_book":16,"minecraft:brewing_stand":14,"minecraft:golden_sword":2,"minecraft:amethyst_block":205,"minecraft:string":24,"minecraft:shroomlight":21,"minecraft:diamond_leggings":33,"minecraft:gold_nugget":78,"minecraft:cobbled_deepslate":5035,"minecraft:spruce_planks":228,"minecraft:written_book":5,"minecraft:coal_block":3,"minecraft:mangrove_log":63,"minecraft:golden_helmet":2,"minecraft:purpur_pillar":7,"minecraft:warped_planks":10,"minecraft:end_crystal":4,"minecraft:iron_block":476,"minecraft:end_rod":9,"minecraft:iron_bars":2,"minecraft:snowball":152,"minecraft:oxidized_copper":7,"minecraft:feather":4,"minecraft:cooked_beef":12,"minecraft:water_bucket":7,"minecraft:brown_wool":1,"minecraft:copper_block":642,"minecraft:smoker":3,"minecraft:flint":96,"minecraft:stripped_spruce_wood":15,"minecraft:mangrove_slab":41,"minecraft:lantern":79,"minecraft:diamond_helmet":19,"minecraft:moss_block":20,"minecraft:honeycomb":22,"minecraft:warped_wart_block":5,"minecraft:stripped_spruce_log":208,"minecraft:ink_sac":1,"minecraft:barrel":7,"minecraft:iron_hoe":5,"minecraft:polished_andesite":35,"minecraft:deepslate":28,"minecraft:writable_book":1,"minecraft:granite":39,"minecraft:spruce_button":1,"minecraft:bread":177,"minecraft:bricks":4,"minecraft:crimson_roots":13,"minecraft:diamond_pickaxe":36,"minecraft:spruce_leaves":44,"minecraft:crafting_table":15,"minecraft:nether_wart":219,"minecraft:dragon_head":2,"minecraft:purpur_block":23,"minecraft:stripped_mangrove_log":24,"minecraft:cornflower":1,"minecraft:elytra":23,"minecraft:flint_and_steel":1,"minecraft:compass":11,"minecraft:white_carpet":10,"minecraft:iron_shovel":13,"minecraft:cracked_stone_bricks":44,"minecraft:stripped_warped_stem":3,"minecraft:deepslate_diamond_ore":6,"minecraft:beef":67,"minecraft:poppy":137,"minecraft:iron_nugget":146,"minecraft:spruce_slab":69,"minecraft:minecart":10,"minecraft:chest":62,"minecraft:birch_sapling":3,"minecraft:diamond_hoe":8,"minecraft:egg":14,"minecraft:sandstone":50,"minecraft:stone":76,"minecraft:spruce_fence":22,"minecraft:white_dye":8,"minecraft:carrot":494,"minecraft:redstone":286,"minecraft:diamond_chestplate":33,"minecraft:deepslate_bricks":245,"minecraft:shears":9,"minecraft:diamond_boots":28,"minecraft:purpur_slab":3,"minecraft:gold_ingot":50,"minecraft:totem_of_undying":12,"minecraft:mutton":124,"minecraft:white_wool":361,"minecraft:bone_block":19,"minecraft:rail":78,"minecraft:filled_map":10,"minecraft:purpur_stairs":6,"minecraft:oak_log":55,"minecraft:ancient_debris":15,"minecraft:golden_boots":1,"minecraft:blue_bed":2,"minecraft:paper":94,"minecraft:white_banner":12,"minecraft:apple":51,"minecraft:stone_bricks":180,"minecraft:stone_pickaxe":9,"minecraft:glass_bottle":1,"minecraft:mangrove_planks":5,"minecraft:iron_sword":15,"minecraft:flowering_azalea":1,"minecraft:smooth_basalt":7,"minecraft:sweet_berries":134,"minecraft:weathered_copper":16,"minecraft:gravel":291,"minecraft:spruce_sapling":186,"minecraft:spruce_log":624,"minecraft:firework_rocket":1205,"minecraft:diamond_shovel":17,"minecraft:slime_ball":14,"minecraft:stone_axe":6,"minecraft:diamond_axe":13,"minecraft:deepslate_redstone_ore":41,"minecraft:gray_wool":2,"minecraft:baked_potato":85,"minecraft:warped_nylium":3,"minecraft:mangrove_propagule":86,"minecraft:hopper":8,"minecraft:ender_pearl":1036,"minecraft:shulker_shell":155,"minecraft:wheat":34,"minecraft:exposed_copper":36,"minecraft:redstone_block":2,"minecraft:ender_chest":2,"minecraft:potion":5,"minecraft:stone_brick_stairs":4,"minecraft:crimson_planks":92,"minecraft:lapis_block":4,"minecraft:raw_copper":60,"minecraft:iron_leggings":11,"minecraft:netherite_ingot":3,"minecraft:black_shulker_box":19,"minecraft:bucket":10,"minecraft:calcite":5,"minecraft:iron_pickaxe":16,"minecraft:deepslate_iron_ore":2,"minecraft:iron_boots":9,"minecraft:furnace":17,"minecraft:tipped_arrow":5,"minecraft:stick":506,"minecraft:oak_fence":2,"minecraft:torch":635,"minecraft:spruce_stairs":53,"minecraft:porkchop":8,"minecraft:pointed_dripstone":218,"minecraft:diorite":80,"minecraft:vine":5,"minecraft:goat_horn":8,"minecraft:mangrove_stairs":5,"minecraft:rotten_flesh":107,"minecraft:mangrove_roots":41,"minecraft:obsidian":56,"minecraft:cobblestone":3347,"minecraft:andesite":144,"minecraft:beacon":11,"minecraft:potato":851,"minecraft:tuff":573,"minecraft:lapis_lazuli":1266,"minecraft:dirt":2970,"minecraft:stripped_birch_log":35,"minecraft:leather_boots":5,"minecraft:bone":199,"minecraft:bow":2,"minecraft:wheat_seeds":297,"minecraft:deepslate_brick_slab":3,"minecraft:bell":12,"minecraft:mossy_stone_bricks":114,"minecraft:bamboo":57,"minecraft:oak_planks":100,"minecraft:cooked_porkchop":524,"minecraft:poisonous_potato":10,"minecraft:sand":304,"minecraft:grass_block":5,"minecraft:diamond_block":26,"minecraft:shulker_box":47,"minecraft:light_gray_concrete":2,"minecraft:sugar":2,"minecraft:diamond":215,"minecraft:spruce_boat":21,"minecraft:crossbow":17,"minecraft:grass":3,"minecraft:bone_meal":183,"minecraft:white_concrete":95,"minecraft:spruce_sign":21,"minecraft:emerald":185,"minecraft:oak_sapling":25,"minecraft:netherrack":1054,"minecraft:chorus_fruit":44,"minecraft:end_stone_bricks":114,"minecraft:end_stone_brick_stairs":95,"minecraft:azure_bluet":6,"minecraft:ladder":25,"minecraft:brown_mushroom":104,"minecraft:gold_block":6,"minecraft:chain":110,"minecraft:shield":15,"minecraft:moss_carpet":12,"minecraft:iron_axe":24,"minecraft:birch_fence":39,"minecraft:blackstone":42,"minecraft:oak_boat":4,"minecraft:player_head":59,"minecraft:light_gray_wool":2,"minecraft:tinted_glass":23,"minecraft:sugar_cane":747,"minecraft:spruce_trapdoor":36,"minecraft:phantom_membrane":1,"minecraft:raw_iron":88,"minecraft:end_stone":1236,"minecraft:arrow":48,"minecraft:nether_bricks":2,"minecraft:saddle":16,"minecraft:glow_ink_sac":45,"minecraft:golden_carrot":9,"minecraft:crimson_stem":48,"minecraft:leather":92,"minecraft:birch_planks":5,"minecraft:yellow_bed":6,"minecraft:nether_wart_block":124,"minecraft:cobbled_deepslate_stairs":41,"minecraft:gunpowder":377,"minecraft:deepslate_tile_slab":3,"minecraft:rabbit_hide":2,"minecraft:iron_ingot":1681,"minecraft:book":138,"minecraft:emerald_block":4,"minecraft:pumpkin":162,"minecraft:budding_amethyst":4,"minecraft:stone_brick_slab":3,"minecraft:quartz":80,"minecraft:dandelion":18,"minecraft:dripstone_block":14,"minecraft:amethyst_shard":830,"minecraft:blast_furnace":1,"minecraft:white_bed":35,"minecraft:spruce_door":25,"minecraft:mossy_stone_brick_slab":2,"minecraft:spider_eye":3,"minecraft:mangrove_leaves":641,"minecraft:pumpkin_seeds":2,"minecraft:white_concrete_powder":70,"minecraft:chainmail_leggings":1,"minecraft:iron_helmet":10,"minecraft:end_stone_brick_slab":12,"minecraft:coal":528},"minecraft:crafted":{"minecraft:black_dye":8,"minecraft:diamond_shovel":2,"minecraft:bookshelf":2,"minecraft:cooked_mutton":27,"minecraft:shulker_box":4,"minecraft:glass":53,"minecraft:diamond_helmet":3,"minecraft:diamond_leggings":1,"minecraft:mangrove_stairs":40,"minecraft:deepslate":112,"minecraft:emerald":215,"minecraft:diamond_axe":2,"minecraft:spruce_door":9,"minecraft:smithing_table":2,"minecraft:copper_ingot":9,"minecraft:end_stone_brick_stairs":16,"minecraft:campfire":1,"minecraft:stone_brick_stairs":8,"minecraft:compass":1,"minecraft:iron_pickaxe":18,"minecraft:iron_block":37,"minecraft:gold_ingot":21,"minecraft:netherite_ingot":1,"minecraft:composter":1,"minecraft:spruce_fence_gate":8,"minecraft:iron_nugget":45,"minecraft:spyglass":4,"minecraft:diamond_hoe":1,"minecraft:tinted_glass":76,"minecraft:bone_meal":123,"minecraft:spruce_fence":36,"minecraft:white_carpet":6,"minecraft:lantern":13,"minecraft:diamond":45,"minecraft:spruce_stairs":200,"minecraft:stripped_birch_wood":16,"minecraft:ladder":108,"minecraft:spruce_slab":246,"minecraft:stone_pickaxe":4,"minecraft:diamond_boots":1,"minecraft:cobbled_deepslate_stairs":155,"minecraft:spruce_boat":6,"minecraft:golden_helmet":1,"minecraft:netherite_pickaxe":1,"minecraft:deepslate_brick_slab":12,"minecraft:enchanted_book":4,"minecraft:iron_shovel":2,"minecraft:iron_leggings":2,"minecraft:white_bed":20,"minecraft:mangrove_slab":366,"minecraft:oak_planks":192,"minecraft:barrel":12,"minecraft:stone":195,"minecraft:heavy_weighted_pressure_plate":1,"minecraft:hopper":6,"minecraft:stone_brick_slab":24,"minecraft:iron_boots":3,"minecraft:chest":35,"minecraft:chiseled_stone_bricks":12,"minecraft:rail":96,"minecraft:stone_bricks":124,"minecraft:smoker":2,"minecraft:white_banner":1,"minecraft:arrow":16,"minecraft:crafting_table":14,"minecraft:spruce_planks":2278,"minecraft:iron_helmet":3,"minecraft:baked_potato":341,"minecraft:wooden_pickaxe":1,"minecraft:hopper_minecart":1,"minecraft:birch_planks":4,"minecraft:black_shulker_box":3,"minecraft:tnt":6,"minecraft:spruce_trapdoor":48,"minecraft:book":1,"minecraft:iron_chestplate":1,"minecraft:paper":252,"minecraft:diamond_pickaxe":2,"minecraft:shield":3,"minecraft:stick":2787,"minecraft:iron_ingot":423,"minecraft:stone_sword":1,"minecraft:deepslate_bricks":856,"minecraft:shears":5,"minecraft:polished_andesite":53,"minecraft:redstone":18,"minecraft:coal":9,"minecraft:furnace":6,"minecraft:diamond_block":6,"minecraft:end_stone_bricks":168,"minecraft:flint_and_steel":2,"minecraft:netherite_chestplate":1,"minecraft:netherite_leggings":1,"minecraft:white_concrete_powder":80,"minecraft:polished_deepslate":856,"minecraft:iron_axe":6,"minecraft:iron_hoe":1,"minecraft:netherite_scrap":7,"minecraft:minecart":3,"minecraft:cooked_beef":38,"minecraft:red_dye":1,"minecraft:crimson_planks":168,"minecraft:spruce_sign":3,"minecraft:iron_sword":3,"minecraft:mangrove_planks":280,"minecraft:bucket":7,"minecraft:stone_axe":1,"minecraft:lodestone":1,"minecraft:white_dye":7,"minecraft:anvil":3,"minecraft:torch":424,"minecraft:lapis_lazuli":18,"minecraft:diamond_chestplate":3,"minecraft:firework_rocket":198},"minecraft:custom":{"minecraft:interact_with_crafting_table":321,"minecraft:open_barrel":42,"minecraft:bell_ring":309,"minecraft:leave_game":90,"minecraft:time_since_death":1202958,"minecraft:damage_blocked_by_shield":2790,"minecraft:play_time":3583335,"minecraft:deaths":53,"minecraft:jump":43304,"minecraft:enchant_item":48,"minecraft:interact_with_furnace":130,"minecraft:traded_with_villager":194,"minecraft:sleep_in_bed":92,"minecraft:damage_dealt":96940,"minecraft:interact_with_smoker":70,"minecraft:horse_one_cm":8312,"minecraft:interact_with_smithing_table":5,"minecraft:interact_with_anvil":41,"minecraft:inspect_hopper":40,"minecraft:sneak_time":489823,"minecraft:interact_with_blast_furnace":5,"minecraft:total_world_time":3583335,"minecraft:interact_with_stonecutter":2,"minecraft:time_since_rest":67565,"minecraft:swim_one_cm":125467,"minecraft:fly_one_cm":11357755,"minecraft:open_chest":720,"minecraft:fall_one_cm":1275815,"minecraft:animals_bred":5,"minecraft:open_shulker_box":190,"minecraft:sprint_one_cm":9439080,"minecraft:drop":2318,"minecraft:talked_to_villager":160,"minecraft:interact_with_brewingstand":5,"minecraft:walk_on_water_one_cm":162269,"minecraft:interact_with_loom":7,"minecraft:open_enderchest":142,"minecraft:interact_with_beacon":21,"minecraft:player_kills":15,"minecraft:crouch_one_cm":1134242,"minecraft:mob_kills":6374,"minecraft:climb_one_cm":438091,"minecraft:walk_one_cm":5750645,"minecraft:raid_win":2,"minecraft:walk_under_water_one_cm":198414,"minecraft:boat_one_cm":53749,"minecraft:raid_trigger":4,"minecraft:interact_with_grindstone":51,"minecraft:damage_taken":43929,"minecraft:damage_absorbed":117,"minecraft:aviate_one_cm":22723311},"minecraft:killed":{"minecraft:shulker":18,"minecraft:skeleton":29,"minecraft:fox":1,"minecraft:iron_golem":5,"minecraft:ender_dragon":1,"minecraft:pillager":79,"minecraft:zombie":64,"minecraft:glow_squid":3,"minecraft:cow":23,"minecraft:evoker":5,"minecraft:vindicator":25,"minecraft:endermite":2,"minecraft:ravager":4,"minecraft:enderman":5958,"minecraft:witch":9,"minecraft:spider":25,"minecraft:silverfish":18,"minecraft:piglin":3,"minecraft:pig":2,"minecraft:zombie_villager":1,"minecraft:creeper":23,"minecraft:sheep":30,"minecraft:stray":7,"minecraft:vex":8,"minecraft:slime":16,"minecraft:phantom":1,"minecraft:squid":1},"minecraft:dropped":{"minecraft:iron_sword":6,"minecraft:lapis_lazuli":11,"minecraft:cooked_beef":3,"minecraft:chorus_fruit":8,"minecraft:glass_bottle":2,"minecraft:diamond":19,"minecraft:crafting_table":4,"minecraft:cooked_porkchop":3,"minecraft:crossbow":1,"minecraft:cracked_stone_bricks":16,"minecraft:purpur_stairs":2,"minecraft:elytra":1,"minecraft:rail":52,"minecraft:emerald":96,"minecraft:gold_block":5,"minecraft:dirt":397,"minecraft:birch_fence":37,"minecraft:mangrove_stairs":2,"minecraft:chain":10,"minecraft:gold_nugget":12,"minecraft:bone_meal":28,"minecraft:sand":22,"minecraft:sugar":2,"minecraft:iron_pickaxe":9,"minecraft:white_wool":8,"minecraft:mangrove_slab":2,"minecraft:blue_bed":1,"minecraft:bone":12,"minecraft:stone_axe":4,"minecraft:compass":1,"minecraft:sugar_cane":5,"minecraft:iron_nugget":43,"minecraft:cobbled_deepslate":330,"minecraft:tinted_glass":6,"minecraft:birch_sapling":2,"minecraft:wheat":4,"minecraft:deepslate_brick_slab":2,"minecraft:rotten_flesh":67,"minecraft:oak_planks":53,"minecraft:end_stone":4,"minecraft:azure_bluet":5,"minecraft:white_bed":1,"minecraft:warped_planks":3,"minecraft:tipped_arrow":2,"minecraft:hopper":5,"minecraft:ladder":11,"minecraft:white_dye":7,"minecraft:spruce_slab":31,"minecraft:beef":1,"minecraft:warped_wart_block":4,"minecraft:crimson_planks":21,"minecraft:enchanted_book":1,"minecraft:golden_boots":1,"minecraft:iron_ingot":200,"minecraft:wheat_seeds":61,"minecraft:mangrove_leaves":265,"minecraft:cobbled_deepslate_stairs":12,"minecraft:copper_block":1,"minecraft:dripstone_block":8,"minecraft:iron_helmet":2,"minecraft:oak_fence":1,"minecraft:purpur_slab":2,"minecraft:feather":4,"minecraft:cobblestone":1332,"minecraft:apple":5,"minecraft:granite":32,"minecraft:spruce_door":3,"minecraft:chainmail_helmet":1,"minecraft:coal":1,"minecraft:polished_andesite":4,"minecraft:gray_wool":1,"minecraft:diamond_helmet":3,"minecraft:white_banner":1,"minecraft:iron_shovel":2,"minecraft:paper":28,"minecraft:string":14,"minecraft:spruce_sapling":74,"minecraft:stone_brick_slab":1,"minecraft:furnace":2,"minecraft:bricks":1,"minecraft:moss_carpet":12,"minecraft:player_head":25,"minecraft:stone_sword":1,"minecraft:deepslate":2,"minecraft:white_carpet":7,"minecraft:iron_boots":3,"minecraft:light_gray_concrete":2,"minecraft:spruce_fence":9,"minecraft:shears":3,"minecraft:pumpkin_seeds":2,"minecraft:diamond_sword":11,"minecraft:potato":241,"minecraft:spruce_boat":2,"minecraft:stone":5,"minecraft:spruce_trapdoor":11,"minecraft:spruce_planks":230,"minecraft:diamond_pickaxe":7,"minecraft:yellow_bed":1,"minecraft:stone_bricks":15,"minecraft:bamboo":2,"minecraft:bow":1,"minecraft:stripped_spruce_wood":6,"minecraft:spruce_sign":3,"minecraft:moss_block":1,"minecraft:brown_mushroom":11,"minecraft:baked_potato":39,"minecraft:ender_pearl":409,"minecraft:lantern":4,"minecraft:leather":14,"minecraft:honeycomb":2,"minecraft:mangrove_planks":31,"minecraft:flint":20,"minecraft:cornflower":1,"minecraft:mutton":3,"minecraft:crimson_roots":13,"minecraft:snowball":85,"minecraft:amethyst_shard":16,"minecraft:gold_ingot":4,"minecraft:gravel":116,"minecraft:blackstone":38,"minecraft:spyglass":3,"minecraft:mangrove_roots":1,"minecraft:pointed_dripstone":9,"minecraft:diamond_shovel":2,"minecraft:carrot":7,"minecraft:shulker_shell":1,"minecraft:poppy":85,"minecraft:rabbit_hide":1,"minecraft:gunpowder":63,"minecraft:chest":1,"minecraft:chainmail_boots":1,"minecraft:arrow":20,"minecraft:quartz":70,"minecraft:written_book":1,"minecraft:netherrack":435,"minecraft:firework_rocket":41,"minecraft:water_bucket":1,"minecraft:bread":3,"minecraft:stripped_spruce_log":3,"minecraft:golden_helmet":2,"minecraft:exposed_copper":2,"minecraft:minecart":1,"minecraft:diamond_leggings":2,"minecraft:poisonous_potato":7,"minecraft:mangrove_propagule":19,"minecraft:amethyst_block":49,"minecraft:hopper_minecart":1,"minecraft:copper_ingot":1,"minecraft:spruce_stairs":33,"minecraft:grass_block":4,"minecraft:stick":100,"minecraft:iron_block":6,"minecraft:diorite":74,"minecraft:brewing_stand":3,"minecraft:torch":20,"minecraft:white_concrete":5,"minecraft:brown_wool":1,"minecraft:iron_leggings":4,"minecraft:iron_axe":5,"minecraft:dandelion":14,"minecraft:smooth_basalt":7,"minecraft:redstone":2,"minecraft:sweet_berries":20,"minecraft:raw_copper":4,"minecraft:tuff":197,"minecraft:light_gray_wool":2,"minecraft:iron_hoe":1,"minecraft:smoker":1,"minecraft:shulker_box":1,"minecraft:flint_and_steel":2,"minecraft:deepslate_bricks":3,"minecraft:end_stone_brick_stairs":32,"minecraft:diamond_chestplate":2,"minecraft:iron_chestplate":1,"minecraft:andesite":57,"minecraft:mossy_stone_bricks":31,"minecraft:oak_sapling":1,"minecraft:golden_sword":2,"minecraft:spruce_log":4,"minecraft:stripped_warped_stem":3,"minecraft:stone_pickaxe":7,"minecraft:wooden_pickaxe":1,"minecraft:calcite":3}},"DataVersion":3337}