{
  "type": "minecraft:chest",
  "pools": [
    {
      "rolls": {
        "type": "minecraft:uniform",
        "min": 3.0,
        "max": 5.0
      },
      "bonus_rolls": 1.0,
      "functions": [
        {
          "function": "set_count",
          "count": {
            "type": "uniform",
            "min": 1,
            "max": 5
          }
        }
      ],
      "entries": [
        {
          "type": "minecraft:item",
          "name": "minecraft:bone_block",
          "weight": 2
        },
        {
          "type": "minecraft:item",
          "name": "minecraft:bone",
          "weight": 2
        },
        {
          "type": "minecraft:item",
          "name": "minecraft:gold_block",
          "weight": 1
        },
        {
          "type": "minecraft:item",
          "name": "minecraft:gold_ingot",
          "weight": 2
        },
        {
          "type": "minecraft:item",
          "name": "minecraft:netherite_scrap",
          "weight": 1
        }
      ]
    },
    {
      "rolls": {
        "type": "minecraft:uniform",
        "min": 3.0,
        "max": 6.0
      },
      "bonus_rolls": 1.0,
      "entries": [
        {
          "type": "minecraft:item",
          "name": "minecraft:ancient_debris",
          "weight": 1,
          "functions": [
            {
              "function": "set_count",
              "count": {
                "type": "uniform",
                "min": 1,
                "max": 4
              }
            }
          ]
        },
        {
          "type": "minecraft:item",
          "name": "minecraft:netherite_scrap",
          "weight": 1,
          "functions": [
            {
              "function": "set_count",
              "count": {
                "type": "uniform",
                "min": 1,
                "max": 4
              }
            }
          ]
        },  
        {
          "type": "minecraft:item",
          "name": "minecraft:crimson_stem",
          "weight": 2,
          "functions": [
            {
              "function": "set_count",
              "count": {
                "type": "uniform",
                "min": 1,
                "max": 5
              }
            }
          ]
        },  
        {
          "type": "minecraft:item",
          "name": "minecraft:stripped_crimson_stem",
          "weight": 2,
          "functions": [
            {
              "function": "set_count",
              "count": {
                "type": "uniform",
                "min": 1,
                "max": 4
              }
            }
          ]
        },  
        {
          "type": "minecraft:item",
          "name": "minecraft:crimson_planks",
          "weight": 2,
          "functions": [
            {
              "function": "set_count",
              "count": {
                "type": "uniform",
                "min": 1,
                "max": 6
              }
            }
          ]
        },  
        {
          "type": "minecraft:item",
          "name": "minecraft:nether_quartz_ore",
          "weight": 2,
          "functions": [
            {
              "function": "set_count",
              "count": {
                "type": "uniform",
                "min": 1,
                "max": 4
              }
            }
          ]
        },  
        {
          "type": "minecraft:item",
          "name": "minecraft:quartz",
          "weight": 2,
          "functions": [
            {
              "function": "set_count",
              "count": {
                "type": "uniform",
                "min": 1,
                "max": 5
              }
            }
          ]
        },  
        {
          "type": "minecraft:item",
          "name": "minecraft:quartz_block",
          "weight": 2,
          "functions": [
            {
              "function": "set_count",
              "count": {
                "type": "uniform",
                "min": 1,
                "max": 4
              }
            }
          ]
        }
      ]
    }
  ]
}