{
  "type": "minecraft:chest",
  "pools": [
    {
      "rolls": 1.0,
      "bonus_rolls": 1.0,
      "functions": [
        {
          "function": "set_count",
          "count": {
            "type": "uniform",
            "min": 1,
            "max": 5
          }
        }
      ],
      "entries": [
        {
          "type": "minecraft:item",
          "name": "minecraft:gold_block",
          "weight": 1
        },
        {
          "type": "minecraft:item",
          "name": "minecraft:gold_ingot",
          "weight": 2
        }
      ]
    },
    {
      "rolls": {
        "type": "minecraft:uniform",
        "min": 6.0,
        "max": 12.0
      },
      "bonus_rolls": 1.0,
      "entries": [
        {
          "type": "minecraft:item",
          "name": "minecraft:crimson_planks",
          "weight": 1,
          "functions": [
            {
              "function": "set_count",
              "count": {
                "type": "uniform",
                "min": 1,
                "max": 4
              }
            }
          ]
        },
        {
          "type": "minecraft:item",
          "name": "minecraft:nether_bricks",
          "weight": 1,
          "functions": [
            {
              "function": "set_count",
              "count": {
                "type": "uniform",
                "min": 1,
                "max": 4
              }
            }
          ]
        },
        {
          "type": "minecraft:item",
          "name": "minecraft:gold_ingot",
          "weight": 2,
          "functions": [
            {
              "function": "set_count",
              "count": {
                "type": "uniform",
                "min": 1,
                "max": 6
              }
            }
          ]
        },
        {
          "type": "minecraft:item",
          "name": "minecraft:netherite_scrap",
          "weight": 2,
          "functions": [
            {
              "function": "set_count",
              "count": {
                "type": "uniform",
                "min": 1,
                "max": 2
              }
            }
          ]
        },
        {
          "type": "minecraft:item",
          "name": "minecraft:nether_gold_ore",
          "weight": 2,
          "functions": [
            {
              "function": "set_count",
              "count": {
                "type": "uniform",
                "min": 1,
                "max": 4
              }
            }
          ]
        },
        {
          "type": "minecraft:item",
          "name": "minecraft:glowstone",
          "weight": 2,
          "functions": [
            {
              "function": "set_count",
              "count": {
                "type": "uniform",
                "min": 1,
                "max": 7
              }
            }
          ]
        },
        {
          "type": "minecraft:item",
          "name": "minecraft:glowstone_dust",
          "weight": 2,
          "functions": [
            {
              "function": "set_count",
              "count": {
                "type": "uniform",
                "min": 1,
                "max": 14
              }
            }
          ]
        },
        {
          "type": "minecraft:item",
          "name": "minecraft:arrow",
          "weight": 2,
          "functions": [
            {
              "function": "set_count",
              "count": {
                "type": "uniform",
                "min": 1,
                "max": 12
              }
            }
          ]
        },
        {
          "type": "minecraft:item",
          "name": "minecraft:golden_leggings",
          "weight": 1,
          "functions": [
            {
              "function": "set_damage",
              "damage": {
                "type": "uniform",
                "min": 0.3,
                "max": 1.0
              }
            }
          ]
        },
        {
          "type": "minecraft:item",
          "name": "minecraft:golden_boots",
          "weight": 1,
          "functions": [
            {
              "function": "enchant_randomly"
              },
              {
                "function": "set_damage",
                "damage": {
                  "type": "uniform",
                  "min": 0.3,
                  "max": 1.0
              }
            }
          ]
        },
        {
          "type": "minecraft:item",
          "name": "minecraft:golden_helmet",
          "weight": 1,
          "functions": [
            {
              "function": "set_damage",
              "damage": {
                "type": "uniform",
                "min": 0.3,
                "max": 1.0
              }
            }
          ]
        },
        {
          "type": "minecraft:item",
          "name": "minecraft:golden_chestplate",
          "weight": 1,
          "functions": [
            {
              "function": "enchant_randomly"
            },
            {
              "function": "set_damage",
              "damage": {
                "type": "uniform",
                "min": 0.3,
                "max": 1.0
              }
            }
          ]
        },
        {
          "type": "minecraft:item",
          "name": "minecraft:golden_pickaxe",
          "weight": 1,
          "functions": [
            {
              "function": "enchant_randomly"
            },
            {
              "function": "set_damage",
              "damage": {
                "type": "uniform",
                "min": 0.3,
                "max": 1.0
              }
            }
          ]
        },
        {
          "type": "minecraft:item",
          "name": "minecraft:golden_sword",
          "weight": 1,
          "functions": [
          {
            "function": "set_damage",
            "damage": {
              "type": "uniform",
              "min": 0.3,
              "max": 1.0
            }
            }
          ]
        },
        {
          "type": "minecraft:item",
          "name": "minecraft:crossbow",
          "weight": 1,
          "functions": [
            {
              "function": "enchant_randomly"
              },
              {
                "function": "set_damage",
                "damage": {
                  "type": "uniform",
                  "min": 0.3,
                  "max": 1.0
                }
                }
            ]
        },
        {
          "type": "minecraft:item",
          "name": "minecraft:golden_axe",
          "weight": 1,
          "functions": [
            {
              "function": "set_damage",
              "damage": {
                "type": "uniform",
                "min": 0.3,
                "max": 1.0
              }
              }
          ]
        }
      ]
    },
    {
      "rolls": {
        "type": "minecraft:uniform",
        "min": 1.0,
        "max": 2.0
      },
      "bonus_rolls": 1.0,
      "entries": [
        {
          "type": "minecraft:item",
          "name": "minecraft:crimson_stem",
          "weight": 1,
          "functions": [
            {
              "function": "set_count",
              "count": {
                "type": "uniform",
                "min": 1,
                "max": 5
              }
            }
          ]
        },  
        {
          "type": "minecraft:item",
          "name": "minecraft:stripped_crimson_stem",
          "weight": 1,
          "functions": [
            {
              "function": "set_count",
              "count": {
                "type": "uniform",
                "min": 1,
                "max": 4
              }
            }
          ]
        },  
        {
          "type": "minecraft:item",
          "name": "minecraft:crimson_planks",
          "weight": 1,
          "functions": [
            {
              "function": "set_count",
              "count": {
                "type": "uniform",
                "min": 1,
                "max": 5
              }
            }
          ]
        }
      ]
    }
  ]
}