{
  "type": "minecraft:chest",
  "pools": [
    {
      "rolls": {
        "type": "minecraft:uniform",
        "min": 2.0,
        "max": 6.0
      },
      "bonus_rolls": 1.0,
      "functions": [
        {
          "function": "set_count",
          "count": {
            "type": "uniform",
            "min": 1,
            "max": 6
          }
        }
      ],
      "entries": [
        {
          "type": "minecraft:item",
          "name": "minecraft:bone_block",
          "weight": 1
        },
        {
          "type": "minecraft:item",
          "name": "minecraft:bone",
          "weight": 1
        },
        {
          "type": "minecraft:item",
          "name": "minecraft:gold_ingot",
          "weight": 1
        },
        {
          "type": "minecraft:item",
          "name": "minecraft:polished_blackstone",
          "weight": 2
        },
        {
          "type": "minecraft:item",
          "name": "minecraft:cracked_nether_bricks",
          "weight": 2
        },
        {
          "type": "minecraft:item",
          "name": "minecraft:magma_block",
          "weight": 2
        },
        {
          "type": "minecraft:item",
          "name": "minecraft:magma_cream",
          "weight": 2
        },
        {
          "type": "minecraft:item",
          "name": "minecraft:netherrack",
          "weight": 2
        }
      ]
    },
    {
      "rolls": {
        "type": "minecraft:uniform",
        "min": 2.0,
        "max": 12.0
      },
      "bonus_rolls": 1.0,
      "entries": [
        {
          "type": "minecraft:item",
          "name": "minecraft:gold_block",
          "weight": 3,
          "functions": [
            {
              "function": "set_count",
              "count": {
                "type": "uniform",
                "min": 1,
                "max": 5
              }
            }
          ]
        },
        {
          "type": "minecraft:item",
          "name": "minecraft:gilded_blackstone",
          "weight": 3,
          "functions": [
            {
              "function": "set_count",
              "count": {
                "type": "uniform",
                "min": 1,
                "max": 10
              }
            }
          ]
        },
        {
          "type": "minecraft:item",
          "name": "minecraft:basalt",
          "weight": 3,
          "functions": [
            {
              "function": "set_count",
              "count": {
                "type": "uniform",
                "min": 1,
                "max": 10
              }
            }
          ]
        },
        {
          "type": "minecraft:item",
          "name": "minecraft:ancient_debris",
          "weight": 3,
          "functions": [
            {
              "function": "set_count",
              "count": {
                "type": "uniform",
                "min": 1,
                "max": 6
              }
            }
          ]
        },
        {
          "type": "minecraft:item",
          "name": "minecraft:netherite_block",
          "weight": 1,
          "functions": [
            {
              "function": "set_count",
              "count": {
                "type": "uniform",
                "min": 1,
                "max": 2
              }
            }
          ]
        },
        {
          "type": "minecraft:item",
          "name": "minecraft:netherite_ingot",
          "weight": 2,
          "functions": [
            {
              "function": "set_count",
              "count": {
                "type": "uniform",
                "min": 1,
                "max": 3
              }
            }
          ]
        },
        {
          "type": "minecraft:item",
          "name": "minecraft:netherite_scrap",
          "weight": 3,
          "functions": [
            {
              "function": "set_count",
              "count": {
                "type": "uniform",
                "min": 1,
                "max": 6
              }
            }
          ]
        },
        {
          "type": "minecraft:item",
          "name": "minecraft:netherite_pickaxe",
          "weight": 1,
          "functions": [
            {
              "function": "enchant_randomly"
              },
              {
                "function": "set_damage",
                "damage": {
                  "type": "uniform",
                  "min": 0.3,
                  "max": 0.8
                }
                }
            ]
          },
          {
            "type": "minecraft:item",
            "name": "minecraft:netherite_leggings",
            "weight": 1,
            "functions": [
              {
                "function": "enchant_randomly"
              },
              {
                "function": "set_damage",
                "damage": {
                  "type": "uniform",
                  "min": 0.3,
                  "max": 0.8
                }
                }
            ]
          },
        {
          "type": "minecraft:item",
          "name": "minecraft:netherite_helmet",
          "weight": 1,
          "functions": [
            {
              "function": "enchant_randomly"
              },
              {
                "function": "set_damage",
                "damage": {
                  "type": "uniform",
                  "min": 0.3,
                  "max": 0.8
                }
                }
            ]
          },
          {
            "type": "minecraft:item",
            "name": "minecraft:netherite_boots",
            "weight": 1,
            "functions": [
              {
                "function": "enchant_randomly"
              },
              {
                "function": "set_damage",
                "damage": {
                  "type": "uniform",
                  "min": 0.3,
                  "max": 0.8
                }
                }
            ]
          },
          {
            "type": "minecraft:item",
            "name": "minecraft:netherite_axe",
            "weight": 1,
            "functions": [
              {
                "function": "set_damage",
                "damage": {
                  "type": "uniform",
                  "min": 0.3,
                  "max": 0.8
                }
                }
            ]
            },
            {
              "type": "minecraft:item",
              "name": "minecraft:netherite_shovel",
              "weight": 1,
              "functions": [
                {
                  "function": "set_damage",
                  "damage": {
                    "type": "uniform",
                    "min": 0.3,
                    "max": 0.8
                  }
                  }
              ]
            },
          {
            "type": "minecraft:item",
            "name": "minecraft:netherite_chestplate",
            "weight": 1,
            "functions": [
              {
                "function": "set_damage",
                "damage": {
                  "type": "uniform",
                  "min": 0.3,
                  "max": 0.8
                }
                }
            ]
            },
            {
              "type": "minecraft:item",
              "name": "minecraft:netherite_hoe",
              "weight": 1,
              "functions": [
                {
                "function": "set_damage",
                "damage": {
                  "type": "uniform",
                  "min": 0.3,
                  "max": 0.8
                }
                }
              ]
            },
            {
              "type": "minecraft:item",
              "name": "minecraft:quartz",
              "weight": 3,
              "functions": [
                {
                  "function": "set_count",
                  "count": {
                    "type": "uniform",
                    "min": 1,
                    "max": 5
                  }
                }
              ]
              },
              {
                "type": "minecraft:item",
                "name": "minecraft:nether_quartz_ore",
                "weight": 3,
                "functions": [
                  {
                    "function": "set_count",
                    "count": {
                      "type": "uniform",
                      "min": 1,
                      "max": 4
                    }
                  }
                ]
                }
        ]
      }
   ]
}