{"stats":{"minecraft:crafted":{"minecraft:ender_chest":1,"minecraft:lime_stained_glass":64,"minecraft:black_dye":2,"minecraft:light_gray_concrete_powder":128,"minecraft:purple_bed":1,"minecraft:mangrove_fence_gate":4,"minecraft:chain":9,"minecraft:blue_stained_glass_pane":16,"minecraft:loom":1,"minecraft:polished_blackstone_slab":12,"minecraft:nether_brick":25,"minecraft:cooked_mutton":29,"minecraft:glass":114,"minecraft:diamond_helmet":1,"minecraft:diamond_leggings":3,"minecraft:polished_blackstone":8,"minecraft:magenta_dye":3,"minecraft:name_tag":4,"minecraft:flower_pot":1,"minecraft:furnace_minecart":1,"minecraft:emerald":288,"minecraft:spruce_door":3,"minecraft:purple_banner":2,"minecraft:red_nether_bricks":12,"minecraft:green_stained_glass":8,"minecraft:campfire":2,"minecraft:stone_brick_stairs":8,"minecraft:wooden_hoe":1,"minecraft:compass":1,"minecraft:iron_pickaxe":7,"minecraft:iron_block":86,"minecraft:gold_ingot":1,"minecraft:light_gray_dye":19,"minecraft:polished_blackstone_bricks":2,"minecraft:golden_carrot":96,"minecraft:stone_shovel":2,"minecraft:iron_nugget":45,"minecraft:spyglass":1,"minecraft:crimson_fence_gate":8,"minecraft:soul_torch":4,"minecraft:yellow_bed":1,"minecraft:lime_stained_glass_pane":64,"minecraft:spruce_fence":9,"minecraft:pink_dye":2,"minecraft:white_carpet":6,"minecraft:spruce_stairs":56,"minecraft:ladder":18,"minecraft:spruce_slab":6,"minecraft:stone_pickaxe":4,"minecraft:diamond_boots":2,"minecraft:light_blue_wool":6,"minecraft:red_bed":1,"minecraft:yellow_stained_glass_pane":8,"minecraft:glowstone":4,"minecraft:white_stained_glass":16,"minecraft:enchanted_book":5,"minecraft:green_stained_glass_pane":64,"minecraft:polished_blackstone_brick_wall":22,"minecraft:soul_lantern":3,"minecraft:cobblestone":3,"minecraft:wooden_axe":3,"minecraft:iron_shovel":2,"minecraft:iron_leggings":1,"minecraft:white_bed":1,"minecraft:brick":4,"minecraft:oak_planks":186,"minecraft:light_blue_banner":1,"minecraft:flower_banner_pattern":1,"minecraft:green_dye":20,"minecraft:cake":1,"minecraft:bow":1,"minecraft:iron_boots":2,"minecraft:chest":8,"minecraft:ender_eye":2,"minecraft:oak_fence":6,"minecraft:golden_sword":2,"minecraft:oak_slab":48,"minecraft:item_frame":5,"minecraft:crafting_table":6,"minecraft:spruce_planks":219,"minecraft:iron_helmet":1,"minecraft:chiseled_polished_blackstone":12,"minecraft:apple":4,"minecraft:spruce_trapdoor":12,"minecraft:string":172,"minecraft:book":6,"minecraft:iron_chestplate":2,"minecraft:paper":342,"minecraft:diamond_pickaxe":1,"minecraft:yellow_dye":5,"minecraft:purple_dye":36,"minecraft:shield":5,"minecraft:stick":417,"minecraft:light_blue_dye":6,"minecraft:iron_ingot":27,"minecraft:stone_sword":2,"minecraft:shears":1,"minecraft:deepslate_tile_slab":148,"minecraft:purple_wool":31,"minecraft:coal":9,"minecraft:fishing_rod":1,"minecraft:furnace":2,"minecraft:stone_button":1,"minecraft:gray_dye":2,"minecraft:glass_pane":208,"minecraft:flint_and_steel":3,"minecraft:leather":13,"minecraft:iron_axe":3,"minecraft:iron_hoe":1,"minecraft:lime_dye":16,"minecraft:filled_map":1,"minecraft:minecart":2,"minecraft:sugar":2,"minecraft:red_dye":27,"minecraft:crimson_planks":16,"minecraft:diamond_sword":1,"minecraft:cyan_dye":4,"minecraft:iron_trapdoor":10,"minecraft:iron_sword":4,"minecraft:bowl":4,"minecraft:mangrove_planks":20,"minecraft:bucket":15,"minecraft:stone_axe":2,"minecraft:air":0,"minecraft:bread":5,"minecraft:blue_dye":38,"minecraft:white_dye":68,"minecraft:anvil":1,"minecraft:torch":24,"minecraft:diamond_chestplate":1,"minecraft:firework_rocket":951},"minecraft:mined":{"minecraft:stripped_warped_stem":13,"minecraft:white_bed":30,"minecraft:carved_pumpkin":8,"minecraft:granite":25,"minecraft:red_sand":221,"minecraft:lime_stained_glass":37,"minecraft:nether_wart":11,"minecraft:oxeye_daisy":10,"minecraft:polished_blackstone_bricks":1,"minecraft:cobbled_deepslate":44,"minecraft:fire":41,"minecraft:moss_carpet":2,"minecraft:deepslate_lapis_ore":2,"minecraft:lime_stained_glass_pane":51,"minecraft:oak_sign":4,"minecraft:dirt_path":7,"minecraft:oak_stairs":54,"minecraft:small_amethyst_bud":1,"minecraft:light_gray_concrete":183,"minecraft:player_head":3,"minecraft:brown_mushroom":1,"minecraft:red_bed":3,"minecraft:player_wall_head":1,"minecraft:amethyst_cluster":16,"minecraft:deepslate_tile_slab":19,"minecraft:torch":9,"minecraft:dead_bush":2,"minecraft:glass":3,"minecraft:sugar_cane":237,"minecraft:spruce_sign":3,"minecraft:amethyst_block":21,"minecraft:wheat":29,"minecraft:grass":143,"minecraft:mangrove_log":15,"minecraft:red_mushroom_block":69,"minecraft:stonecutter":1,"minecraft:deepslate":687,"minecraft:blue_stained_glass_pane":1,"minecraft:mossy_cobblestone":1,"minecraft:stripped_birch_log":4,"minecraft:shulker_box":55,"minecraft:spruce_fence":5,"minecraft:warped_wall_sign":5,"minecraft:vine":6,"minecraft:rail":13,"minecraft:warped_stem":45,"minecraft:bamboo":101,"minecraft:white_wool":8,"minecraft:ender_chest":1,"minecraft:oak_slab":7,"minecraft:gray_concrete":30,"minecraft:comparator":1,"minecraft:soul_sand":3,"minecraft:polished_blackstone_brick_wall":10,"minecraft:dandelion":9,"minecraft:cornflower":37,"minecraft:light_gray_concrete_powder":8,"minecraft:emerald_ore":1,"minecraft:warped_roots":2,"minecraft:campfire":1,"minecraft:tall_grass":22,"minecraft:copper_ore":37,"minecraft:green_stained_glass_pane":8,"minecraft:diorite":104,"minecraft:warped_wart_block":53,"minecraft:purple_bed":5,"minecraft:white_carpet":67,"minecraft:spruce_log":35,"minecraft:birch_leaves":2,"minecraft:mangrove_leaves":48,"minecraft:stone_bricks":1,"minecraft:iron_trapdoor":10,"minecraft:fern":4,"minecraft:spruce_planks":141,"minecraft:spruce_trapdoor":3,"minecraft:budding_amethyst":1,"minecraft:grass_block":457,"minecraft:potted_mangrove_propagule":2,"minecraft:warped_sign":2,"minecraft:glowstone":1,"minecraft:iron_ore":21,"minecraft:azure_bluet":10,"minecraft:spruce_slab":1,"minecraft:deepslate_redstone_ore":28,"minecraft:blackstone":126,"minecraft:poppy":16,"minecraft:chest":12,"minecraft:mushroom_stem":7,"minecraft:nether_quartz_ore":7,"minecraft:cobblestone":128,"minecraft:oak_planks":41,"minecraft:wall_torch":11,"minecraft:warped_nylium":5,"minecraft:warped_planks":3,"minecraft:nether_wart_block":2,"minecraft:birch_log":29,"minecraft:yellow_stained_glass_pane":1,"minecraft:oak_log":65,"minecraft:sand":135,"minecraft:dirt":819,"minecraft:netherrack":273,"minecraft:oak_leaves":89,"minecraft:nether_gold_ore":3,"minecraft:tuff":75,"minecraft:quartz_stairs":3,"minecraft:oak_door":5,"minecraft:mangrove_roots":53,"minecraft:glow_lichen":1,"minecraft:ladder":14,"minecraft:stone_button":1,"minecraft:spruce_leaves":12,"minecraft:mangrove_propagule":1,"minecraft:crimson_stem":4,"minecraft:carrots":4,"minecraft:stripped_spruce_log":17,"minecraft:black_concrete":32,"minecraft:shroomlight":5,"minecraft:stripped_oak_log":16,"minecraft:stone":3341,"minecraft:infested_stone_bricks":1,"minecraft:spruce_door":6,"minecraft:oak_fence":3,"minecraft:crafting_table":8,"minecraft:rose_bush":4,"minecraft:sculk_sensor":1,"minecraft:spruce_stairs":51,"minecraft:cactus":32,"minecraft:sweet_berry_bush":73,"minecraft:bee_nest":1,"minecraft:yellow_bed":1,"minecraft:coal_ore":117,"minecraft:cracked_stone_bricks":2,"minecraft:mossy_stone_bricks":1},"minecraft:custom":{"minecraft:interact_with_crafting_table":435,"minecraft:open_barrel":119,"minecraft:bell_ring":34,"minecraft:eat_cake_slice":7,"minecraft:leave_game":123,"minecraft:time_since_death":68741,"minecraft:damage_blocked_by_shield":951,"minecraft:play_time":2931990,"minecraft:deaths":98,"minecraft:jump":46836,"minecraft:interact_with_furnace":96,"minecraft:traded_with_villager":361,"minecraft:sleep_in_bed":74,"minecraft:damage_dealt":21303,"minecraft:interact_with_smoker":2,"minecraft:horse_one_cm":255050,"minecraft:interact_with_smithing_table":2,"minecraft:inspect_dropper":2,"minecraft:interact_with_anvil":23,"minecraft:inspect_hopper":16,"minecraft:sneak_time":136075,"minecraft:interact_with_blast_furnace":1,"minecraft:total_world_time":2931990,"minecraft:interact_with_stonecutter":19,"minecraft:time_since_rest":2385,"minecraft:swim_one_cm":210435,"minecraft:fly_one_cm":12488811,"minecraft:open_chest":1247,"minecraft:fall_one_cm":1255906,"minecraft:open_shulker_box":221,"minecraft:sprint_one_cm":7701895,"minecraft:drop":2322,"minecraft:talked_to_villager":443,"minecraft:walk_on_water_one_cm":119150,"minecraft:interact_with_loom":7,"minecraft:open_enderchest":225,"minecraft:interact_with_beacon":1,"minecraft:player_kills":3,"minecraft:crouch_one_cm":225709,"minecraft:mob_kills":2558,"minecraft:fill_cauldron":1,"minecraft:climb_one_cm":284139,"minecraft:walk_one_cm":4273011,"minecraft:walk_under_water_one_cm":221552,"minecraft:boat_one_cm":774,"minecraft:pot_flower":2,"minecraft:interact_with_grindstone":3,"minecraft:damage_taken":43252,"minecraft:aviate_one_cm":17726248},"minecraft:picked_up":{"minecraft:iron_chestplate":8,"minecraft:chainmail_boots":1,"minecraft:flower_pot":2,"minecraft:lead":20,"minecraft:diamond_sword":4,"minecraft:oak_stairs":131,"minecraft:enchanted_book":1,"minecraft:golden_sword":3,"minecraft:amethyst_block":20,"minecraft:string":46,"minecraft:shroomlight":10,"minecraft:blue_stained_glass_pane":21,"minecraft:diamond_leggings":19,"minecraft:gold_nugget":59,"minecraft:cobbled_deepslate":1127,"minecraft:spruce_planks":329,"minecraft:written_book":2,"minecraft:flower_banner_pattern":4,"minecraft:mangrove_log":23,"minecraft:warped_planks":3,"minecraft:golden_chestplate":1,"minecraft:rabbit_foot":1,"minecraft:stone_sword":14,"minecraft:blue_dye":10,"minecraft:iron_block":4,"minecraft:carved_pumpkin":16,"minecraft:glowstone":3,"minecraft:blaze_rod":2,"minecraft:birch_log":28,"minecraft:furnace_minecart":5,"minecraft:feather":14,"minecraft:water_bucket":17,"minecraft:copper_block":33,"minecraft:flint":20,"minecraft:mangrove_slab":13,"minecraft:light_gray_concrete_powder":48,"minecraft:stonecutter":1,"minecraft:mangrove_fence_gate":8,"minecraft:rabbit":15,"minecraft:diamond_helmet":19,"minecraft:glowstone_dust":4,"minecraft:honeycomb":45,"minecraft:glow_lichen":4,"minecraft:warped_wart_block":51,"minecraft:stripped_spruce_log":19,"minecraft:ink_sac":12,"minecraft:iron_hoe":3,"minecraft:deepslate":12,"minecraft:lever":9,"minecraft:writable_book":2,"minecraft:spruce_button":4,"minecraft:bread":43,"minecraft:bricks":54,"minecraft:diamond_pickaxe":15,"minecraft:lime_stained_glass_pane":51,"minecraft:crafting_table":18,"minecraft:nether_wart":37,"minecraft:clay_ball":4,"minecraft:dragon_head":1,"minecraft:cornflower":45,"minecraft:red_bed":3,"minecraft:elytra":24,"minecraft:flint_and_steel":6,"minecraft:white_carpet":79,"minecraft:iron_shovel":1,"minecraft:glass_pane":9,"minecraft:cracked_stone_bricks":2,"minecraft:stripped_warped_stem":13,"minecraft:beef":25,"minecraft:iron_nugget":81,"minecraft:poppy":29,"minecraft:spruce_slab":10,"minecraft:minecart":7,"minecraft:quartz_stairs":43,"minecraft:chest":19,"minecraft:birch_sapling":20,"minecraft:egg":2,"minecraft:copper_ore":140,"minecraft:stone":2205,"minecraft:oak_door":5,"minecraft:spruce_fence":5,"minecraft:white_dye":114,"minecraft:carrot":43,"minecraft:netherite_pickaxe":2,"minecraft:redstone":356,"minecraft:mushroom_stem":6,"minecraft:tnt":1,"minecraft:stone_shovel":9,"minecraft:diamond_chestplate":10,"minecraft:shears":13,"minecraft:diamond_boots":22,"minecraft:warped_sign":12,"minecraft:gold_ingot":2,"minecraft:mutton":21,"minecraft:white_wool":293,"minecraft:rail":54,"minecraft:emerald_ore":3,"minecraft:oxeye_daisy":12,"minecraft:stripped_oak_log":48,"minecraft:red_mushroom_block":70,"minecraft:red_mushroom":1,"minecraft:filled_map":2,"minecraft:oak_log":72,"minecraft:golden_boots":5,"minecraft:paper":145,"minecraft:apple":29,"minecraft:stone_bricks":2,"minecraft:warped_stem":45,"minecraft:stone_pickaxe":15,"minecraft:iron_ore":17,"minecraft:mangrove_planks":5,"minecraft:iron_sword":21,"minecraft:white_stained_glass_pane":33,"minecraft:sweet_berries":1696,"minecraft:spyglass":1,"minecraft:gravel":86,"minecraft:spruce_sapling":3,"minecraft:spruce_log":72,"minecraft:firework_rocket":1330,"minecraft:diamond_shovel":7,"minecraft:coal_ore":239,"minecraft:purple_bed":5,"minecraft:polished_diorite":25,"minecraft:stone_axe":1,"minecraft:diamond_axe":2,"minecraft:gray_wool":10,"minecraft:polished_blackstone_brick_wall":11,"minecraft:warped_roots":6,"minecraft:warped_nylium":2,"minecraft:mangrove_propagule":6,"minecraft:pink_dye":1,"minecraft:ender_pearl":3747,"minecraft:wheat":51,"minecraft:ender_chest":2,"minecraft:green_stained_glass_pane":234,"minecraft:nether_brick":4,"minecraft:iron_leggings":19,"minecraft:netherite_ingot":2,"minecraft:experience_bottle":10,"minecraft:oak_sign":5,"minecraft:red_sand":230,"minecraft:bucket":107,"minecraft:red_dye":4,"minecraft:rose_bush":6,"minecraft:redstone_torch":4,"minecraft:iron_pickaxe":14,"minecraft:iron_boots":9,"minecraft:stick":337,"minecraft:oak_fence":8,"minecraft:torch":118,"minecraft:spruce_stairs":51,"minecraft:porkchop":5,"minecraft:diorite":212,"minecraft:quartz_block":9,"minecraft:cactus":215,"minecraft:rotten_flesh":737,"minecraft:mangrove_roots":53,"minecraft:obsidian":10,"minecraft:blaze_powder":12,"minecraft:cobblestone":1153,"minecraft:potato":8,"minecraft:tuff":148,"minecraft:light_gray_dye":12,"minecraft:lapis_lazuli":140,"minecraft:dirt":2089,"minecraft:stripped_birch_log":4,"minecraft:name_tag":2,"minecraft:mangrove_fence":3,"minecraft:glass":343,"minecraft:bone":22,"minecraft:acacia_planks":2,"minecraft:bow":11,"minecraft:wheat_seeds":166,"minecraft:crimson_fence_gate":10,"minecraft:mossy_stone_bricks":1,"minecraft:bamboo":796,"minecraft:oak_planks":148,"minecraft:stone_hoe":5,"minecraft:oak_pressure_plate":2,"minecraft:polished_blackstone_slab":18,"minecraft:sand":144,"minecraft:grass_block":25,"minecraft:shulker_box":60,"minecraft:mossy_cobblestone":10,"minecraft:light_gray_concrete":257,"minecraft:sugar":1,"minecraft:spruce_boat":4,"minecraft:diamond":105,"minecraft:black_concrete":7,"minecraft:yellow_stained_glass_pane":1,"minecraft:crossbow":1,"minecraft:bone_meal":370,"minecraft:spruce_sign":3,"minecraft:emerald":217,"minecraft:oak_sapling":68,"minecraft:netherrack":808,"minecraft:oak_leaves":5,"minecraft:fishing_rod":3,"minecraft:charcoal":2,"minecraft:azure_bluet":12,"minecraft:chicken":3,"minecraft:ladder":52,"minecraft:brown_mushroom":1,"minecraft:wooden_pickaxe":4,"minecraft:cooked_rabbit":6,"minecraft:chain":8,"minecraft:shield":18,"minecraft:stone_stairs":3,"minecraft:oak_trapdoor":1,"minecraft:moss_carpet":10,"minecraft:iron_axe":7,"minecraft:item_frame":3,"minecraft:quartz_slab":72,"minecraft:blackstone":155,"minecraft:oak_boat":2,"minecraft:player_head":183,"minecraft:light_gray_wool":3,"minecraft:lectern":3,"minecraft:sugar_cane":451,"minecraft:spruce_trapdoor":18,"minecraft:raw_iron":34,"minecraft:end_stone":15,"minecraft:bowl":4,"minecraft:polished_blackstone_bricks":1,"minecraft:stone_button":4,"minecraft:cookie":51,"minecraft:arrow":221,"minecraft:lime_stained_glass":106,"minecraft:purple_dye":10,"minecraft:golden_carrot":315,"minecraft:glow_ink_sac":1,"minecraft:crimson_stem":4,"minecraft:leather":57,"minecraft:yellow_bed":2,"minecraft:nether_wart_block":2,"minecraft:gunpowder":1954,"minecraft:cobblestone_stairs":2,"minecraft:wooden_hoe":4,"minecraft:deepslate_tile_slab":68,"minecraft:cooked_mutton":9,"minecraft:rabbit_hide":19,"minecraft:iron_ingot":525,"minecraft:soul_sand":67,"minecraft:book":7,"minecraft:oak_slab":7,"minecraft:warped_fungus":3,"minecraft:nether_quartz_ore":24,"minecraft:pumpkin":2,"minecraft:quartz":67,"minecraft:dandelion":94,"minecraft:lava_bucket":13,"minecraft:amethyst_shard":68,"minecraft:white_bed":46,"minecraft:spruce_door":7,"minecraft:spider_eye":10,"minecraft:mangrove_leaves":17,"minecraft:pumpkin_seeds":36,"minecraft:iron_helmet":17,"minecraft:terracotta":1,"minecraft:damaged_anvil":4,"minecraft:black_wool":26,"minecraft:coal":241,"minecraft:wooden_axe":9},"minecraft:used":{"minecraft:writable_book":3,"minecraft:spruce_slab":7,"minecraft:elytra":17,"minecraft:ladder":27,"minecraft:poppy":58,"minecraft:chest":22,"minecraft:stone":723,"minecraft:warped_sign":7,"minecraft:quartz_stairs":3,"minecraft:rotten_flesh":11,"minecraft:stripped_spruce_log":1,"minecraft:polished_blackstone_slab":6,"minecraft:lava_bucket":14,"minecraft:grass_block":6,"minecraft:birch_sapling":20,"minecraft:copper_ore":1,"minecraft:stone_brick_stairs":3,"minecraft:bow":31,"minecraft:sweet_berries":1004,"minecraft:oak_sapling":2,"minecraft:furnace":1,"minecraft:potato":1,"minecraft:green_stained_glass_pane":8,"minecraft:diorite":2,"minecraft:damaged_anvil":1,"minecraft:spruce_door":8,"minecraft:cactus":2,"minecraft:blackstone":2,"minecraft:cookie":16,"minecraft:sand":263,"minecraft:pumpkin_seeds":8,"minecraft:crimson_fence_gate":6,"minecraft:stone_button":3,"minecraft:diamond_sword":19,"minecraft:nether_wart_block":2,"minecraft:white_stained_glass":16,"minecraft:purple_wool":19,"minecraft:stone_sword":116,"minecraft:carved_pumpkin":1,"minecraft:stripped_warped_stem":13,"minecraft:netherrack":233,"minecraft:torch":37,"minecraft:warped_wart_block":45,"minecraft:anvil":1,"minecraft:wheat":1,"minecraft:chainmail_chestplate":1,"minecraft:stone_stairs":1,"minecraft:polished_diorite":33,"minecraft:shroomlight":1,"minecraft:iron_axe":101,"minecraft:iron_block":19,"minecraft:spruce_button":2,"minecraft:bamboo":4,"minecraft:diamond_chestplate":9,"minecraft:glowstone":1,"minecraft:beef":9,"minecraft:iron_trapdoor":10,"minecraft:cobbled_deepslate":49,"minecraft:wheat_seeds":81,"minecraft:water_bucket":180,"minecraft:warped_stem":40,"minecraft:lead":3,"minecraft:red_mushroom_block":42,"minecraft:glow_ink_sac":1,"minecraft:cracked_stone_bricks":1,"minecraft:polished_blackstone_bricks":35,"minecraft:rail":2,"minecraft:crafting_table":13,"minecraft:oak_slab":44,"minecraft:red_bed":3,"minecraft:white_bed":30,"minecraft:campfire":2,"minecraft:cake":1,"minecraft:spruce_log":19,"minecraft:mushroom_stem":4,"minecraft:oak_log":2,"minecraft:blue_stained_glass_pane":2,"minecraft:diamond_pickaxe":4303,"minecraft:cornflower":1,"minecraft:diamond_shovel":488,"minecraft:mangrove_propagule":1,"minecraft:iron_pickaxe":1194,"minecraft:spruce_trapdoor":4,"minecraft:spruce_sapling":1,"minecraft:cobblestone":47,"minecraft:purple_bed":4,"minecraft:porkchop":4,"minecraft:dandelion":1,"minecraft:diamond_leggings":12,"minecraft:red_sand":140,"minecraft:iron_shovel":480,"minecraft:oak_sign":3,"minecraft:shield":29,"minecraft:iron_sword":965,"minecraft:nether_wart":11,"minecraft:player_head":7,"minecraft:iron_chestplate":4,"minecraft:mutton":11,"minecraft:carrot":56,"minecraft:deepslate_tile_slab":152,"minecraft:tuff":101,"minecraft:furnace_minecart":5,"minecraft:glass":67,"minecraft:coal_ore":50,"minecraft:polished_blackstone_brick_wall":63,"minecraft:iron_helmet":9,"minecraft:stone_bricks":1,"minecraft:item_frame":3,"minecraft:golden_sword":30,"minecraft:written_book":1,"minecraft:mangrove_roots":5,"minecraft:golden_boots":1,"minecraft:chiseled_polished_blackstone":12,"minecraft:diamond_boots":7,"minecraft:stone_pickaxe":671,"minecraft:oak_planks":10,"minecraft:ender_pearl":74,"minecraft:chainmail_helmet":1,"minecraft:sugar_cane":38,"minecraft:white_wool":34,"minecraft:lime_stained_glass_pane":115,"minecraft:loom":1,"minecraft:crossbow":2,"minecraft:shears":13,"minecraft:firework_rocket":608,"minecraft:light_gray_concrete":164,"minecraft:bread":35,"minecraft:chain":6,"minecraft:bone_meal":112,"minecraft:experience_bottle":10,"minecraft:oak_fence":8,"minecraft:rose_bush":4,"minecraft:flint_and_steel":6,"minecraft:stone_shovel":160,"minecraft:spruce_planks":224,"minecraft:ender_chest":3,"minecraft:stone_hoe":7,"minecraft:oak_door":5,"minecraft:dirt":510,"minecraft:spyglass":30,"minecraft:white_carpet":70,"minecraft:spruce_stairs":51,"minecraft:diamond_helmet":7,"minecraft:shulker_box":54,"minecraft:golden_chestplate":1,"minecraft:spruce_fence":14,"minecraft:iron_hoe":3,"minecraft:wooden_axe":89,"minecraft:oak_stairs":27,"minecraft:iron_boots":2,"minecraft:golden_carrot":106,"minecraft:lime_stained_glass":75,"minecraft:minecart":1,"minecraft:red_dye":2,"minecraft:pumpkin":3,"minecraft:iron_leggings":14,"minecraft:cooked_mutton":29,"minecraft:iron_ore":14,"minecraft:stonecutter":1,"minecraft:yellow_stained_glass_pane":2,"minecraft:light_gray_concrete_powder":137,"minecraft:warped_planks":5,"minecraft:wooden_hoe":1,"minecraft:flower_pot":2,"minecraft:apple":49,"minecraft:chicken":2,"minecraft:stone_axe":244,"minecraft:fishing_rod":38,"minecraft:bucket":185,"minecraft:yellow_bed":3},"minecraft:killed_by":{"minecraft:pillager":3,"minecraft:zombie":3,"minecraft:ghast":3,"minecraft:zombified_piglin":2,"minecraft:endermite":1,"minecraft:player":37,"minecraft:enderman":2,"minecraft:iron_golem":5,"minecraft:hoglin":1,"minecraft:skeleton":1},"minecraft:killed":{"minecraft:skeleton":1,"minecraft:chicken":3,"minecraft:cat":1,"minecraft:iron_golem":1,"minecraft:donkey":3,"minecraft:zombie":7,"minecraft:cow":13,"minecraft:horse":2,"minecraft:wandering_trader":2,"minecraft:enderman":2498,"minecraft:spider":3,"minecraft:pig":3,"minecraft:creeper":3,"minecraft:sheep":7,"minecraft:trader_llama":4},"minecraft:broken":{"minecraft:golden_sword":1,"minecraft:iron_sword":3,"minecraft:fishing_rod":1,"minecraft:stone_sword":1,"minecraft:iron_pickaxe":3,"minecraft:iron_helmet":1,"minecraft:iron_shovel":1,"minecraft:stone_pickaxe":5,"minecraft:stone_axe":2,"minecraft:wooden_axe":1,"minecraft:stone_shovel":1},"minecraft:dropped":{"minecraft:iron_sword":4,"minecraft:oak_pressure_plate":1,"minecraft:emerald_ore":1,"minecraft:diamond":9,"minecraft:crafting_table":5,"minecraft:crossbow":1,"minecraft:cookie":35,"minecraft:cracked_stone_bricks":1,"minecraft:elytra":7,"minecraft:rail":26,"minecraft:item_frame":4,"minecraft:emerald":44,"minecraft:dirt":1026,"minecraft:red_bed":1,"minecraft:stone_button":2,"minecraft:yellow_dye":1,"minecraft:bone_meal":297,"minecraft:sugar":1,"minecraft:iron_pickaxe":4,"minecraft:green_stained_glass_pane":34,"minecraft:white_wool":105,"minecraft:bone":68,"minecraft:emerald_block":10,"minecraft:sugar_cane":5,"minecraft:cobbled_deepslate":470,"minecraft:wheat":8,"minecraft:rotten_flesh":147,"minecraft:oak_planks":89,"minecraft:azure_bluet":2,"minecraft:white_bed":10,"minecraft:mangrove_fence":3,"minecraft:deepslate_tiles":64,"minecraft:coal_ore":64,"minecraft:ladder":14,"minecraft:white_dye":15,"minecraft:spruce_slab":5,"minecraft:beef":7,"minecraft:stone_brick_stairs":5,"minecraft:enchanted_book":1,"minecraft:iron_ingot":121,"minecraft:blue_stained_glass_pane":5,"minecraft:netherite_pickaxe":2,"minecraft:wheat_seeds":34,"minecraft:mangrove_leaves":12,"minecraft:tnt":1,"minecraft:oak_fence":2,"minecraft:iron_helmet":4,"minecraft:feather":1,"minecraft:cobblestone":560,"minecraft:apple":3,"minecraft:deepslate_tile_slab":16,"minecraft:coal":2,"minecraft:oxeye_daisy":2,"minecraft:gray_wool":3,"minecraft:golden_carrot":130,"minecraft:wooden_hoe":4,"minecraft:wooden_axe":2,"minecraft:rose_bush":2,"minecraft:diamond_helmet":6,"minecraft:stripped_birch_log":4,"minecraft:oak_stairs":39,"minecraft:red_dye":2,"minecraft:iron_shovel":1,"minecraft:paper":6,"minecraft:string":5,"minecraft:spruce_sapling":1,"minecraft:moss_carpet":6,"minecraft:player_head":34,"minecraft:netherite_ingot":1,"minecraft:stone_sword":6,"minecraft:bowl":4,"minecraft:deepslate":10,"minecraft:stone_shovel":3,"minecraft:clay_ball":4,"minecraft:iron_boots":1,"minecraft:oak_sign":1,"minecraft:pumpkin_seeds":4,"minecraft:diamond_sword":3,"minecraft:potato":7,"minecraft:spruce_boat":1,"minecraft:stone":1002,"minecraft:spruce_planks":38,"minecraft:diamond_pickaxe":5,"minecraft:carved_pumpkin":3,"minecraft:redstone_torch":1,"minecraft:stone_bricks":1,"minecraft:bamboo":5,"minecraft:light_gray_dye":11,"minecraft:red_sand":5,"minecraft:bow":4,"minecraft:black_wool":7,"minecraft:terracotta":1,"minecraft:spruce_sign":3,"minecraft:diamond_axe":2,"minecraft:oak_log":13,"minecraft:ender_pearl":1808,"minecraft:honeycomb":18,"minecraft:mangrove_planks":6,"minecraft:cobblestone_stairs":1,"minecraft:cornflower":2,"minecraft:black_concrete":7,"minecraft:light_blue_banner":1,"minecraft:birch_log":28,"minecraft:gravel":25,"minecraft:mangrove_roots":9,"minecraft:diamond_shovel":2,"minecraft:cooked_mutton":1,"minecraft:carrot":2,"minecraft:poppy":4,"minecraft:mangrove_log":4,"minecraft:chainmail_boots":1,"minecraft:arrow":2,"minecraft:oak_leaves":5,"minecraft:written_book":2,"minecraft:netherrack":142,"minecraft:firework_rocket":144,"minecraft:stone_hoe":2,"minecraft:water_bucket":4,"minecraft:vine":1,"minecraft:mossy_cobblestone":3,"minecraft:minecart":2,"minecraft:cyan_dye":4,"minecraft:diamond_leggings":3,"minecraft:mangrove_propagule":1,"minecraft:spruce_stairs":3,"minecraft:grass_block":9,"minecraft:stick":73,"minecraft:iron_block":64,"minecraft:blue_dye":1,"minecraft:diorite":18,"minecraft:torch":41,"minecraft:iron_leggings":1,"minecraft:iron_axe":2,"minecraft:cactus":15,"minecraft:bucket":18,"minecraft:dandelion":62,"minecraft:redstone":242,"minecraft:polished_diorite":24,"minecraft:sweet_berries":133,"minecraft:dragon_head":1,"minecraft:tuff":45,"minecraft:raw_iron":1,"minecraft:light_gray_wool":3,"minecraft:stripped_oak_log":14,"minecraft:shulker_box":2,"minecraft:flint_and_steel":4,"minecraft:copper_ore":2,"minecraft:shield":3,"minecraft:diamond_chestplate":2,"minecraft:mossy_stone_bricks":1,"minecraft:oak_sapling":55,"minecraft:oak_boat":2,"minecraft:diamond_boots":4,"minecraft:spruce_log":3,"minecraft:stone_pickaxe":5,"minecraft:wooden_pickaxe":1,"minecraft:brick":1}},"DataVersion":3337}