{"stats":{"minecraft:killed_by":{"minecraft:iron_golem":1},"minecraft:mined":{"minecraft:dark_oak_planks":19,"minecraft:spruce_planks":17,"minecraft:white_bed":1,"minecraft:crafting_table":2,"minecraft:grass_block":135,"minecraft:chest":4,"minecraft:glass":12,"minecraft:spruce_leaves":20,"minecraft:oak_planks":1,"minecraft:diorite":110,"minecraft:wall_torch":3,"minecraft:dark_oak_slab":4,"minecraft:furnace":5,"minecraft:birch_log":39,"minecraft:iron_ore":6,"minecraft:spruce_log":133,"minecraft:stripped_spruce_log":13,"minecraft:bee_nest":1,"minecraft:dark_oak_stairs":13,"minecraft:grass":19,"minecraft:oak_log":109,"minecraft:coal_ore":34,"minecraft:gravel":4,"minecraft:dirt":109,"minecraft:stone":272,"minecraft:player_head":2,"minecraft:oak_leaves":20,"minecraft:spruce_slab":1},"minecraft:broken":{"minecraft:iron_axe":1,"minecraft:iron_pickaxe":1},"minecraft:crafted":{"minecraft:oak_planks":296,"minecraft:dark_oak_stairs":128,"minecraft:crafting_table":1,"minecraft:spruce_planks":292,"minecraft:wooden_pickaxe":1,"minecraft:spruce_door":3,"minecraft:furnace":3,"minecraft:stone":64,"minecraft:bucket":1,"minecraft:spruce_pressure_plate":1,"minecraft:air":0,"minecraft:dark_oak_slab":120,"minecraft:spruce_slab":6,"minecraft:iron_axe":2,"minecraft:stick":32,"minecraft:iron_pickaxe":2,"minecraft:chest":9,"minecraft:iron_shovel":1,"minecraft:dark_oak_planks":164,"minecraft:torch":12},"minecraft:used":{"minecraft:dark_oak_stairs":129,"minecraft:water_bucket":57,"minecraft:diorite":2,"minecraft:iron_shovel":134,"minecraft:spruce_door":1,"minecraft:spruce_slab":7,"minecraft:oak_planks":33,"minecraft:chest":13,"minecraft:ender_pearl":2,"minecraft:spruce_planks":241,"minecraft:wooden_pickaxe":31,"minecraft:stone":86,"minecraft:iron_sword":2,"minecraft:player_head":2,"minecraft:rotten_flesh":8,"minecraft:torch":14,"minecraft:dirt":54,"minecraft:crafting_table":3,"minecraft:white_bed":2,"minecraft:spruce_log":45,"minecraft:oak_log":19,"minecraft:dark_oak_planks":27,"minecraft:coal_ore":12,"minecraft:iron_axe":437,"minecraft:grass_block":3,"minecraft:bread":42,"minecraft:iron_pickaxe":445,"minecraft:spruce_pressure_plate":1,"minecraft:dark_oak_slab":105,"minecraft:gravel":54,"minecraft:diamond_chestplate":1,"minecraft:furnace":8,"minecraft:bucket":59},"minecraft:picked_up":{"minecraft:shulker_shell":2,"minecraft:birch_log":38,"minecraft:magma_block":24,"minecraft:crafting_table":2,"minecraft:birch_leaves":1,"minecraft:water_bucket":5,"minecraft:wooden_pickaxe":1,"minecraft:flint":1,"minecraft:oak_log":108,"minecraft:dirt":386,"minecraft:iron_axe":2,"minecraft:iron_shovel":2,"minecraft:apple":6,"minecraft:wheat_seeds":3,"minecraft:diamond_leggings":3,"minecraft:spruce_planks":17,"minecraft:iron_ingot":162,"minecraft:iron_ore":16,"minecraft:player_head":8,"minecraft:iron_pickaxe":3,"minecraft:spruce_slab":1,"minecraft:chest":4,"minecraft:birch_sapling":16,"minecraft:oak_planks":2,"minecraft:dark_oak_stairs":47,"minecraft:furnace":5,"minecraft:raw_iron":12,"minecraft:stick":99,"minecraft:dark_oak_slab":31,"minecraft:stone":506,"minecraft:torch":42,"minecraft:gravel":4,"minecraft:stripped_spruce_log":25,"minecraft:spruce_sapling":60,"minecraft:grass_block":3,"minecraft:diorite":218,"minecraft:spruce_log":133,"minecraft:white_bed":1,"minecraft:dark_oak_planks":23,"minecraft:coal_ore":12,"minecraft:diamond_chestplate":3,"minecraft:shears":1,"minecraft:diamond_boots":3,"minecraft:iron_block":58,"minecraft:granite":64,"minecraft:bread":128,"minecraft:oak_sapling":40,"minecraft:netherrack":2,"minecraft:coal":65,"minecraft:cobblestone":529,"minecraft:ender_pearl":2},"minecraft:custom":{"minecraft:interact_with_furnace":11,"minecraft:mob_kills":1,"minecraft:interact_with_crafting_table":27,"minecraft:open_barrel":2,"minecraft:open_shulker_box":6,"minecraft:leave_game":3,"minecraft:time_since_death":2897,"minecraft:sleep_in_bed":7,"minecraft:climb_one_cm":21224,"minecraft:time_since_rest":2922,"minecraft:open_enderchest":2,"minecraft:sprint_one_cm":417007,"minecraft:damage_taken":2084,"minecraft:walk_one_cm":196473,"minecraft:drop":2,"minecraft:damage_dealt":218,"minecraft:swim_one_cm":28735,"minecraft:talked_to_villager":1,"minecraft:fly_one_cm":509045,"minecraft:open_chest":212,"minecraft:crouch_one_cm":111862,"minecraft:play_time":130936,"minecraft:deaths":2,"minecraft:sneak_time":30865,"minecraft:walk_under_water_one_cm":43895,"minecraft:boat_one_cm":265,"minecraft:jump":2628,"minecraft:walk_on_water_one_cm":11454,"minecraft:total_world_time":130936,"minecraft:fall_one_cm":80446,"minecraft:horse_one_cm":214},"minecraft:killed":{"minecraft:zombie":1},"minecraft:dropped":{"minecraft:iron_ingot":38,"minecraft:iron_block":53}},"DataVersion":3337}