{"stats":{"minecraft:crafted":{"minecraft:iron_chestplate":1,"minecraft:iron_boots":1,"minecraft:iron_helmet":1,"minecraft:iron_leggings":1,"minecraft:birch_planks":12,"minecraft:bread":1},"minecraft:mined":{"minecraft:wheat":4,"minecraft:stripped_birch_log":3,"minecraft:grass_block":7,"minecraft:dirt":20,"minecraft:stone":4,"minecraft:wall_torch":1},"minecraft:picked_up":{"minecraft:iron_chestplate":3,"minecraft:wheat":6,"minecraft:stone":20,"minecraft:water_bucket":1,"minecraft:torch":128,"minecraft:stripped_birch_log":6,"minecraft:dirt":30,"minecraft:iron_leggings":2,"minecraft:coal_ore":13,"minecraft:rotten_flesh":4,"minecraft:wheat_seeds":15,"minecraft:shears":1,"minecraft:iron_ingot":73,"minecraft:iron_block":2,"minecraft:bone_meal":2,"minecraft:coal":16,"minecraft:iron_boots":2,"minecraft:cobblestone":196,"minecraft:ender_pearl":32},"minecraft:custom":{"minecraft:time_since_rest":7343,"minecraft:sprint_one_cm":94188,"minecraft:damage_taken":1948,"minecraft:walk_one_cm":88957,"minecraft:mob_kills":2,"minecraft:drop":4,"minecraft:damage_dealt":787,"minecraft:interact_with_crafting_table":2,"minecraft:fly_one_cm":221159,"minecraft:open_chest":16,"minecraft:crouch_one_cm":843,"minecraft:play_time":51007,"minecraft:deaths":8,"minecraft:sneak_time":315,"minecraft:walk_under_water_one_cm":400,"minecraft:jump":917,"minecraft:leave_game":4,"minecraft:walk_on_water_one_cm":3283,"minecraft:time_since_death":7317,"minecraft:total_world_time":51007,"minecraft:fall_one_cm":34668},"minecraft:used":{"minecraft:wheat_seeds":3,"minecraft:bread":1,"minecraft:stone_pickaxe":6,"minecraft:iron_boots":1,"minecraft:iron_chestplate":2,"minecraft:torch":2,"minecraft:dirt":5,"minecraft:cobblestone":14,"minecraft:bone_meal":6,"minecraft:iron_leggings":1},"minecraft:killed_by":{"minecraft:skeleton":1,"minecraft:zombie":6},"minecraft:killed":{"minecraft:zombie":1},"minecraft:dropped":{"minecraft:cobblestone":2,"minecraft:rotten_flesh":2}},"DataVersion":3337}