{"stats":{"minecraft:dropped":{"minecraft:iron_sword":3,"minecraft:porkchop":2,"minecraft:lapis_lazuli":38,"minecraft:glow_ink_sac":2,"minecraft:glass_bottle":139,"minecraft:diamond":100,"minecraft:crafting_table":1,"minecraft:cooked_porkchop":33,"minecraft:weeping_vines":29,"minecraft:glow_berries":1,"minecraft:warped_roots":668,"minecraft:cracked_stone_bricks":11,"minecraft:red_mushroom":7,"minecraft:gold_block":4,"minecraft:emerald":228,"minecraft:dark_oak_fence":1,"minecraft:mangrove_stairs":15,"minecraft:writable_book":2,"minecraft:gold_nugget":43,"minecraft:sand":390,"minecraft:dark_oak_planks":1,"minecraft:fermented_spider_eye":6,"minecraft:mangrove_slab":79,"minecraft:white_wool":49,"minecraft:stone_axe":2,"minecraft:ancient_debris":1,"minecraft:lever":4,"minecraft:iron_nugget":143,"minecraft:cobbled_deepslate":208,"minecraft:wheat":6,"minecraft:obsidian":18,"minecraft:rotten_flesh":300,"minecraft:oak_planks":57,"minecraft:azure_bluet":4,"minecraft:warped_planks":5,"minecraft:red_mushroom_block":3,"minecraft:coal_ore":8,"minecraft:quartz_block":1,"minecraft:acacia_sapling":3,"minecraft:leather_leggings":3,"minecraft:glass":412,"minecraft:beef":51,"minecraft:podzol":10,"minecraft:warped_wart_block":9,"minecraft:golden_boots":10,"minecraft:black_dye":2,"minecraft:wheat_seeds":119,"minecraft:deepslate_redstone_ore":2,"minecraft:netherite_chestplate":1,"minecraft:end_stone_brick_slab":59,"minecraft:deepslate_tile_slab":2,"minecraft:golden_apple":6,"minecraft:coal_block":3,"minecraft:stripped_crimson_stem":1,"minecraft:gray_wool":1,"minecraft:potion":1,"minecraft:oak_stairs":45,"minecraft:pumpkin":19,"minecraft:white_banner":9,"minecraft:chipped_anvil":4,"minecraft:stone_brick_slab":39,"minecraft:bricks":2,"minecraft:soul_soil":6,"minecraft:player_head":39,"minecraft:white_carpet":7,"minecraft:clay_ball":76,"minecraft:iron_boots":9,"minecraft:damaged_anvil":1,"minecraft:name_tag":2,"minecraft:deepslate_lapis_ore":4,"minecraft:oak_sign":13,"minecraft:shears":3,"minecraft:blast_furnace":3,"minecraft:diamond_sword":46,"minecraft:spruce_boat":4,"minecraft:spruce_trapdoor":142,"minecraft:spruce_planks":177,"minecraft:diamond_pickaxe":17,"minecraft:redstone_torch":13,"minecraft:stone_bricks":179,"minecraft:bamboo":9,"minecraft:sandstone":278,"minecraft:red_sand":23,"minecraft:bow":39,"minecraft:magma_block":53,"minecraft:nether_brick_stairs":1,"minecraft:soul_sand":70,"minecraft:warped_fungus":1,"minecraft:polished_granite_slab":42,"minecraft:oak_log":19,"minecraft:purple_glazed_terracotta":12,"minecraft:ender_pearl":3253,"minecraft:leather":54,"minecraft:iron_horse_armor":1,"minecraft:cod":1,"minecraft:music_disc_13":1,"minecraft:cracked_polished_blackstone_bricks":12,"minecraft:packed_ice":97,"minecraft:ice":504,"minecraft:mutton":16,"minecraft:snowball":32,"minecraft:stripped_oak_wood":1,"minecraft:cauldron":1,"minecraft:gold_ingot":188,"minecraft:purpur_block":9,"minecraft:spyglass":1,"minecraft:cooked_mutton":35,"minecraft:leather_chestplate":1,"minecraft:dropper":1,"minecraft:iron_ore":4,"minecraft:iron_bars":27,"minecraft:scaffolding":48,"minecraft:polished_granite":38,"minecraft:stone_hoe":2,"minecraft:bread":416,"minecraft:golden_helmet":3,"minecraft:golden_axe":1,"minecraft:amethyst_block":2,"minecraft:tropical_fish":2,"minecraft:spruce_stairs":136,"minecraft:acacia_log":10,"minecraft:iron_block":89,"minecraft:nether_wart_block":594,"minecraft:fire_charge":4,"minecraft:crimson_sign":25,"minecraft:polished_blackstone_brick_slab":2,"minecraft:cactus":6,"minecraft:polished_deepslate":201,"minecraft:kelp":1,"minecraft:sweet_berries":1,"minecraft:oak_trapdoor":8,"minecraft:dragon_head":1,"minecraft:totem_of_undying":2,"minecraft:shulker_box":3,"minecraft:flint_and_steel":3,"minecraft:deepslate_bricks":417,"minecraft:copper_ore":23,"minecraft:oak_button":12,"minecraft:andesite":39,"minecraft:golden_leggings":1,"minecraft:oak_sapling":42,"minecraft:spruce_log":3,"minecraft:wooden_pickaxe":2,"minecraft:magma_cream":4,"minecraft:crimson_stem":96,"minecraft:clay":2,"minecraft:cooked_beef":23,"minecraft:crossbow":8,"minecraft:cookie":2,"minecraft:fletching_table":2,"minecraft:saddle":2,"minecraft:elytra":1,"minecraft:rail":160,"minecraft:leather_helmet":2,"minecraft:dirt":951,"minecraft:stone_button":140,"minecraft:chain":42,"minecraft:wooden_sword":2,"minecraft:bone_block":1,"minecraft:bone_meal":443,"minecraft:polished_blackstone_slab":11,"minecraft:sugar":6,"minecraft:iron_pickaxe":4,"minecraft:bone":131,"minecraft:emerald_block":22,"minecraft:sugar_cane":93,"minecraft:golden_chestplate":2,"minecraft:deepslate_brick_slab":45,"minecraft:enchanted_golden_apple":1,"minecraft:end_stone":45,"minecraft:light_gray_carpet":1,"minecraft:blaze_powder":15,"minecraft:white_bed":9,"minecraft:tipped_arrow":5,"minecraft:heavy_weighted_pressure_plate":8,"minecraft:ladder":8,"minecraft:spruce_slab":139,"minecraft:end_stone_bricks":16,"minecraft:campfire":1,"minecraft:crying_obsidian":3,"minecraft:lectern":1,"minecraft:egg":1,"minecraft:crimson_planks":125,"minecraft:enchanted_book":3,"minecraft:iron_ingot":1443,"minecraft:netherite_pickaxe":1,"minecraft:birch_leaves":15,"minecraft:copper_block":10,"minecraft:tnt":1,"minecraft:polished_blackstone":4,"minecraft:deepslate_brick_wall":23,"minecraft:deepslate_diamond_ore":4,"minecraft:oak_fence":7,"minecraft:purpur_slab":2,"minecraft:feather":3,"minecraft:iron_helmet":4,"minecraft:cobblestone":374,"minecraft:apple":1,"minecraft:granite":59,"minecraft:spruce_door":17,"minecraft:coal":26,"minecraft:polished_blackstone_stairs":6,"minecraft:sculk":4,"minecraft:golden_carrot":10,"minecraft:diamond_helmet":6,"minecraft:brown_terracotta":2,"minecraft:paper":16,"minecraft:string":192,"minecraft:spruce_sapling":201,"minecraft:furnace":15,"minecraft:moss_carpet":7,"minecraft:redstone_ore":1,"minecraft:stone_sword":4,"minecraft:cobblestone_wall":17,"minecraft:deepslate":234,"minecraft:chicken":1,"minecraft:polished_deepslate_slab":8,"minecraft:nether_bricks":5,"minecraft:spruce_fence":43,"minecraft:light_blue_dye":1,"minecraft:potato":8,"minecraft:polished_granite_stairs":62,"minecraft:cobblestone_slab":2,"minecraft:shroomlight":6,"minecraft:stone":662,"minecraft:spider_eye":24,"minecraft:bell":1,"minecraft:quartz_slab":17,"minecraft:spruce_sign":12,"minecraft:crimson_nylium":16,"minecraft:warped_stem":32,"minecraft:brown_mushroom":14,"minecraft:birch_planks":1,"minecraft:diamond_axe":4,"minecraft:baked_potato":68,"minecraft:lantern":16,"minecraft:flint":4,"minecraft:netherite_scrap":2,"minecraft:dispenser":6,"minecraft:cornflower":1,"minecraft:crimson_roots":688,"minecraft:amethyst_shard":6,"minecraft:polished_blackstone_bricks":58,"minecraft:gravel":171,"minecraft:crimson_fungus":2,"minecraft:blackstone":89,"minecraft:mangrove_roots":2,"minecraft:diamond_shovel":5,"minecraft:carrot":79,"minecraft:shulker_shell":13,"minecraft:poppy":10,"minecraft:gunpowder":57,"minecraft:spruce_pressure_plate":1,"minecraft:glowstone":20,"minecraft:chest":10,"minecraft:basalt":55,"minecraft:arrow":608,"minecraft:powered_rail":12,"minecraft:quartz":154,"minecraft:written_book":1,"minecraft:oak_leaves":196,"minecraft:netherrack":5720,"minecraft:firework_rocket":2,"minecraft:water_bucket":1,"minecraft:stripped_spruce_log":1,"minecraft:oak_slab":1,"minecraft:smithing_table":1,"minecraft:minecart":11,"minecraft:diamond_leggings":8,"minecraft:spectral_arrow":29,"minecraft:observer":1,"minecraft:grass_block":525,"minecraft:stick":756,"minecraft:blue_dye":8,"minecraft:nether_gold_ore":9,"minecraft:diorite":147,"minecraft:brewing_stand":2,"minecraft:torch":4,"minecraft:iron_leggings":8,"minecraft:iron_axe":5,"minecraft:bucket":12,"minecraft:music_disc_cat":1,"minecraft:dandelion":30,"minecraft:smooth_basalt":9,"minecraft:redstone":29,"minecraft:anvil":1,"minecraft:warped_nylium":11,"minecraft:ender_chest":1,"minecraft:blaze_rod":66,"minecraft:tuff":165,"minecraft:raw_iron":3,"minecraft:smoker":1,"minecraft:glass_pane":112,"minecraft:snow":57,"minecraft:shield":9,"minecraft:diamond_chestplate":6,"minecraft:dragon_egg":2,"minecraft:iron_chestplate":4,"minecraft:mossy_stone_bricks":9,"minecraft:oak_boat":3,"minecraft:golden_sword":2,"minecraft:diamond_boots":9,"minecraft:stripped_warped_stem":1,"minecraft:stone_pickaxe":1,"minecraft:raw_gold":5,"minecraft:nether_quartz_ore":88},"minecraft:killed_by":{"minecraft:zombie":2,"minecraft:ghast":1,"minecraft:skeleton":1,"minecraft:piglin_brute":1,"minecraft:vindicator":1,"minecraft:vex":40,"minecraft:ender_dragon":1,"minecraft:creeper":5,"minecraft:piglin":2,"minecraft:player":35,"minecraft:spider":2,"minecraft:enderman":4,"minecraft:iron_golem":1},"minecraft:killed":{"minecraft:skeleton_horse":1,"minecraft:salmon":1,"minecraft:iron_golem":9,"minecraft:ender_dragon":1,"minecraft:pillager":126,"minecraft:donkey":3,"minecraft:zombie":358,"minecraft:evoker":7,"minecraft:endermite":7,"minecraft:vindicator":33,"minecraft:husk":2,"minecraft:frog":1,"minecraft:ravager":4,"minecraft:polar_bear":1,"minecraft:zombified_piglin":34,"minecraft:witch":13,"minecraft:spider":69,"minecraft:piglin_brute":10,"minecraft:piglin":54,"minecraft:zombie_villager":12,"minecraft:sheep":28,"minecraft:trader_llama":6,"minecraft:ghast":39,"minecraft:vex":18,"minecraft:slime":7,"minecraft:drowned":6,"minecraft:hoglin":7,"minecraft:wither_skeleton":32,"minecraft:villager":12,"minecraft:cave_spider":4,"minecraft:shulker":10,"minecraft:skeleton":118,"minecraft:chicken":2,"minecraft:cat":7,"minecraft:magma_cube":84,"minecraft:cow":152,"minecraft:horse":12,"minecraft:wandering_trader":2,"minecraft:enderman":19157,"minecraft:wolf":1,"minecraft:pig":12,"minecraft:creeper":64,"minecraft:stray":9,"minecraft:blaze":74,"minecraft:phantom":1,"minecraft:bat":1},"minecraft:mined":{"minecraft:white_bed":95,"minecraft:granite":267,"minecraft:acacia_log":16,"minecraft:nether_wart":10,"minecraft:oak_wall_sign":2,"minecraft:spawner":15,"minecraft:polished_blackstone_bricks":243,"minecraft:magma_block":6600,"minecraft:fire":374,"minecraft:barrel":1,"minecraft:cobbled_deepslate":436,"minecraft:fletching_table":38,"minecraft:deepslate_lapis_ore":132,"minecraft:nether_brick_stairs":1,"minecraft:twisting_vines":6,"minecraft:light_gray_concrete":104,"minecraft:white_shulker_box":4,"minecraft:spruce_wood":2,"minecraft:player_head":7,"minecraft:tripwire":1,"minecraft:kelp_plant":4,"minecraft:deepslate_brick_wall":3,"minecraft:smoker":9,"minecraft:crimson_nylium":121,"minecraft:deepslate_tile_slab":1,"minecraft:torch":14,"minecraft:melon":5,"minecraft:white_stained_glass_pane":12,"minecraft:dead_bush":5,"minecraft:spruce_wall_sign":12,"minecraft:sugar_cane":982,"minecraft:bricks":12,"minecraft:amethyst_block":34,"minecraft:chain":8,"minecraft:repeater":1,"minecraft:jukebox":6,"minecraft:grass":821,"minecraft:smooth_basalt":27,"minecraft:stripped_crimson_stem":1,"minecraft:deepslate":4026,"minecraft:mossy_cobblestone":39,"minecraft:crimson_fence_gate":4,"minecraft:end_stone":821,"minecraft:dark_oak_fence":1,"minecraft:spruce_fence":18,"minecraft:redstone_wire":16,"minecraft:cartography_table":1,"minecraft:red_mushroom":1,"minecraft:redstone_ore":10,"minecraft:andesite":101,"minecraft:cobblestone_slab":8,"minecraft:rail":605,"minecraft:ender_chest":119,"minecraft:oak_slab":16,"minecraft:glass_pane":7,"minecraft:soul_sand":104,"minecraft:polished_blackstone_brick_wall":1,"minecraft:dandelion":39,"minecraft:cornflower":1,"minecraft:warped_roots":18,"minecraft:campfire":2,"minecraft:tall_grass":118,"minecraft:copper_ore":27,"minecraft:deepslate_gold_ore":192,"minecraft:diorite":226,"minecraft:warped_wart_block":17,"minecraft:cobblestone_wall":7,"minecraft:stripped_spruce_wood":30,"minecraft:gravel":472,"minecraft:cobweb":30,"minecraft:oak_button":4,"minecraft:polished_blackstone":355,"minecraft:stone_bricks":138,"minecraft:chipped_anvil":12,"minecraft:gold_ore":1,"minecraft:fern":10,"minecraft:oak_sapling":1,"minecraft:end_stone_brick_wall":38,"minecraft:brewing_stand":5,"minecraft:spruce_trapdoor":27,"minecraft:budding_amethyst":6,"minecraft:cracked_polished_blackstone_bricks":41,"minecraft:composter":3,"minecraft:gilded_blackstone":1,"minecraft:dragon_head":1,"minecraft:pointed_dripstone":2,"minecraft:iron_bars":7,"minecraft:spruce_slab":55,"minecraft:deepslate_redstone_ore":452,"minecraft:quartz_block":3,"minecraft:exposed_copper":1,"minecraft:end_stone_brick_slab":14,"minecraft:nether_quartz_ore":843,"minecraft:oak_planks":72,"minecraft:wall_torch":24,"minecraft:warped_nylium":50,"minecraft:powered_rail":65,"minecraft:warped_planks":9,"minecraft:tnt":36,"minecraft:oak_log":417,"minecraft:dirt":2252,"minecraft:dispenser":1,"minecraft:ancient_debris":48,"minecraft:quartz_stairs":20,"minecraft:dark_oak_leaves":1,"minecraft:mangrove_roots":2,"minecraft:ladder":1,"minecraft:lever":23,"minecraft:stone_button":1,"minecraft:brown_mushroom_block":76,"minecraft:spruce_leaves":90,"minecraft:crimson_stem":348,"minecraft:hay_block":85,"minecraft:heavy_weighted_pressure_plate":6,"minecraft:nether_sprouts":6,"minecraft:light_gray_shulker_box":21,"minecraft:gold_block":79,"minecraft:nether_brick_fence":4,"minecraft:bookshelf":38,"minecraft:deepslate_iron_ore":6,"minecraft:shroomlight":35,"minecraft:stripped_oak_log":1,"minecraft:scaffolding":155,"minecraft:magenta_stained_glass":4,"minecraft:basalt":176,"minecraft:polished_granite":2,"minecraft:oak_fence":14,"minecraft:stone_slab":1,"minecraft:polished_blackstone_brick_stairs":7,"minecraft:birch_planks":1,"minecraft:end_stone_brick_stairs":16,"minecraft:polished_blackstone_slab":6,"minecraft:ice":55,"minecraft:bee_nest":1,"minecraft:black_wool":3,"minecraft:cracked_stone_bricks":18,"minecraft:mossy_stone_bricks":26,"minecraft:dark_oak_planks":1,"minecraft:polished_granite_slab":10,"minecraft:stripped_warped_stem":3,"minecraft:obsidian":123,"minecraft:red_sand":1,"minecraft:crimson_trapdoor":6,"minecraft:deepslate_bricks":158,"minecraft:coal_block":2,"minecraft:lime_stained_glass":30,"minecraft:purpur_slab":3,"minecraft:crimson_fungus":20,"minecraft:hopper":9,"minecraft:weeping_vines_plant":3,"minecraft:tall_seagrass":2,"minecraft:sticky_piston":1,"minecraft:pumpkin":19,"minecraft:moss_carpet":1,"minecraft:enchanting_table":6,"minecraft:lime_stained_glass_pane":8,"minecraft:sculk_shrieker":3,"minecraft:cave_vines":4,"minecraft:oak_sign":1,"minecraft:water_cauldron":4,"minecraft:dirt_path":81,"minecraft:oak_stairs":7,"minecraft:quartz_slab":29,"minecraft:crimson_sign":6,"minecraft:iron_block":556,"minecraft:piston_head":3,"minecraft:brown_mushroom":7,"minecraft:red_bed":12,"minecraft:player_wall_head":20,"minecraft:blast_furnace":3,"minecraft:glass":105,"minecraft:damaged_anvil":2,"minecraft:spruce_sign":3,"minecraft:wheat":2,"minecraft:stone_brick_stairs":1,"minecraft:copper_block":14,"minecraft:red_mushroom_block":238,"minecraft:stonecutter":3,"minecraft:piston":6,"minecraft:blue_stained_glass_pane":1,"minecraft:shulker_box":480,"minecraft:nether_bricks":65,"minecraft:crimson_roots":6,"minecraft:moss_block":9,"minecraft:kelp":2,"minecraft:snow":127,"minecraft:potatoes":2,"minecraft:warped_stem":90,"minecraft:bamboo":77,"minecraft:white_wool":96,"minecraft:smithing_table":2,"minecraft:light_gray_carpet":1,"minecraft:mangrove_stairs":27,"minecraft:observer":10,"minecraft:emerald_ore":5,"minecraft:dropper":2,"minecraft:white_carpet":6,"minecraft:spruce_log":3998,"minecraft:birch_leaves":22,"minecraft:dripstone_block":5,"minecraft:black_shulker_box":54,"minecraft:spruce_planks":256,"minecraft:cave_vines_plant":2,"minecraft:grass_block":2028,"minecraft:mangrove_fence":3,"minecraft:soul_soil":15,"minecraft:warped_sign":1,"minecraft:iron_ore":45,"minecraft:anvil":27,"minecraft:azure_bluet":7,"minecraft:end_stone_bricks":12,"minecraft:polished_granite_stairs":35,"minecraft:blackstone":346,"minecraft:twisting_vines_plant":6,"minecraft:clay":29,"minecraft:calcite":50,"minecraft:poppy":2,"minecraft:chest":38,"minecraft:mushroom_stem":40,"minecraft:cobblestone":401,"minecraft:grindstone":1,"minecraft:iron_door":3,"minecraft:nether_wart_block":7,"minecraft:birch_log":7,"minecraft:stripped_oak_wood":1,"minecraft:purpur_block":8,"minecraft:sand":8032,"minecraft:netherrack":24995,"minecraft:oak_leaves":584,"minecraft:nether_gold_ore":258,"minecraft:diamond_ore":1,"minecraft:tuff":448,"minecraft:deepslate_diamond_ore":240,"minecraft:oak_door":1,"minecraft:weeping_vines":4,"minecraft:sandstone":340,"minecraft:rooted_dirt":48,"minecraft:large_fern":3,"minecraft:deepslate_brick_slab":7,"minecraft:oak_trapdoor":8,"minecraft:spruce_sapling":12,"minecraft:furnace":78,"minecraft:carrots":27,"minecraft:stripped_spruce_log":76,"minecraft:polished_deepslate":137,"minecraft:packed_ice":753,"minecraft:stone":5406,"minecraft:redstone_wall_torch":1,"minecraft:podzol":190,"minecraft:light_blue_shulker_box":18,"minecraft:infested_stone_bricks":3,"minecraft:spruce_door":3,"minecraft:crafting_table":89,"minecraft:sculk_sensor":1,"minecraft:lectern":845,"minecraft:lapis_ore":19,"minecraft:sculk":9,"minecraft:blue_bed":69,"minecraft:spruce_stairs":28,"minecraft:lime_bed":10,"minecraft:polished_blackstone_stairs":73,"minecraft:redstone_torch":1,"minecraft:sweet_berry_bush":2,"minecraft:yellow_bed":17,"minecraft:mangrove_slab":261,"minecraft:coal_ore":428,"minecraft:end_rod":1,"minecraft:lodestone":2,"minecraft:polished_andesite":2,"minecraft:warped_slab":2},"minecraft:used":{"minecraft:moss_block":8,"minecraft:writable_book":7,"minecraft:polished_granite_stairs":98,"minecraft:dispenser":3,"minecraft:poppy":182,"minecraft:stone":531,"minecraft:rotten_flesh":194,"minecraft:soul_sand":21,"minecraft:deepslate_brick_slab":8,"minecraft:azure_bluet":2,"minecraft:snowball":16,"minecraft:spruce_boat":99,"minecraft:polished_blackstone_slab":14,"minecraft:packed_ice":375,"minecraft:lava_bucket":20,"minecraft:netherite_hoe":1,"minecraft:bow":454,"minecraft:oak_sapling":13,"minecraft:mangrove_slab":4,"minecraft:deepslate_brick_wall":26,"minecraft:mossy_stone_bricks":12,"minecraft:leather_leggings":2,"minecraft:blackstone":326,"minecraft:wooden_pickaxe":17,"minecraft:composter":9,"minecraft:clay":3,"minecraft:golden_apple":31,"minecraft:glow_berries":6,"minecraft:blast_furnace":3,"minecraft:crimson_fence_gate":14,"minecraft:nether_wart_block":7,"minecraft:diamond_sword":5713,"minecraft:coal_block":15,"minecraft:smithing_table":2,"minecraft:oak_boat":108,"minecraft:compass":2,"minecraft:oak_trapdoor":4,"minecraft:enchanting_table":7,"minecraft:mangrove_fence":3,"minecraft:torch":65,"minecraft:brewing_stand":7,"minecraft:nether_quartz_ore":59,"minecraft:golden_shovel":198,"minecraft:chipped_anvil":7,"minecraft:iron_block":48,"minecraft:bamboo":6,"minecraft:diamond_chestplate":1,"minecraft:basalt":25,"minecraft:warped_stem":133,"minecraft:light_blue_shulker_box":18,"minecraft:cauldron":3,"minecraft:leather_boots":2,"minecraft:gold_ore":1,"minecraft:deepslate_bricks":533,"minecraft:polished_deepslate_slab":9,"minecraft:rail":1156,"minecraft:red_bed":11,"minecraft:crimson_trapdoor":179,"minecraft:sculk_shrieker":1,"minecraft:campfire":10,"minecraft:white_bed":140,"minecraft:spruce_log":365,"minecraft:diamond_pickaxe":50901,"minecraft:diamond_shovel":11052,"minecraft:oak_button":8,"minecraft:spruce_pressure_plate":5,"minecraft:spruce_trapdoor":142,"minecraft:spruce_sapling":272,"minecraft:potion":11,"minecraft:porkchop":2,"minecraft:cooked_porkchop":488,"minecraft:warped_fence_gate":12,"minecraft:dandelion":8,"minecraft:diamond_leggings":2,"minecraft:polished_deepslate":309,"minecraft:nether_wart":12,"minecraft:mutton":20,"minecraft:obsidian":100,"minecraft:bricks":11,"minecraft:lantern":15,"minecraft:polished_blackstone_brick_wall":1,"minecraft:warped_nylium":20,"minecraft:item_frame":1,"minecraft:deepslate_diamond_ore":90,"minecraft:golden_sword":3,"minecraft:gold_block":10,"minecraft:diamond_boots":12,"minecraft:dropper":3,"minecraft:stone_pickaxe":296,"minecraft:mangrove_planks":2,"minecraft:oak_planks":169,"minecraft:sandstone":29,"minecraft:sugar_cane":41,"minecraft:diamond_axe":4623,"minecraft:white_wool":16,"minecraft:netherite_leggings":4,"minecraft:crossbow":5,"minecraft:end_stone":246,"minecraft:deepslate_lapis_ore":41,"minecraft:sticky_piston":2,"minecraft:lever":55,"minecraft:bread":1362,"minecraft:deepslate":538,"minecraft:chain":21,"minecraft:bone_meal":1337,"minecraft:flint_and_steel":255,"minecraft:redstone":70,"minecraft:ender_chest":116,"minecraft:deepslate_gold_ore":95,"minecraft:stone_hoe":56,"minecraft:dirt":3135,"minecraft:bee_nest":1,"minecraft:golden_chestplate":1,"minecraft:spruce_fence":87,"minecraft:iron_hoe":1,"minecraft:oak_stairs":57,"minecraft:iron_boots":8,"minecraft:soul_soil":1,"minecraft:netherite_pickaxe":59,"minecraft:minecart":153,"minecraft:cooked_beef":232,"minecraft:iron_leggings":6,"minecraft:lodestone":2,"minecraft:baked_potato":86,"minecraft:birch_boat":9,"minecraft:brown_mushroom":6,"minecraft:spruce_sign":25,"minecraft:red_mushroom":6,"minecraft:warped_planks":78,"minecraft:piston":27,"minecraft:chicken":1,"minecraft:lapis_ore":6,"minecraft:stone_slab":4,"minecraft:stone_axe":156,"minecraft:crimson_fungus":94,"minecraft:end_crystal":4,"minecraft:spruce_slab":738,"minecraft:polished_blackstone":1701,"minecraft:elytra":6,"minecraft:ladder":77,"minecraft:chest":88,"minecraft:white_shulker_box":4,"minecraft:stripped_spruce_log":8,"minecraft:grass_block":152,"minecraft:snow":61,"minecraft:sweet_berries":6,"minecraft:furnace":80,"minecraft:egg":9,"minecraft:potato":1,"minecraft:dragon_head":1,"minecraft:emerald_ore":1,"minecraft:diorite":54,"minecraft:end_stone_bricks":5,"minecraft:spruce_door":3,"minecraft:powered_rail":112,"minecraft:cookie":5,"minecraft:oak_leaves":304,"minecraft:sand":57,"minecraft:netherite_helmet":1,"minecraft:stone_button":182,"minecraft:lectern":853,"minecraft:polished_granite":40,"minecraft:diamond_ore":1,"minecraft:wooden_sword":54,"minecraft:ice":11,"minecraft:iron_bars":11,"minecraft:stone_sword":415,"minecraft:acacia_log":1,"minecraft:stripped_warped_stem":4,"minecraft:netherrack":4749,"minecraft:light_gray_shulker_box":21,"minecraft:warped_wart_block":6,"minecraft:ancient_debris":1,"minecraft:anvil":40,"minecraft:twisting_vines":6,"minecraft:polished_granite_slab":53,"minecraft:shroomlight":14,"minecraft:iron_axe":3370,"minecraft:rooted_dirt":48,"minecraft:spruce_button":120,"minecraft:totem_of_undying":3,"minecraft:beef":17,"minecraft:cobbled_deepslate":801,"minecraft:observer":22,"minecraft:orange_terracotta":5,"minecraft:crimson_stem":197,"minecraft:water_bucket":736,"minecraft:fletching_table":51,"minecraft:polished_blackstone_bricks":1036,"minecraft:cracked_stone_bricks":5,"minecraft:comparator":3,"minecraft:tnt":1195,"minecraft:crafting_table":106,"minecraft:oak_log":4,"minecraft:ender_eye":4,"minecraft:oxeye_daisy":1,"minecraft:cornflower":3,"minecraft:iron_pickaxe":1850,"minecraft:purpur_slab":1,"minecraft:crimson_nylium":26,"minecraft:crimson_sign":15,"minecraft:cobblestone":707,"minecraft:glass_pane":12,"minecraft:kelp":14,"minecraft:jukebox":6,"minecraft:iron_shovel":1870,"minecraft:diamond_hoe":103,"minecraft:oak_sign":5,"minecraft:shield":209,"minecraft:iron_sword":940,"minecraft:player_head":49,"minecraft:iron_chestplate":6,"minecraft:nether_bricks":1,"minecraft:carrot":55,"minecraft:tuff":79,"minecraft:glass":2221,"minecraft:coal_ore":79,"minecraft:quartz_slab":1,"minecraft:iron_helmet":5,"minecraft:hopper_minecart":4,"minecraft:stone_bricks":642,"minecraft:repeater":12,"minecraft:magma_block":6129,"minecraft:warped_fungus":51,"minecraft:scaffolding":569,"minecraft:polished_blackstone_stairs":289,"minecraft:golden_boots":1,"minecraft:ender_pearl":1677,"minecraft:end_stone_brick_slab":832,"minecraft:blue_bed":68,"minecraft:deepslate_redstone_ore":213,"minecraft:note_block":2,"minecraft:shears":566,"minecraft:redstone_torch":8,"minecraft:firework_rocket":1488,"minecraft:melon_slice":25,"minecraft:gravel":78,"minecraft:golden_helmet":2,"minecraft:grindstone":60,"minecraft:andesite":19,"minecraft:experience_bottle":43,"minecraft:oak_fence":3,"minecraft:purpur_block":1,"minecraft:music_disc_otherside":7,"minecraft:redstone_ore":1,"minecraft:stone_shovel":10,"minecraft:spruce_planks":679,"minecraft:spyglass":1,"minecraft:white_carpet":9,"minecraft:hopper":48,"minecraft:spruce_stairs":106,"minecraft:cobblestone_wall":608,"minecraft:diamond_helmet":5,"minecraft:shulker_box":488,"minecraft:granite":27,"minecraft:stone_brick_slab":1,"minecraft:bookshelf":76,"minecraft:polished_blackstone_brick_stairs":16,"minecraft:crimson_planks":58,"minecraft:golden_carrot":88,"minecraft:cooked_mutton":52,"minecraft:glass_bottle":103,"minecraft:polished_andesite":3,"minecraft:netherite_chestplate":10,"minecraft:copper_block":2,"minecraft:black_shulker_box":54,"minecraft:stonecutter":5,"minecraft:cobblestone_slab":8,"minecraft:lime_bed":9,"minecraft:smoker":10,"minecraft:nether_gold_ore":39,"minecraft:apple":11,"minecraft:cracked_polished_blackstone_bricks":15,"minecraft:white_banner":1,"minecraft:bucket":763,"minecraft:yellow_bed":16,"minecraft:splash_potion":24},"minecraft:broken":{"minecraft:diamond_helmet":1,"minecraft:shears":2,"minecraft:iron_pickaxe":3,"minecraft:iron_shovel":6,"minecraft:stone_pickaxe":2,"minecraft:iron_boots":1,"minecraft:golden_sword":1,"minecraft:iron_sword":2,"minecraft:stone_sword":2,"minecraft:iron_axe":7,"minecraft:golden_helmet":2,"minecraft:golden_shovel":5,"minecraft:flint_and_steel":2},"minecraft:picked_up":{"minecraft:smithing_table":2,"minecraft:lead":11,"minecraft:enchanted_book":4,"minecraft:polished_deepslate":142,"minecraft:music_disc_cat":1,"minecraft:polished_blackstone_brick_stairs":68,"minecraft:string":292,"minecraft:shroomlight":37,"minecraft:sculk_shrieker":2,"minecraft:diamond_leggings":13,"minecraft:crimson_sign":42,"minecraft:diamond_ore":1,"minecraft:spruce_pressure_plate":4,"minecraft:polished_blackstone_stairs":1636,"minecraft:jukebox":6,"minecraft:acacia_log":15,"minecraft:purpur_pillar":1,"minecraft:golden_axe":1,"minecraft:end_crystal":4,"minecraft:golden_chestplate":1,"minecraft:cauldron":10,"minecraft:stone_sword":8,"minecraft:glowstone":11,"minecraft:end_rod":1,"minecraft:bookshelf":32,"minecraft:blaze_rod":107,"minecraft:iron_bars":19,"minecraft:snowball":48,"minecraft:feather":4,"minecraft:cooked_beef":198,"minecraft:water_bucket":31,"minecraft:copper_block":43,"minecraft:flint":42,"minecraft:lantern":5,"minecraft:stonecutter":6,"minecraft:diamond_helmet":13,"minecraft:mangrove_fence_gate":4,"minecraft:stripped_crimson_stem":1,"minecraft:stripped_spruce_log":73,"minecraft:iron_hoe":1,"minecraft:polished_andesite":3,"minecraft:deepslate":1176,"minecraft:lever":27,"minecraft:granite":263,"minecraft:rooted_dirt":48,"minecraft:light_gray_carpet":1,"minecraft:crimson_roots":672,"minecraft:diamond_pickaxe":44,"minecraft:bee_nest":1,"minecraft:clay_ball":76,"minecraft:leather_leggings":4,"minecraft:dragon_head":4,"minecraft:purpur_block":5,"minecraft:heavy_weighted_pressure_plate":8,"minecraft:cornflower":5,"minecraft:elytra":9,"minecraft:flint_and_steel":31,"minecraft:white_carpet":7,"minecraft:iron_shovel":3,"minecraft:glass_pane":60,"minecraft:stripped_warped_stem":5,"minecraft:poppy":202,"minecraft:spruce_slab":77,"minecraft:minecart":134,"minecraft:birch_sapling":1,"minecraft:piston":9,"minecraft:diamond_hoe":9,"minecraft:copper_ore":27,"minecraft:stone":3055,"minecraft:fire_charge":4,"minecraft:netherite_pickaxe":1,"minecraft:diamond_chestplate":11,"minecraft:purpur_slab":3,"minecraft:hay_block":84,"minecraft:totem_of_undying":13,"minecraft:polished_blackstone":172,"minecraft:mutton":21,"minecraft:rail":2787,"minecraft:bone_block":1,"minecraft:emerald_ore":1,"minecraft:oxeye_daisy":1,"minecraft:lime_bed":12,"minecraft:birch_leaves":15,"minecraft:paper":77,"minecraft:apple":37,"minecraft:warped_stem":132,"minecraft:stone_pickaxe":1,"minecraft:iron_ore":5,"minecraft:magenta_stained_glass":4,"minecraft:smooth_basalt":9,"minecraft:sweet_berries":7,"minecraft:crying_obsidian":7,"minecraft:dragon_egg":2,"minecraft:leather_helmet":2,"minecraft:diamond_shovel":14,"minecraft:coal_ore":116,"minecraft:slime_ball":13,"minecraft:deepslate_redstone_ore":216,"minecraft:polished_blackstone_brick_wall":1,"minecraft:lodestone":2,"minecraft:baked_potato":48,"minecraft:hopper":9,"minecraft:ender_chest":120,"minecraft:nether_brick_fence":2,"minecraft:stone_brick_stairs":1,"minecraft:deepslate_lapis_ore":46,"minecraft:red_sand":23,"minecraft:bucket":61,"minecraft:cobblestone_slab":8,"minecraft:ender_eye":4,"minecraft:iron_pickaxe":10,"minecraft:tipped_arrow":5,"minecraft:spruce_stairs":95,"minecraft:diorite":207,"minecraft:goat_horn":1,"minecraft:rotten_flesh":636,"minecraft:mangrove_roots":2,"minecraft:obsidian":292,"minecraft:blaze_powder":15,"minecraft:cobblestone":3058,"minecraft:enchanting_table":5,"minecraft:leather_chestplate":1,"minecraft:repeater":2,"minecraft:andesite":88,"minecraft:golden_leggings":7,"minecraft:potato":9,"minecraft:dirt":5175,"minecraft:name_tag":7,"minecraft:mangrove_fence":5,"minecraft:glass":1956,"minecraft:bone":211,"minecraft:bow":37,"minecraft:wheat_seeds":196,"minecraft:crimson_fence_gate":4,"minecraft:grindstone":1,"minecraft:mossy_stone_bricks":16,"minecraft:fletching_table":39,"minecraft:bamboo":971,"minecraft:light_blue_shulker_box":18,"minecraft:nether_brick_stairs":2,"minecraft:grass_block":634,"minecraft:spectral_arrow":31,"minecraft:mossy_cobblestone":39,"minecraft:sugar":126,"minecraft:cracked_polished_blackstone_bricks":30,"minecraft:crossbow":16,"minecraft:bone_meal":3397,"minecraft:golden_apple":12,"minecraft:spruce_sign":53,"minecraft:emerald":368,"minecraft:netherrack":13369,"minecraft:oak_leaves":500,"minecraft:azure_bluet":8,"minecraft:splash_potion":7,"minecraft:ladder":2,"minecraft:brown_mushroom":46,"minecraft:packed_ice":775,"minecraft:chain":32,"minecraft:shield":16,"minecraft:end_stone_brick_wall":38,"minecraft:oak_trapdoor":16,"minecraft:moss_carpet":7,"minecraft:birch_fence":2,"minecraft:blackstone":331,"minecraft:end_stone":800,"minecraft:polished_blackstone_bricks":778,"minecraft:cookie":598,"minecraft:weeping_vines":13,"minecraft:nether_bricks":64,"minecraft:basalt":81,"minecraft:golden_carrot":9,"minecraft:leather":388,"minecraft:ice":505,"minecraft:crimson_fungus":113,"minecraft:cobblestone_wall":3,"minecraft:yellow_bed":18,"minecraft:gunpowder":257,"minecraft:orange_terracotta":5,"minecraft:cooked_mutton":64,"minecraft:iron_ingot":3591,"minecraft:nether_quartz_ore":158,"minecraft:warped_fungus":102,"minecraft:stone_brick_slab":46,"minecraft:quartz":698,"minecraft:dandelion":72,"minecraft:lava_bucket":1,"minecraft:amethyst_shard":30,"minecraft:spruce_door":6,"minecraft:sculk_sensor":1,"minecraft:damaged_anvil":1,"minecraft:end_stone_brick_slab":217,"minecraft:iron_chestplate":13,"minecraft:anvil":49,"minecraft:diamond_sword":86,"minecraft:oak_stairs":11,"minecraft:golden_shovel":6,"minecraft:brewing_stand":10,"minecraft:golden_sword":3,"minecraft:amethyst_block":2,"minecraft:soul_soil":7,"minecraft:gold_nugget":1091,"minecraft:cobbled_deepslate":3591,"minecraft:spruce_planks":708,"minecraft:written_book":1,"minecraft:enchanted_golden_apple":1,"minecraft:melon_slice":25,"minecraft:coal_block":5,"minecraft:golden_helmet":10,"minecraft:composter":1,"minecraft:warped_planks":75,"minecraft:tropical_fish":2,"minecraft:iron_block":1549,"minecraft:netherite_chestplate":10,"minecraft:birch_log":7,"minecraft:magma_block":6343,"minecraft:iron_door":3,"minecraft:smoker":10,"minecraft:stripped_spruce_wood":29,"minecraft:netherite_leggings":10,"minecraft:mangrove_slab":195,"minecraft:twisting_vines":8,"minecraft:chipped_anvil":12,"minecraft:glowstone_dust":1,"minecraft:moss_block":9,"minecraft:warped_wart_block":175,"minecraft:dropper":2,"minecraft:ink_sac":2,"minecraft:fermented_spider_eye":3,"minecraft:dispenser":9,"minecraft:polished_granite_slab":10,"minecraft:writable_book":4,"minecraft:deepslate_gold_ore":96,"minecraft:bread":910,"minecraft:dark_oak_fence":1,"minecraft:bricks":14,"minecraft:lime_stained_glass_pane":6,"minecraft:crafting_table":98,"minecraft:nether_wart":23,"minecraft:crimson_trapdoor":7,"minecraft:red_bed":12,"minecraft:snow":118,"minecraft:netherite_scrap":1,"minecraft:compass":1,"minecraft:cracked_stone_bricks":12,"minecraft:music_disc_otherside":7,"minecraft:deepslate_diamond_ore":95,"minecraft:beef":213,"minecraft:iron_nugget":54,"minecraft:chest":40,"minecraft:egg":12,"minecraft:sandstone":283,"minecraft:oak_door":1,"minecraft:spruce_fence":31,"minecraft:carrot":162,"minecraft:redstone":1508,"minecraft:tnt":578,"minecraft:polished_granite_stairs":32,"minecraft:beetroot_seeds":3,"minecraft:deepslate_bricks":178,"minecraft:diamond_boots":20,"minecraft:gold_ingot":171,"minecraft:glow_berries":7,"minecraft:white_shulker_box":4,"minecraft:white_wool":346,"minecraft:stripped_oak_log":1,"minecraft:lapis_ore":7,"minecraft:red_mushroom_block":3,"minecraft:red_mushroom":79,"minecraft:oak_log":430,"minecraft:ancient_debris":49,"minecraft:golden_boots":8,"minecraft:blue_bed":70,"minecraft:white_banner":15,"minecraft:stone_bricks":369,"minecraft:kelp":14,"minecraft:glass_bottle":11,"minecraft:iron_sword":6,"minecraft:sculk":7,"minecraft:spyglass":1,"minecraft:gravel":313,"minecraft:spruce_sapling":599,"minecraft:spruce_log":4172,"minecraft:firework_rocket":146,"minecraft:polished_diorite":24,"minecraft:stone_axe":2,"minecraft:redstone_ore":10,"minecraft:diamond_axe":14,"minecraft:gray_wool":2,"minecraft:warped_roots":651,"minecraft:oak_button":6,"minecraft:warped_nylium":33,"minecraft:crimson_nylium":74,"minecraft:ender_pearl":6456,"minecraft:shulker_shell":59,"minecraft:wheat":11,"minecraft:light_gray_shulker_box":23,"minecraft:green_stained_glass_pane":33,"minecraft:potion":10,"minecraft:crimson_planks":117,"minecraft:raw_copper":35,"minecraft:iron_leggings":11,"minecraft:sticky_piston":1,"minecraft:netherite_ingot":1,"minecraft:oak_sign":4,"minecraft:black_shulker_box":56,"minecraft:redstone_torch":3,"minecraft:furnace":91,"minecraft:iron_boots":11,"minecraft:stick":2084,"minecraft:deepslate_brick_wall":3,"minecraft:brown_terracotta":2,"minecraft:oak_fence":13,"minecraft:torch":86,"minecraft:porkchop":4,"minecraft:pointed_dripstone":5,"minecraft:quartz_block":1,"minecraft:nether_gold_ore":123,"minecraft:cactus":8,"minecraft:mangrove_stairs":27,"minecraft:cod":2,"minecraft:magma_cream":18,"minecraft:tuff":480,"minecraft:wither_skeleton_skull":1,"minecraft:lapis_lazuli":1424,"minecraft:polished_granite":2,"minecraft:leather_boots":3,"minecraft:raw_gold":179,"minecraft:deepslate_brick_slab":6,"minecraft:powered_rail":69,"minecraft:oak_planks":215,"minecraft:stone_hoe":1,"minecraft:ghast_tear":1,"minecraft:cooked_porkchop":359,"minecraft:music_disc_13":1,"minecraft:polished_blackstone_slab":23,"minecraft:sand":7463,"minecraft:shulker_box":490,"minecraft:light_gray_concrete":117,"minecraft:clay":5,"minecraft:spruce_boat":114,"minecraft:diamond":312,"minecraft:oak_sapling":72,"minecraft:end_stone_bricks":11,"minecraft:charcoal":2,"minecraft:end_stone_brick_stairs":16,"minecraft:chicken":2,"minecraft:wooden_pickaxe":1,"minecraft:gold_block":77,"minecraft:dragon_breath":32,"minecraft:iron_axe":43,"minecraft:wooden_sword":1,"minecraft:quartz_slab":18,"minecraft:item_frame":1,"minecraft:oak_boat":126,"minecraft:player_head":164,"minecraft:observer":16,"minecraft:lectern":847,"minecraft:sugar_cane":1798,"minecraft:spruce_trapdoor":262,"minecraft:raw_iron":44,"minecraft:stone_button":1,"minecraft:iron_horse_armor":1,"minecraft:dark_oak_planks":1,"minecraft:arrow":1727,"minecraft:saddle":5,"minecraft:lime_stained_glass":86,"minecraft:glow_ink_sac":2,"minecraft:crimson_stem":517,"minecraft:birch_planks":1,"minecraft:nether_wart_block":149,"minecraft:deepslate_tile_slab":2,"minecraft:podzol":10,"minecraft:stripped_oak_wood":1,"minecraft:acacia_sapling":4,"minecraft:soul_sand":108,"minecraft:green_dye":1,"minecraft:book":706,"minecraft:oak_slab":27,"minecraft:scaffolding":293,"minecraft:pumpkin":19,"minecraft:birch_boat":9,"minecraft:dripstone_block":2,"minecraft:blast_furnace":3,"minecraft:white_bed":136,"minecraft:gold_ore":1,"minecraft:spider_eye":28,"minecraft:iron_helmet":6,"minecraft:coal":691},"minecraft:custom":{"minecraft:interact_with_crafting_table":635,"minecraft:damage_blocked_by_shield":13937,"minecraft:play_time":6787379,"minecraft:deaths":115,"minecraft:jump":129999,"minecraft:play_record":7,"minecraft:interact_with_smoker":57,"minecraft:inspect_dispenser":14,"minecraft:horse_one_cm":211,"minecraft:inspect_dropper":35,"minecraft:interact_with_anvil":164,"minecraft:inspect_hopper":144,"minecraft:tune_noteblock":6,"minecraft:time_since_rest":267338,"minecraft:swim_one_cm":850043,"minecraft:open_chest":4463,"minecraft:open_shulker_box":2545,"minecraft:talked_to_villager":2319,"minecraft:interact_with_brewingstand":81,"minecraft:raid_win":2,"minecraft:boat_one_cm":2412141,"minecraft:damage_taken":143699,"minecraft:aviate_one_cm":47228429,"minecraft:open_barrel":91,"minecraft:bell_ring":17,"minecraft:leave_game":452,"minecraft:time_since_death":1368840,"minecraft:enchant_item":187,"minecraft:interact_with_furnace":310,"minecraft:traded_with_villager":4802,"minecraft:sleep_in_bed":232,"minecraft:damage_dealt":292870,"minecraft:use_cauldron":3,"minecraft:interact_with_smithing_table":32,"minecraft:sneak_time":626441,"minecraft:interact_with_blast_furnace":64,"minecraft:total_world_time":6787379,"minecraft:interact_with_stonecutter":12,"minecraft:fly_one_cm":39226861,"minecraft:fall_one_cm":3773693,"minecraft:sprint_one_cm":23080218,"minecraft:drop":3834,"minecraft:walk_on_water_one_cm":548740,"minecraft:interact_with_loom":1,"minecraft:open_enderchest":821,"minecraft:player_kills":55,"minecraft:crouch_one_cm":1761942,"minecraft:mob_kills":21439,"minecraft:climb_one_cm":426885,"minecraft:walk_one_cm":7667717,"minecraft:walk_under_water_one_cm":310469,"minecraft:raid_trigger":3,"minecraft:interact_with_grindstone":134,"minecraft:damage_absorbed":1146},"minecraft:crafted":{"minecraft:black_dye":6,"minecraft:oak_sign":18,"minecraft:blaze_powder":48,"minecraft:chain":194,"minecraft:diamond_shovel":8,"minecraft:shulker_box":4,"minecraft:diamond_helmet":11,"minecraft:name_tag":3,"minecraft:white_shulker_box":1,"minecraft:smithing_table":1,"minecraft:sticky_piston":1,"minecraft:fletching_table":15,"minecraft:polished_deepslate_slab":12,"minecraft:end_stone_brick_slab":1010,"minecraft:lectern":9,"minecraft:stone_slab":414,"minecraft:iron_pickaxe":10,"minecraft:sandstone":24,"minecraft:netherite_ingot":10,"minecraft:composter":8,"minecraft:polished_blackstone_bricks":1092,"minecraft:golden_carrot":84,"minecraft:jukebox":1,"minecraft:iron_nugget":958,"minecraft:crimson_trapdoor":240,"minecraft:experience_bottle":43,"minecraft:diamond_hoe":2,"minecraft:spruce_fence":111,"minecraft:lantern":26,"minecraft:spruce_stairs":256,"minecraft:light_gray_shulker_box":1,"minecraft:stone_pickaxe":5,"minecraft:spruce_boat":26,"minecraft:enchanting_table":3,"minecraft:crimson_slab":96,"minecraft:polished_blackstone_stairs":456,"minecraft:enchanted_book":124,"minecraft:fermented_spider_eye":13,"minecraft:iron_shovel":18,"minecraft:note_block":2,"minecraft:grindstone":62,"minecraft:cobblestone_slab":2,"minecraft:polished_granite_slab":48,"minecraft:crimson_sign":60,"minecraft:cooked_chicken":128,"minecraft:stone":75,"minecraft:warped_planks":1026,"minecraft:stone_brick_slab":12,"minecraft:bow":36,"minecraft:comparator":3,"minecraft:chest":183,"minecraft:oak_button":14,"minecraft:rail":832,"minecraft:ender_eye":4,"minecraft:stone_bricks":687,"minecraft:golden_boots":4,"minecraft:magma_block":1,"minecraft:dropper":2,"minecraft:arrow":816,"minecraft:iron_helmet":8,"minecraft:dispenser":2,"minecraft:apple":104,"minecraft:tnt":875,"minecraft:spruce_trapdoor":360,"minecraft:warped_fence_gate":12,"minecraft:stick":36135,"minecraft:iron_ingot":3592,"minecraft:light_blue_shulker_box":1,"minecraft:deepslate_bricks":524,"minecraft:golden_chestplate":1,"minecraft:spruce_button":120,"minecraft:furnace":82,"minecraft:blast_furnace":3,"minecraft:piston":22,"minecraft:flint_and_steel":4,"minecraft:scaffolding":162,"minecraft:netherite_chestplate":1,"minecraft:polished_granite_stairs":80,"minecraft:cobblestone_wall":966,"minecraft:iron_sword":7,"minecraft:golden_shovel":5,"minecraft:mangrove_planks":8,"minecraft:ice":952,"minecraft:white_dye":17,"minecraft:stonecutter":2,"minecraft:anvil":38,"minecraft:torch":12,"minecraft:diamond_chestplate":9,"minecraft:ender_chest":3,"minecraft:smooth_stone":9,"minecraft:polished_blackstone_slab":6,"minecraft:lever":73,"minecraft:bookshelf":62,"minecraft:iron_bars":16,"minecraft:quartz_block":79,"minecraft:glass":687,"minecraft:repeater":10,"minecraft:diamond_leggings":7,"minecraft:polished_blackstone":3263,"minecraft:glass_bottle":288,"minecraft:emerald":3915,"minecraft:diamond_axe":5,"minecraft:spruce_door":15,"minecraft:campfire":10,"minecraft:compass":5,"minecraft:iron_block":975,"minecraft:gold_ingot":847,"minecraft:light_gray_dye":3,"minecraft:packed_ice":215,"minecraft:rabbit_stew":10,"minecraft:stone_shovel":1,"minecraft:crimson_fence_gate":10,"minecraft:bone_meal":1539,"minecraft:white_carpet":9,"minecraft:diamond":54,"minecraft:deepslate_brick_wall":60,"minecraft:ladder":141,"minecraft:spruce_slab":348,"minecraft:ender_pearl":11,"minecraft:diamond_boots":10,"minecraft:redstone_block":177,"minecraft:golden_helmet":2,"minecraft:wheat":756,"minecraft:coal_block":57,"minecraft:crossbow":25,"minecraft:polished_blackstone_brick_slab":18,"minecraft:deepslate_brick_slab":50,"minecraft:polished_granite":144,"minecraft:glowstone":9,"minecraft:golden_apple":69,"minecraft:oak_stairs":48,"minecraft:iron_leggings":7,"minecraft:white_bed":45,"minecraft:oak_planks":1877,"minecraft:purple_glazed_terracotta":12,"minecraft:spruce_pressure_plate":2,"minecraft:hopper":67,"minecraft:iron_boots":8,"minecraft:stone_hoe":1,"minecraft:smoker":2,"minecraft:crafting_table":27,"minecraft:spruce_planks":17298,"minecraft:wooden_pickaxe":2,"minecraft:baked_potato":134,"minecraft:gold_block":15,"minecraft:hopper_minecart":4,"minecraft:birch_planks":168,"minecraft:brewing_stand":3,"minecraft:black_shulker_box":3,"minecraft:book":337,"minecraft:iron_chestplate":5,"minecraft:paper":1668,"minecraft:diamond_pickaxe":14,"minecraft:charcoal":8,"minecraft:shield":12,"minecraft:warped_slab":192,"minecraft:light_blue_dye":2,"minecraft:stone_sword":7,"minecraft:polished_blackstone_brick_stairs":32,"minecraft:redstone_torch":47,"minecraft:shears":6,"minecraft:wooden_sword":2,"minecraft:redstone":393,"minecraft:coal":18,"minecraft:stone_button":321,"minecraft:end_stone_bricks":508,"minecraft:diamond_block":6,"minecraft:glass_pane":64,"minecraft:blue_ice":12,"minecraft:leather":12,"minecraft:polished_deepslate":988,"minecraft:iron_axe":31,"minecraft:netherite_scrap":41,"minecraft:observer":7,"minecraft:minecart":110,"minecraft:cooked_beef":119,"minecraft:sugar":64,"minecraft:crimson_planks":1825,"minecraft:diamond_sword":9,"minecraft:spruce_sign":36,"minecraft:powered_rail":72,"minecraft:bucket":10,"minecraft:stone_axe":1,"minecraft:air":0,"minecraft:bread":1851,"minecraft:blue_dye":9,"minecraft:oak_boat":13,"minecraft:white_wool":7,"minecraft:acacia_planks":16,"minecraft:lapis_lazuli":301,"minecraft:lapis_block":88,"minecraft:firework_rocket":1332}},"DataVersion":3337}