{"stats":{"minecraft:dropped":{"minecraft:iron_sword":6,"minecraft:lapis_lazuli":11,"minecraft:cooked_beef":3,"minecraft:chorus_fruit":8,"minecraft:glass_bottle":2,"minecraft:diamond":19,"minecraft:crafting_table":5,"minecraft:cooked_porkchop":3,"minecraft:crossbow":5,"minecraft:warped_roots":64,"minecraft:cracked_stone_bricks":16,"minecraft:purpur_stairs":2,"minecraft:elytra":1,"minecraft:rail":52,"minecraft:emerald":97,"minecraft:gold_block":5,"minecraft:dirt":533,"minecraft:birch_fence":37,"minecraft:mangrove_stairs":2,"minecraft:chain":10,"minecraft:gold_nugget":12,"minecraft:bone_meal":29,"minecraft:sand":22,"minecraft:sugar":2,"minecraft:iron_pickaxe":9,"minecraft:mangrove_slab":2,"minecraft:white_wool":8,"minecraft:blue_bed":1,"minecraft:bone":25,"minecraft:stone_axe":4,"minecraft:compass":1,"minecraft:sugar_cane":5,"minecraft:iron_nugget":43,"minecraft:cobbled_deepslate":337,"minecraft:tinted_glass":10,"minecraft:birch_sapling":7,"minecraft:wheat":4,"minecraft:deepslate_brick_slab":2,"minecraft:rotten_flesh":73,"minecraft:oak_planks":80,"minecraft:end_stone":4,"minecraft:azure_bluet":5,"minecraft:white_bed":1,"minecraft:warped_planks":3,"minecraft:tipped_arrow":3,"minecraft:hopper":5,"minecraft:ladder":11,"minecraft:spruce_slab":31,"minecraft:white_dye":7,"minecraft:beef":1,"minecraft:warped_wart_block":4,"minecraft:crimson_planks":21,"minecraft:enchanted_book":1,"minecraft:golden_boots":1,"minecraft:iron_ingot":200,"minecraft:wheat_seeds":70,"minecraft:mangrove_leaves":265,"minecraft:cobbled_deepslate_stairs":12,"minecraft:copper_block":1,"minecraft:polished_blackstone":8,"minecraft:dripstone_block":8,"minecraft:iron_helmet":2,"minecraft:oak_fence":1,"minecraft:purpur_slab":2,"minecraft:feather":4,"minecraft:cobblestone":1370,"minecraft:apple":5,"minecraft:granite":32,"minecraft:spruce_door":3,"minecraft:chainmail_helmet":1,"minecraft:coal":1,"minecraft:polished_andesite":4,"minecraft:polished_blackstone_stairs":3,"minecraft:gray_wool":1,"minecraft:rabbit":1,"minecraft:diamond_helmet":4,"minecraft:white_banner":1,"minecraft:iron_shovel":2,"minecraft:paper":28,"minecraft:string":14,"minecraft:oxidized_copper":14,"minecraft:spruce_sapling":78,"minecraft:stone_brick_slab":1,"minecraft:furnace":2,"minecraft:bricks":2,"minecraft:moss_carpet":12,"minecraft:player_head":27,"minecraft:stone_sword":1,"minecraft:deepslate":2,"minecraft:white_carpet":7,"minecraft:clay_ball":8,"minecraft:iron_boots":3,"minecraft:light_gray_concrete":2,"minecraft:spruce_fence":9,"minecraft:shears":3,"minecraft:pumpkin_seeds":2,"minecraft:diamond_sword":12,"minecraft:potato":241,"minecraft:spruce_boat":2,"minecraft:stone":7,"minecraft:spruce_trapdoor":11,"minecraft:spruce_planks":232,"minecraft:diamond_pickaxe":7,"minecraft:yellow_bed":1,"minecraft:stone_bricks":15,"minecraft:bamboo":2,"minecraft:bow":2,"minecraft:stripped_spruce_wood":6,"minecraft:spruce_sign":3,"minecraft:birch_planks":4,"minecraft:moss_block":1,"minecraft:brown_mushroom":11,"minecraft:diamond_axe":1,"minecraft:baked_potato":45,"minecraft:ender_pearl":443,"minecraft:lantern":4,"minecraft:leather":14,"minecraft:honeycomb":2,"minecraft:mangrove_planks":31,"minecraft:flint":20,"minecraft:cornflower":1,"minecraft:mutton":4,"minecraft:crimson_roots":84,"minecraft:snowball":105,"minecraft:amethyst_shard":16,"minecraft:polished_blackstone_bricks":4,"minecraft:birch_log":59,"minecraft:gold_ingot":4,"minecraft:gravel":116,"minecraft:blackstone":40,"minecraft:spyglass":3,"minecraft:mangrove_roots":1,"minecraft:pointed_dripstone":9,"minecraft:diamond_shovel":4,"minecraft:carrot":90,"minecraft:shulker_shell":1,"minecraft:poppy":85,"minecraft:rabbit_hide":1,"minecraft:gunpowder":64,"minecraft:chest":1,"minecraft:chainmail_boots":1,"minecraft:arrow":73,"minecraft:quartz":70,"minecraft:written_book":1,"minecraft:netherrack":572,"minecraft:firework_rocket":41,"minecraft:water_bucket":2,"minecraft:bread":3,"minecraft:stripped_spruce_log":3,"minecraft:golden_helmet":2,"minecraft:exposed_copper":2,"minecraft:minecart":1,"minecraft:diamond_leggings":3,"minecraft:poisonous_potato":13,"minecraft:mangrove_propagule":19,"minecraft:amethyst_block":49,"minecraft:hopper_minecart":1,"minecraft:copper_ingot":1,"minecraft:spruce_stairs":33,"minecraft:grass_block":4,"minecraft:stick":113,"minecraft:iron_block":6,"minecraft:diorite":74,"minecraft:brewing_stand":3,"minecraft:torch":28,"minecraft:nether_wart_block":10,"minecraft:white_concrete":10,"minecraft:brown_wool":1,"minecraft:iron_leggings":4,"minecraft:iron_axe":5,"minecraft:bucket":1,"minecraft:dandelion":14,"minecraft:smooth_basalt":7,"minecraft:redstone":2,"minecraft:sweet_berries":20,"minecraft:raw_copper":4,"minecraft:tuff":198,"minecraft:light_gray_wool":2,"minecraft:iron_hoe":1,"minecraft:smoker":1,"minecraft:shulker_box":1,"minecraft:flint_and_steel":2,"minecraft:deepslate_bricks":3,"minecraft:shield":1,"minecraft:end_stone_brick_stairs":32,"minecraft:diamond_chestplate":4,"minecraft:iron_chestplate":1,"minecraft:andesite":57,"minecraft:mossy_stone_bricks":31,"minecraft:oak_sapling":1,"minecraft:golden_sword":2,"minecraft:diamond_boots":2,"minecraft:spruce_log":26,"minecraft:stripped_warped_stem":3,"minecraft:stone_pickaxe":7,"minecraft:wooden_pickaxe":1,"minecraft:calcite":3},"minecraft:killed_by":{"minecraft:pillager":1,"minecraft:ravager":1,"minecraft:vindicator":2,"minecraft:vex":11,"minecraft:stray":2,"minecraft:ender_dragon":6,"minecraft:creeper":5,"minecraft:silverfish":2,"minecraft:player":2,"minecraft:enderman":4,"minecraft:iron_golem":2,"minecraft:skeleton":4},"minecraft:killed":{"minecraft:shulker":18,"minecraft:skeleton":29,"minecraft:fox":1,"minecraft:iron_golem":5,"minecraft:ender_dragon":1,"minecraft:pillager":79,"minecraft:zombie":74,"minecraft:glow_squid":3,"minecraft:cow":23,"minecraft:evoker":5,"minecraft:vindicator":25,"minecraft:endermite":2,"minecraft:rabbit":1,"minecraft:ravager":4,"minecraft:enderman":6367,"minecraft:zombified_piglin":1,"minecraft:witch":9,"minecraft:spider":26,"minecraft:silverfish":18,"minecraft:piglin":6,"minecraft:pig":2,"minecraft:zombie_villager":1,"minecraft:creeper":27,"minecraft:sheep":31,"minecraft:stray":9,"minecraft:vex":8,"minecraft:slime":16,"minecraft:phantom":1,"minecraft:squid":1},"minecraft:mined":{"minecraft:dark_oak_planks":5,"minecraft:stripped_warped_stem":3,"minecraft:white_bed":17,"minecraft:obsidian":17,"minecraft:granite":42,"minecraft:chiseled_polished_blackstone":2,"minecraft:coal_block":3,"minecraft:deepslate_bricks":58,"minecraft:purpur_slab":3,"minecraft:hopper":8,"minecraft:nether_wart":11,"minecraft:polished_blackstone_bricks":36,"minecraft:weeping_vines_plant":10,"minecraft:magma_block":64,"minecraft:fire":72,"minecraft:barrel":9,"minecraft:cobbled_deepslate":574,"minecraft:moss_carpet":5,"minecraft:pumpkin":22,"minecraft:deepslate_lapis_ore":7,"minecraft:sculk_shrieker":3,"minecraft:dirt_path":21,"minecraft:white_banner":1,"minecraft:iron_block":131,"minecraft:player_head":11,"minecraft:player_wall_head":8,"minecraft:smoker":3,"minecraft:crimson_nylium":19,"minecraft:amethyst_cluster":62,"minecraft:deepslate_tile_slab":2,"minecraft:powder_snow":12,"minecraft:torch":37,"minecraft:blast_furnace":1,"minecraft:oxidized_copper":175,"minecraft:white_stained_glass_pane":1,"minecraft:spruce_wall_sign":2,"minecraft:glass":5,"minecraft:sugar_cane":211,"minecraft:bricks":27,"minecraft:spruce_sign":3,"minecraft:amethyst_block":50,"minecraft:chain":30,"minecraft:tinted_glass":27,"minecraft:wheat":32,"minecraft:stone_brick_stairs":12,"minecraft:copper_block":146,"minecraft:grass":530,"minecraft:mangrove_log":51,"minecraft:smooth_basalt":10,"minecraft:deepslate":6000,"minecraft:stripped_birch_log":35,"minecraft:sea_lantern":1,"minecraft:shulker_box":36,"minecraft:end_stone":1132,"minecraft:nether_bricks":2,"minecraft:dark_oak_fence":3,"minecraft:spruce_fence":18,"minecraft:crimson_roots":19,"minecraft:redstone_wire":9,"minecraft:moss_block":3,"minecraft:white_concrete_powder":2,"minecraft:snow":155,"minecraft:andesite":125,"minecraft:diamond_block":22,"minecraft:potatoes":219,"minecraft:vine":13,"minecraft:rail":86,"minecraft:bamboo":14,"minecraft:bone_block":19,"minecraft:white_wool":7,"minecraft:ender_chest":4,"minecraft:smithing_table":2,"minecraft:mangrove_stairs":3,"minecraft:redstone_block":2,"minecraft:stone_brick_slab":2,"minecraft:polished_blackstone_brick_wall":1,"minecraft:dandelion":48,"minecraft:spruce_button":1,"minecraft:purpur_pillar":8,"minecraft:copper_ore":21,"minecraft:tall_grass":58,"minecraft:deepslate_gold_ore":3,"minecraft:diorite":34,"minecraft:warped_wart_block":5,"minecraft:stripped_spruce_wood":15,"minecraft:white_carpet":6,"minecraft:spruce_log":602,"minecraft:birch_leaves":1,"minecraft:mangrove_leaves":904,"minecraft:gravel":398,"minecraft:dripstone_block":26,"minecraft:cobweb":1,"minecraft:polished_blackstone":280,"minecraft:stone_bricks":104,"minecraft:gold_ore":2,"minecraft:fern":1,"minecraft:black_shulker_box":27,"minecraft:large_amethyst_bud":2,"minecraft:spruce_planks":104,"minecraft:farmland":2,"minecraft:cobbled_deepslate_stairs":10,"minecraft:mossy_stone_brick_slab":2,"minecraft:brewing_stand":1,"minecraft:spruce_trapdoor":8,"minecraft:budding_amethyst":3,"minecraft:grass_block":1731,"minecraft:white_concrete":97,"minecraft:polished_diorite":1,"minecraft:composter":2,"minecraft:iron_ore":56,"minecraft:anvil":5,"minecraft:azure_bluet":11,"minecraft:pointed_dripstone":27,"minecraft:iron_bars":2,"minecraft:end_stone_bricks":54,"minecraft:spruce_slab":30,"minecraft:deepslate_redstone_ore":36,"minecraft:exposed_copper":34,"minecraft:blackstone":368,"minecraft:purpur_stairs":7,"minecraft:clay":2,"minecraft:end_stone_brick_slab":4,"minecraft:calcite":14,"minecraft:beacon":11,"minecraft:chest":29,"minecraft:mushroom_stem":1,"minecraft:nether_quartz_ore":112,"minecraft:cobblestone":311,"minecraft:oak_planks":35,"minecraft:wall_torch":32,"minecraft:seagrass":2,"minecraft:warped_nylium":2,"minecraft:warped_planks":10,"minecraft:nether_wart_block":240,"minecraft:lapis_block":4,"minecraft:blue_ice":5,"minecraft:purpur_block":28,"minecraft:oak_log":53,"minecraft:sand":241,"minecraft:dirt":1736,"minecraft:crimson_planks":75,"minecraft:ancient_debris":10,"minecraft:netherrack":2813,"minecraft:oak_leaves":23,"minecraft:emerald_block":4,"minecraft:nether_gold_ore":15,"minecraft:tuff":715,"minecraft:stripped_mangrove_log":26,"minecraft:deepslate_diamond_ore":62,"minecraft:red_stained_glass":1,"minecraft:mangrove_roots":93,"minecraft:glow_lichen":2,"minecraft:ladder":20,"minecraft:weathered_copper":16,"minecraft:weeping_vines":1,"minecraft:brown_mushroom_block":54,"minecraft:spruce_leaves":160,"minecraft:sandstone":59,"minecraft:crimson_stem":48,"minecraft:mangrove_propagule":11,"minecraft:deepslate_brick_slab":1,"minecraft:spruce_sapling":3,"minecraft:furnace":9,"minecraft:carrots":79,"minecraft:stripped_spruce_log":213,"minecraft:gold_block":6,"minecraft:bell":4,"minecraft:bookshelf":6,"minecraft:shroomlight":21,"minecraft:deepslate_iron_ore":5,"minecraft:lantern":20,"minecraft:packed_ice":7,"minecraft:chorus_plant":3,"minecraft:stone":3824,"minecraft:podzol":5,"minecraft:flowering_azalea":1,"minecraft:magenta_stained_glass":1,"minecraft:infested_stone_bricks":3,"minecraft:spruce_door":22,"minecraft:oak_fence":3,"minecraft:crafting_table":19,"minecraft:sculk_sensor":1,"minecraft:stone_slab":3,"minecraft:lapis_ore":13,"minecraft:spruce_stairs":25,"minecraft:birch_planks":5,"minecraft:cactus":1,"minecraft:end_stone_brick_stairs":15,"minecraft:polished_blackstone_stairs":5,"minecraft:sweet_berry_bush":4,"minecraft:ice":36,"minecraft:yellow_bed":5,"minecraft:mangrove_slab":32,"minecraft:coal_ore":173,"minecraft:end_rod":6,"minecraft:cracked_stone_bricks":37,"minecraft:polished_andesite":32,"minecraft:mossy_stone_bricks":43,"minecraft:birch_fence":2},"minecraft:used":{"minecraft:writable_book":1,"minecraft:polished_blackstone":404,"minecraft:ladder":122,"minecraft:spruce_slab":203,"minecraft:elytra":37,"minecraft:poppy":80,"minecraft:chest":35,"minecraft:stone":109,"minecraft:rotten_flesh":2,"minecraft:weathered_copper":16,"minecraft:deepslate_brick_slab":12,"minecraft:snowball":53,"minecraft:azure_bluet":1,"minecraft:stripped_spruce_log":75,"minecraft:spruce_boat":19,"minecraft:honeycomb":7,"minecraft:lava_bucket":5,"minecraft:mangrove_stairs":36,"minecraft:grass_block":8,"minecraft:birch_sapling":22,"minecraft:stone_brick_stairs":12,"minecraft:stripped_mangrove_log":3,"minecraft:sweet_berries":72,"minecraft:furnace":11,"minecraft:oak_sapling":9,"minecraft:mangrove_slab":401,"minecraft:egg":2,"minecraft:end_stone_brick_stairs":15,"minecraft:potato":324,"minecraft:dragon_head":1,"minecraft:mossy_stone_bricks":2,"minecraft:diorite":2,"minecraft:end_stone_bricks":208,"minecraft:spruce_door":26,"minecraft:stripped_birch_log":18,"minecraft:blackstone":78,"minecraft:wooden_pickaxe":13,"minecraft:composter":1,"minecraft:purpur_pillar":7,"minecraft:purpur_stairs":4,"minecraft:sand":11,"minecraft:blast_furnace":1,"minecraft:birch_fence":2,"minecraft:diamond_sword":2336,"minecraft:smithing_table":3,"minecraft:birch_log":1,"minecraft:compass":1,"minecraft:iron_bars":2,"minecraft:tinted_glass":125,"minecraft:netherrack":483,"minecraft:torch":435,"minecraft:anvil":7,"minecraft:ancient_debris":1,"minecraft:warped_wart_block":1,"minecraft:shroomlight":14,"minecraft:flowering_azalea":1,"minecraft:iron_block":259,"minecraft:iron_axe":1194,"minecraft:totem_of_undying":3,"minecraft:barrel":26,"minecraft:bamboo":27,"minecraft:diamond_chestplate":15,"minecraft:goat_horn":11,"minecraft:oxidized_copper":97,"minecraft:cobbled_deepslate":6963,"minecraft:pointed_dripstone":14,"minecraft:crimson_stem":6,"minecraft:wheat_seeds":30,"minecraft:water_bucket":191,"minecraft:birch_planks":5,"minecraft:spruce_fence_gate":8,"minecraft:cracked_stone_bricks":2,"minecraft:deepslate_bricks":852,"minecraft:polished_blackstone_bricks":6,"minecraft:diamond_block":17,"minecraft:rail":76,"minecraft:vine":3,"minecraft:tnt":4,"minecraft:crafting_table":30,"minecraft:white_bed":32,"minecraft:campfire":1,"minecraft:spruce_log":200,"minecraft:oak_log":7,"minecraft:diamond_pickaxe":13205,"minecraft:diamond_shovel":3336,"minecraft:mangrove_propagule":5,"minecraft:iron_pickaxe":4363,"minecraft:spruce_trapdoor":38,"minecraft:spruce_sapling":43,"minecraft:cobblestone":548,"minecraft:potion":1,"minecraft:cooked_porkchop":93,"minecraft:porkchop":12,"minecraft:dandelion":4,"minecraft:diamond_leggings":18,"minecraft:iron_shovel":350,"minecraft:diamond_hoe":469,"minecraft:bone_block":8,"minecraft:white_concrete_powder":82,"minecraft:shield":72,"minecraft:iron_sword":400,"minecraft:nether_wart":11,"minecraft:bell":6,"minecraft:grass":3,"minecraft:mossy_stone_brick_slab":2,"minecraft:player_head":24,"minecraft:iron_chestplate":2,"minecraft:spruce_leaves":6,"minecraft:mutton":12,"minecraft:nether_bricks":2,"minecraft:carrot":258,"minecraft:deepslate_tile_slab":3,"minecraft:tuff":770,"minecraft:obsidian":15,"minecraft:glass":10,"minecraft:mangrove_log":11,"minecraft:bricks":3,"minecraft:lantern":31,"minecraft:iron_helmet":4,"minecraft:crimson_roots":2,"minecraft:hopper_minecart":2,"minecraft:stone_bricks":122,"minecraft:deepslate_diamond_ore":3,"minecraft:magma_block":3,"minecraft:mangrove_roots":40,"minecraft:polished_blackstone_stairs":5,"minecraft:mangrove_leaves":250,"minecraft:end_rod":5,"minecraft:diamond_boots":14,"minecraft:stone_pickaxe":517,"minecraft:oak_planks":30,"minecraft:ender_pearl":63,"minecraft:sugar_cane":28,"minecraft:diamond_axe":1277,"minecraft:chainmail_helmet":1,"minecraft:end_stone_brick_slab":12,"minecraft:blue_bed":1,"minecraft:white_wool":12,"minecraft:netherite_leggings":2,"minecraft:crossbow":102,"minecraft:end_stone":936,"minecraft:shears":905,"minecraft:cobbled_deepslate_stairs":65,"minecraft:exposed_copper":33,"minecraft:firework_rocket":844,"minecraft:heavy_weighted_pressure_plate":1,"minecraft:bread":142,"minecraft:deepslate":1275,"minecraft:gravel":50,"minecraft:golden_helmet":3,"minecraft:andesite":34,"minecraft:chain":28,"minecraft:white_concrete":84,"minecraft:bone_meal":260,"minecraft:oak_fence":1,"minecraft:purpur_block":23,"minecraft:trident":3,"minecraft:flint_and_steel":32,"minecraft:redstone":5,"minecraft:spruce_planks":269,"minecraft:ender_chest":6,"minecraft:stripped_birch_wood":16,"minecraft:dirt":2658,"minecraft:spyglass":13,"minecraft:white_carpet":9,"minecraft:hopper":8,"minecraft:spruce_stairs":187,"minecraft:diamond_helmet":11,"minecraft:shulker_box":34,"minecraft:spruce_fence":49,"minecraft:granite":7,"minecraft:iron_hoe":12,"minecraft:stone_brick_slab":2,"minecraft:bookshelf":2,"minecraft:iron_boots":1,"minecraft:crimson_planks":163,"minecraft:golden_carrot":9,"minecraft:minecart":8,"minecraft:netherite_pickaxe":712,"minecraft:cooked_beef":42,"minecraft:pumpkin":2,"minecraft:iron_leggings":2,"minecraft:cooked_mutton":15,"minecraft:amethyst_block":17,"minecraft:cobblestone_stairs":3,"minecraft:lodestone":1,"minecraft:polished_andesite":55,"minecraft:netherite_chestplate":30,"minecraft:baked_potato":378,"minecraft:copper_block":140,"minecraft:black_shulker_box":30,"minecraft:spruce_sign":2,"minecraft:beacon":10,"minecraft:smoker":2,"minecraft:warped_planks":7,"minecraft:apple":1,"minecraft:stone_slab":3,"minecraft:budding_amethyst":4,"minecraft:stone_axe":7,"minecraft:end_crystal":4,"minecraft:white_banner":4,"minecraft:bucket":198,"minecraft:yellow_bed":4,"minecraft:gray_wool":1},"minecraft:broken":{"minecraft:shears":3,"minecraft:iron_sword":1,"minecraft:iron_axe":1,"minecraft:iron_pickaxe":15,"minecraft:golden_helmet":1,"minecraft:iron_shovel":1,"minecraft:stone_pickaxe":3,"minecraft:leather_boots":1},"minecraft:picked_up":{"minecraft:iron_chestplate":8,"minecraft:chainmail_boots":1,"minecraft:anvil":6,"minecraft:lead":5,"minecraft:smithing_table":2,"minecraft:stone_slab":3,"minecraft:diamond_sword":41,"minecraft:enchanted_book":16,"minecraft:brewing_stand":14,"minecraft:golden_sword":2,"minecraft:amethyst_block":205,"minecraft:string":24,"minecraft:shroomlight":21,"minecraft:diamond_leggings":33,"minecraft:gold_nugget":78,"minecraft:cobbled_deepslate":5985,"minecraft:spruce_planks":237,"minecraft:written_book":5,"minecraft:coal_block":3,"minecraft:mangrove_log":63,"minecraft:golden_helmet":2,"minecraft:polished_blackstone_stairs":5,"minecraft:purpur_pillar":7,"minecraft:warped_planks":10,"minecraft:end_crystal":4,"minecraft:iron_block":476,"minecraft:end_rod":9,"minecraft:iron_bars":2,"minecraft:snowball":191,"minecraft:birch_log":78,"minecraft:magma_block":3,"minecraft:oxidized_copper":175,"minecraft:feather":4,"minecraft:cooked_beef":12,"minecraft:water_bucket":8,"minecraft:brown_wool":1,"minecraft:copper_block":653,"minecraft:smoker":5,"minecraft:flint":96,"minecraft:stripped_spruce_wood":15,"minecraft:mangrove_slab":41,"minecraft:lantern":81,"minecraft:rabbit":1,"minecraft:diamond_helmet":19,"minecraft:moss_block":20,"minecraft:honeycomb":22,"minecraft:warped_wart_block":5,"minecraft:stripped_spruce_log":210,"minecraft:ink_sac":1,"minecraft:barrel":9,"minecraft:iron_hoe":5,"minecraft:polished_andesite":35,"minecraft:deepslate":28,"minecraft:writable_book":1,"minecraft:granite":39,"minecraft:spruce_button":1,"minecraft:bread":177,"minecraft:bricks":5,"minecraft:crimson_roots":149,"minecraft:diamond_pickaxe":36,"minecraft:spruce_leaves":44,"minecraft:crafting_table":19,"minecraft:nether_wart":219,"minecraft:clay_ball":8,"minecraft:dragon_head":2,"minecraft:purpur_block":23,"minecraft:stripped_mangrove_log":24,"minecraft:cornflower":1,"minecraft:elytra":23,"minecraft:flint_and_steel":1,"minecraft:compass":11,"minecraft:white_carpet":10,"minecraft:iron_shovel":13,"minecraft:cracked_stone_bricks":44,"minecraft:stripped_warped_stem":3,"minecraft:deepslate_diamond_ore":6,"minecraft:beef":67,"minecraft:iron_nugget":146,"minecraft:poppy":137,"minecraft:spruce_slab":69,"minecraft:minecart":10,"minecraft:chest":69,"minecraft:birch_sapling":88,"minecraft:diamond_hoe":8,"minecraft:egg":14,"minecraft:sandstone":50,"minecraft:stone":78,"minecraft:spruce_fence":22,"minecraft:white_dye":8,"minecraft:carrot":722,"minecraft:redstone":290,"minecraft:diamond_chestplate":34,"minecraft:deepslate_bricks":245,"minecraft:shears":9,"minecraft:diamond_boots":29,"minecraft:purpur_slab":3,"minecraft:gold_ingot":50,"minecraft:totem_of_undying":12,"minecraft:polished_blackstone":270,"minecraft:mutton":126,"minecraft:white_wool":361,"minecraft:bone_block":19,"minecraft:rail":78,"minecraft:filled_map":10,"minecraft:purpur_stairs":6,"minecraft:oak_log":55,"minecraft:ancient_debris":17,"minecraft:golden_boots":1,"minecraft:blue_bed":2,"minecraft:paper":94,"minecraft:white_banner":12,"minecraft:apple":51,"minecraft:stone_bricks":199,"minecraft:stone_pickaxe":9,"minecraft:glass_bottle":1,"minecraft:mangrove_planks":5,"minecraft:iron_sword":15,"minecraft:flowering_azalea":1,"minecraft:smooth_basalt":7,"minecraft:sweet_berries":134,"minecraft:weathered_copper":16,"minecraft:gravel":299,"minecraft:spruce_sapling":219,"minecraft:spruce_log":842,"minecraft:firework_rocket":1226,"minecraft:diamond_shovel":18,"minecraft:slime_ball":14,"minecraft:stone_axe":6,"minecraft:diamond_axe":13,"minecraft:deepslate_redstone_ore":41,"minecraft:gray_wool":2,"minecraft:warped_roots":192,"minecraft:baked_potato":85,"minecraft:warped_nylium":3,"minecraft:mangrove_propagule":86,"minecraft:hopper":10,"minecraft:ender_pearl":1255,"minecraft:shulker_shell":155,"minecraft:wheat":34,"minecraft:exposed_copper":36,"minecraft:redstone_block":2,"minecraft:ender_chest":7,"minecraft:potion":5,"minecraft:stone_brick_stairs":4,"minecraft:crimson_planks":92,"minecraft:lapis_block":4,"minecraft:raw_copper":60,"minecraft:iron_leggings":11,"minecraft:netherite_ingot":3,"minecraft:black_shulker_box":27,"minecraft:bucket":10,"minecraft:cobblestone_slab":1,"minecraft:calcite":5,"minecraft:iron_pickaxe":16,"minecraft:deepslate_iron_ore":2,"minecraft:iron_boots":9,"minecraft:furnace":18,"minecraft:tipped_arrow":5,"minecraft:stick":526,"minecraft:oak_fence":2,"minecraft:torch":644,"minecraft:spruce_stairs":55,"minecraft:porkchop":8,"minecraft:pointed_dripstone":218,"minecraft:diorite":80,"minecraft:vine":5,"minecraft:goat_horn":8,"minecraft:mangrove_stairs":5,"minecraft:rotten_flesh":113,"minecraft:mangrove_roots":41,"minecraft:obsidian":56,"minecraft:cobblestone":3427,"minecraft:andesite":144,"minecraft:beacon":11,"minecraft:potato":851,"minecraft:tuff":574,"minecraft:lapis_lazuli":1266,"minecraft:dirt":3550,"minecraft:stripped_birch_log":35,"minecraft:leather_boots":5,"minecraft:bone":200,"minecraft:bow":3,"minecraft:wheat_seeds":306,"minecraft:deepslate_brick_slab":3,"minecraft:bell":12,"minecraft:mossy_stone_bricks":114,"minecraft:bamboo":57,"minecraft:oak_planks":100,"minecraft:cooked_porkchop":524,"minecraft:poisonous_potato":13,"minecraft:sand":325,"minecraft:grass_block":12,"minecraft:diamond_block":26,"minecraft:shulker_box":49,"minecraft:light_gray_concrete":2,"minecraft:sugar":2,"minecraft:diamond":221,"minecraft:spruce_boat":21,"minecraft:crossbow":20,"minecraft:grass":3,"minecraft:bone_meal":253,"minecraft:white_concrete":101,"minecraft:spruce_sign":21,"minecraft:emerald":195,"minecraft:oak_sapling":25,"minecraft:netherrack":1334,"minecraft:chorus_fruit":44,"minecraft:end_stone_bricks":114,"minecraft:end_stone_brick_stairs":95,"minecraft:azure_bluet":6,"minecraft:ladder":25,"minecraft:brown_mushroom":104,"minecraft:gold_block":6,"minecraft:chain":110,"minecraft:shield":15,"minecraft:moss_carpet":12,"minecraft:iron_axe":24,"minecraft:birch_fence":39,"minecraft:blackstone":340,"minecraft:oak_boat":4,"minecraft:player_head":69,"minecraft:light_gray_wool":2,"minecraft:tinted_glass":29,"minecraft:sugar_cane":772,"minecraft:spruce_trapdoor":36,"minecraft:phantom_membrane":1,"minecraft:raw_iron":88,"minecraft:end_stone":1236,"minecraft:polished_blackstone_bricks":6,"minecraft:arrow":49,"minecraft:nether_bricks":2,"minecraft:saddle":16,"minecraft:glow_ink_sac":45,"minecraft:golden_carrot":9,"minecraft:crimson_stem":48,"minecraft:leather":93,"minecraft:birch_planks":5,"minecraft:yellow_bed":6,"minecraft:nether_wart_block":134,"minecraft:cobbled_deepslate_stairs":41,"minecraft:gunpowder":386,"minecraft:deepslate_tile_slab":3,"minecraft:rabbit_hide":2,"minecraft:iron_ingot":1681,"minecraft:book":138,"minecraft:emerald_block":4,"minecraft:pumpkin":162,"minecraft:budding_amethyst":4,"minecraft:stone_brick_slab":3,"minecraft:quartz":80,"minecraft:dandelion":18,"minecraft:dripstone_block":14,"minecraft:amethyst_shard":898,"minecraft:blast_furnace":1,"minecraft:white_bed":36,"minecraft:spruce_door":25,"minecraft:mossy_stone_brick_slab":2,"minecraft:spider_eye":3,"minecraft:mangrove_leaves":641,"minecraft:pumpkin_seeds":2,"minecraft:white_concrete_powder":70,"minecraft:chainmail_leggings":1,"minecraft:iron_helmet":10,"minecraft:black_wool":1,"minecraft:end_stone_brick_slab":12,"minecraft:coal":529},"minecraft:custom":{"minecraft:interact_with_crafting_table":346,"minecraft:open_barrel":42,"minecraft:bell_ring":309,"minecraft:leave_game":102,"minecraft:time_since_death":1762255,"minecraft:damage_blocked_by_shield":2790,"minecraft:play_time":4142642,"minecraft:deaths":53,"minecraft:jump":47818,"minecraft:enchant_item":52,"minecraft:interact_with_furnace":139,"minecraft:traded_with_villager":194,"minecraft:sleep_in_bed":119,"minecraft:damage_dealt":102399,"minecraft:interact_with_smoker":74,"minecraft:horse_one_cm":8312,"minecraft:interact_with_smithing_table":5,"minecraft:interact_with_anvil":41,"minecraft:inspect_hopper":54,"minecraft:sneak_time":568635,"minecraft:interact_with_blast_furnace":5,"minecraft:total_world_time":4142642,"minecraft:interact_with_stonecutter":2,"minecraft:time_since_rest":73,"minecraft:swim_one_cm":129390,"minecraft:fly_one_cm":12342072,"minecraft:open_chest":862,"minecraft:fall_one_cm":1410421,"minecraft:animals_bred":5,"minecraft:open_shulker_box":213,"minecraft:sprint_one_cm":10791737,"minecraft:drop":2628,"minecraft:talked_to_villager":165,"minecraft:interact_with_brewingstand":5,"minecraft:walk_on_water_one_cm":190536,"minecraft:interact_with_loom":7,"minecraft:open_enderchest":169,"minecraft:interact_with_beacon":21,"minecraft:player_kills":16,"minecraft:crouch_one_cm":1321017,"minecraft:mob_kills":6807,"minecraft:climb_one_cm":520824,"minecraft:walk_one_cm":6638825,"minecraft:raid_win":2,"minecraft:walk_under_water_one_cm":290108,"minecraft:boat_one_cm":53749,"minecraft:raid_trigger":4,"minecraft:interact_with_grindstone":52,"minecraft:damage_taken":46754,"minecraft:damage_absorbed":117,"minecraft:aviate_one_cm":26409824},"minecraft:crafted":{"minecraft:black_dye":8,"minecraft:diamond_shovel":3,"minecraft:bookshelf":2,"minecraft:cooked_mutton":27,"minecraft:shulker_box":4,"minecraft:glass":66,"minecraft:diamond_helmet":3,"minecraft:diamond_leggings":1,"minecraft:mangrove_stairs":40,"minecraft:polished_blackstone":272,"minecraft:deepslate":112,"minecraft:emerald":215,"minecraft:diamond_axe":3,"minecraft:spruce_door":12,"minecraft:smithing_table":2,"minecraft:copper_ingot":9,"minecraft:campfire":1,"minecraft:end_stone_brick_stairs":16,"minecraft:stone_brick_stairs":8,"minecraft:compass":1,"minecraft:iron_pickaxe":18,"minecraft:iron_block":37,"minecraft:gold_ingot":21,"minecraft:netherite_ingot":1,"minecraft:composter":1,"minecraft:spruce_fence_gate":8,"minecraft:polished_blackstone_bricks":4,"minecraft:iron_nugget":45,"minecraft:spyglass":4,"minecraft:diamond_hoe":1,"minecraft:tinted_glass":102,"minecraft:bone_meal":192,"minecraft:spruce_fence":36,"minecraft:white_carpet":6,"minecraft:lantern":13,"minecraft:diamond":45,"minecraft:spruce_stairs":232,"minecraft:stripped_birch_wood":16,"minecraft:ladder":108,"minecraft:spruce_slab":300,"minecraft:stone_pickaxe":4,"minecraft:diamond_boots":1,"minecraft:cobbled_deepslate_stairs":155,"minecraft:spruce_boat":6,"minecraft:golden_helmet":1,"minecraft:netherite_pickaxe":1,"minecraft:deepslate_brick_slab":12,"minecraft:polished_blackstone_stairs":8,"minecraft:enchanted_book":4,"minecraft:iron_shovel":2,"minecraft:iron_leggings":2,"minecraft:white_bed":20,"minecraft:mangrove_slab":366,"minecraft:oak_planks":192,"minecraft:barrel":17,"minecraft:cobblestone_stairs":8,"minecraft:stone":195,"minecraft:heavy_weighted_pressure_plate":1,"minecraft:hopper":6,"minecraft:stone_brick_slab":24,"minecraft:iron_boots":3,"minecraft:chest":35,"minecraft:chiseled_stone_bricks":12,"minecraft:rail":96,"minecraft:stone_bricks":124,"minecraft:smoker":2,"minecraft:white_banner":1,"minecraft:arrow":16,"minecraft:crafting_table":17,"minecraft:spruce_planks":2481,"minecraft:iron_helmet":3,"minecraft:baked_potato":341,"minecraft:wooden_pickaxe":1,"minecraft:hopper_minecart":1,"minecraft:birch_planks":24,"minecraft:black_shulker_box":3,"minecraft:tnt":6,"minecraft:spruce_trapdoor":48,"minecraft:book":1,"minecraft:iron_chestplate":1,"minecraft:paper":267,"minecraft:diamond_pickaxe":2,"minecraft:shield":3,"minecraft:stick":2807,"minecraft:iron_ingot":423,"minecraft:stone_sword":1,"minecraft:deepslate_bricks":856,"minecraft:shears":5,"minecraft:polished_andesite":53,"minecraft:redstone":18,"minecraft:coal":9,"minecraft:furnace":6,"minecraft:diamond_block":6,"minecraft:end_stone_bricks":168,"minecraft:flint_and_steel":2,"minecraft:netherite_chestplate":1,"minecraft:netherite_leggings":1,"minecraft:white_concrete_powder":80,"minecraft:polished_deepslate":856,"minecraft:iron_axe":6,"minecraft:iron_hoe":1,"minecraft:netherite_scrap":7,"minecraft:minecart":3,"minecraft:cooked_beef":38,"minecraft:red_dye":1,"minecraft:crimson_planks":168,"minecraft:spruce_sign":3,"minecraft:iron_sword":3,"minecraft:mangrove_planks":280,"minecraft:bucket":7,"minecraft:stone_axe":1,"minecraft:lodestone":1,"minecraft:white_dye":7,"minecraft:anvil":3,"minecraft:torch":444,"minecraft:lapis_lazuli":18,"minecraft:diamond_chestplate":3,"minecraft:firework_rocket":216}},"DataVersion":3337}