{
  "type": "minecraft:entity",
  "pools": [
    {
      "rolls": 1,
      "entries": [
        {
          "type": "minecraft:loot_table",
          "name": "vanilla:entities/sheep/light_blue"
        }
      ]
    },
    {
      "rolls": 1,
      "entries": [
        {
          "type": "item",
          "name": "minecraft:player_head",
          "weight": 1,
          "functions": [
            {
              "function": "set_nbt",
              "tag": "{SkullOwner:{Id:[I;1363466330,1339703551,-1611029030,1799093499],Name:\"Light Blue Sheep\",Properties:{textures:[{Value:\"eyJ0ZXh0dXJlcyI6eyJTS0lOIjp7InVybCI6Imh0dHA6Ly90ZXh0dXJlcy5taW5lY3JhZnQubmV0L3RleHR1cmUvZWJmMjNhZjg3MTljNDM3YjNlZTg0MDE5YmEzYzllNjljYTg1NGQzYThhZmQ1Y2JhNmQ5Njk2YzA1M2I0ODYxNCJ9fX0=\"}]}},BlockEntityTag:{note_block_sound:\"minecraft:entity.sheep.ambient\"}}"
            }
          ]
        }
      ],
      "conditions": [
        {
          "condition": "killed_by_player"
        },
        {
          "condition": "inverted",
          "term": {
            "condition": "entity_properties",
            "predicate": {
              "nbt": "{CustomName:\"{\\\"text\\\":\\\"jeb_\\\"}\"}"
            },
            "entity": "this"
          }
        },
        {
          "condition": "random_chance_with_looting",
          "chance": 0.0175,
          "looting_multiplier": 0.0025
        }
      ]
    },
    {
      "rolls": 1,
      "entries": [
        {
          "type": "minecraft:loot_table",
          "name": "minecraft:entities/sheep/jeb_sheep"
        }
      ]
    }
  ]
}
