{
  "type": "minecraft:chest",
  "pools": [
    {
      "rolls": {
        "type": "minecraft:uniform",
        "min": 4.0,
        "max": 8.0
      },
      "bonus_rolls": 0.0,
      "functions": [
        {
          "function": "set_count",
          "count": {
            "type": "uniform",
            "min": 1,
            "max": 5
          }
        }
      ],
      "entries": [
        {
          "type": "minecraft:item",
          "name": "minecraft:basalt",
          "weight": 1
        },
        {
          "type": "minecraft:item",
          "name": "minecraft:polished_basalt",
          "weight": 1
        },
        {
          "type": "minecraft:item",
          "name": "minecraft:smooth_basalt",
          "weight": 1
        },
        {
          "type": "minecraft:item",
          "name": "minecraft:cobbled_deepslate",
          "weight": 2
        },
        {
          "type": "minecraft:item",
          "name": "minecraft:deepslate",
          "weight": 2
        },
        {
          "type": "minecraft:item",
          "name": "minecraft:polished_deepslate",
          "weight": 3
        },
        {
          "type": "minecraft:item",
          "name": "minecraft:deepslate_bricks",
          "weight": 3
        },
        {
          "type": "minecraft:item",
          "name": "minecraft:cracked_deepslate_bricks",
          "weight": 2
        },
        {
          "type": "minecraft:item",
          "name": "minecraft:deepslate_tiles",
          "weight": 3
        },
        {
          "type": "minecraft:item",
          "name": "minecraft:cracked_deepslate_tiles",
          "weight": 2
        }
      ]
    },
    {
      "rolls": {
        "type": "minecraft:uniform",
        "min": 3.0,
        "max": 5.0
      },
      "bonus_rolls": 0.0,
      "entries": [
        {
          "type": "minecraft:item",
          "name": "minecraft:spruce_sapling",
          "weight": 3
          ,
          "functions": [
            {
              "function": "set_count",
              "count": {
                "type": "uniform",
                "min": 1,
                "max": 4
              }
            }
          ]
        },
        {
          "type": "minecraft:item",
          "name": "minecraft:oak_sapling",
          "weight": 3,
          "functions": [
            {
              "function": "set_count",
              "count": {
                "type": "uniform",
                "min": 1,
                "max": 4
              }
            }
          ]
        },
        {
          "type": "minecraft:item",
          "name": "minecraft:sculk_sensor",
          "weight": 2,
          "functions": [
            {
              "function": "set_count",
              "count": {
                "type": "uniform",
                "min": 1,
                "max": 3
              }
            }
          ]
        },
        {
          "type": "minecraft:item",
          "name": "minecraft:sculk",
          "weight": 3,
          "functions": [
            {
              "function": "set_count",
              "count": {
                "type": "uniform",
                "min": 2,
                "max": 5
              }
            }
          ]
        },
        {
          "type": "minecraft:item",
          "name": "minecraft:deepslate_tiles",
          "weight": 3,
          "functions": [
            {
              "function": "set_count",
              "count": {
                "type": "uniform",
                "min": 1,
                "max": 6
              }
            }
          ]
        },
        {
          "type": "minecraft:item",
          "name": "minecraft:netherite_scrap",
          "weight": 1,
          "functions": [
            {
              "function": "set_count",
              "count": {
                "type": "uniform",
                "min": 1,
                "max": 3
              }
            }
          ]
        }
      ]
    }
  ]
}