{"stats":{"minecraft:picked_up":{"minecraft:prismarine_stairs":154,"minecraft:crafting_table":5,"minecraft:iron_chestplate":2,"minecraft:wheat":3,"minecraft:azure_bluet":1,"minecraft:chainmail_boots":3,"minecraft:prismarine_shard":464,"minecraft:leather_leggings":3,"minecraft:stone_slab":46,"minecraft:cornflower":2,"minecraft:iron_axe":10,"minecraft:iron_leggings":1,"minecraft:armor_stand":2,"minecraft:blackstone":309,"minecraft:bucket":1,"minecraft:spruce_planks":80,"minecraft:white_tulip":6,"minecraft:player_head":4,"minecraft:iron_pickaxe":9,"minecraft:spruce_slab":111,"minecraft:sugar_cane":60,"minecraft:iron_boots":1,"minecraft:stick":36,"minecraft:stone":377,"minecraft:torch":16,"minecraft:snow_block":15,"minecraft:carrot":217,"minecraft:prismarine_crystals":286,"minecraft:rotten_flesh":4,"minecraft:stone_shovel":2,"minecraft:cooked_cod":187,"minecraft:pink_tulip":3,"minecraft:polished_blackstone":146,"minecraft:cod":363,"minecraft:snowball":650,"minecraft:cobblestone":163,"minecraft:emerald_ore":1,"minecraft:birch_log":10,"minecraft:leather_chestplate":3,"minecraft:basalt":1549,"minecraft:water_bucket":7,"minecraft:salmon":3,"minecraft:leather":2,"minecraft:prismarine_bricks":28,"minecraft:gunpowder":64,"minecraft:dirt":76,"minecraft:lapis_lazuli":40,"minecraft:blue_bed":6,"minecraft:paper":10,"minecraft:leather_boots":3,"minecraft:bone":1,"minecraft:kelp":29,"minecraft:wheat_seeds":10,"minecraft:orange_tulip":1,"minecraft:iron_ingot":22,"minecraft:iron_sword":2,"minecraft:book":4,"minecraft:birch_boat":6,"minecraft:pumpkin":1,"minecraft:sweet_berries":92,"minecraft:stripped_spruce_log":1,"minecraft:spruce_sapling":71,"minecraft:spruce_log":2466,"minecraft:leather_helmet":3,"minecraft:firework_rocket":40,"minecraft:purple_bed":1,"minecraft:iron_helmet":2,"minecraft:bone_meal":139,"minecraft:netherrack":52},"minecraft:crafted":{"minecraft:leather_leggings":1,"minecraft:leather_boots":1,"minecraft:birch_boat":3,"minecraft:stone":55,"minecraft:bone_meal":192,"minecraft:pink_dye":3,"minecraft:glass":4,"minecraft:leather":1,"minecraft:iron_axe":7,"minecraft:spruce_slab":6,"minecraft:chest":3,"minecraft:sugar":1,"minecraft:red_dye":2,"minecraft:cooked_cod":87,"minecraft:crafting_table":3,"minecraft:spruce_planks":64,"minecraft:iron_sword":1,"minecraft:prismarine_bricks":28,"minecraft:leather_helmet":1,"minecraft:birch_planks":40,"minecraft:chiseled_polished_blackstone":1,"minecraft:bucket":1,"minecraft:orange_dye":1,"minecraft:bread":1,"minecraft:air":0,"minecraft:blue_dye":2,"minecraft:charcoal":7,"minecraft:book":4,"minecraft:paper":51,"minecraft:purple_dye":4,"minecraft:stone_slab":1200,"minecraft:leather_chestplate":1,"minecraft:iron_pickaxe":6,"minecraft:iron_block":4,"minecraft:snow_block":130,"minecraft:iron_shovel":1,"minecraft:light_gray_dye":7,"minecraft:torch":28,"minecraft:firework_rocket":117},"minecraft:custom":{"minecraft:mob_kills":1548,"minecraft:interact_with_anvil":5,"minecraft:inspect_hopper":10,"minecraft:interact_with_crafting_table":84,"minecraft:open_barrel":31,"minecraft:leave_game":66,"minecraft:time_since_death":43184,"minecraft:climb_one_cm":70266,"minecraft:sprint_one_cm":1739027,"minecraft:walk_one_cm":837738,"minecraft:drop":878,"minecraft:talked_to_villager":10,"minecraft:play_time":762039,"minecraft:deaths":27,"minecraft:sneak_time":81296,"minecraft:walk_under_water_one_cm":407689,"minecraft:boat_one_cm":1005665,"minecraft:jump":7512,"minecraft:interact_with_brewingstand":1,"minecraft:walk_on_water_one_cm":137323,"minecraft:enchant_item":6,"minecraft:total_world_time":762039,"minecraft:interact_with_furnace":21,"minecraft:interact_with_grindstone":3,"minecraft:interact_with_stonecutter":17,"minecraft:sleep_in_bed":28,"minecraft:time_since_rest":4288,"minecraft:open_enderchest":2,"minecraft:damage_taken":19370,"minecraft:damage_dealt":2700,"minecraft:swim_one_cm":113228,"minecraft:fly_one_cm":1123120,"minecraft:open_chest":345,"minecraft:crouch_one_cm":159491,"minecraft:aviate_one_cm":1367747,"minecraft:interact_with_smoker":1,"minecraft:fall_one_cm":208523},"minecraft:used":{"minecraft:iron_shovel":8,"minecraft:spruce_slab":57,"minecraft:stone_shovel":53,"minecraft:polished_blackstone":104,"minecraft:spruce_planks":30,"minecraft:chest":3,"minecraft:stone":8,"minecraft:iron_sword":112,"minecraft:torch":31,"minecraft:dirt":1,"minecraft:carrot":72,"minecraft:snowball":48,"minecraft:stripped_spruce_log":1,"minecraft:iron_axe":2300,"minecraft:iron_helmet":1,"minecraft:basalt":265,"minecraft:sweet_berries":50,"minecraft:cooked_cod":82,"minecraft:potato":8,"minecraft:wheat_seeds":9,"minecraft:chiseled_polished_blackstone":1,"minecraft:water_bucket":113,"minecraft:leather_leggings":2,"minecraft:snow_block":55,"minecraft:prismarine_stairs":29,"minecraft:leather_chestplate":2,"minecraft:birch_boat":6,"minecraft:leather_boots":2,"minecraft:sugar_cane":11,"minecraft:blue_bed":5,"minecraft:crafting_table":3,"minecraft:cod":33,"minecraft:spruce_log":339,"minecraft:firework_rocket":12,"minecraft:iron_pickaxe":592,"minecraft:bread":4,"minecraft:leather_helmet":2,"minecraft:stone_slab":1135,"minecraft:spruce_sapling":33,"minecraft:cobblestone":19,"minecraft:chainmail_boots":5,"minecraft:bucket":114,"minecraft:bone_meal":192},"minecraft:dropped":{"minecraft:enchanted_book":1,"minecraft:iron_sword":2,"minecraft:polished_blackstone":71,"minecraft:prismarine_shard":88,"minecraft:cobblestone":39,"minecraft:prismarine_crystals":28,"minecraft:cod":59,"minecraft:stick":1,"minecraft:dirt":74,"minecraft:torch":6,"minecraft:cooked_cod":1,"minecraft:bone_meal":4,"minecraft:iron_pickaxe":3,"minecraft:iron_shovel":1,"minecraft:spruce_sapling":1,"minecraft:blackstone":65,"minecraft:stone_slab":1,"minecraft:prismarine_stairs":35,"minecraft:spruce_planks":1,"minecraft:spruce_log":912,"minecraft:spruce_slab":9,"minecraft:basalt":521,"minecraft:prismarine_bricks":46},"minecraft:killed_by":{"minecraft:guardian":1},"minecraft:killed":{"minecraft:guardian":1547},"minecraft:broken":{"minecraft:iron_axe":9,"minecraft:iron_pickaxe":1},"minecraft:mined":{"minecraft:spruce_planks":20,"minecraft:grass_block":65,"minecraft:spruce_leaves":28,"minecraft:spruce_sapling":2,"minecraft:carrots":2,"minecraft:snow":9,"minecraft:stripped_spruce_log":1,"minecraft:pumpkin":1,"minecraft:azure_bluet":1,"minecraft:pink_tulip":3,"minecraft:white_tulip":6,"minecraft:stone":12,"minecraft:spruce_slab":45,"minecraft:blackstone":129,"minecraft:snow_block":45,"minecraft:basalt":274,"minecraft:powder_snow":134,"minecraft:torch":2,"minecraft:crafting_table":4,"minecraft:cornflower":2,"minecraft:emerald_ore":1,"minecraft:stone_slab":127,"minecraft:cobblestone":8,"minecraft:tall_grass":3,"minecraft:sugar_cane":20,"minecraft:blue_bed":6,"minecraft:purple_bed":1,"minecraft:birch_log":10,"minecraft:wheat":4,"minecraft:sweet_berry_bush":35,"minecraft:ice":10,"minecraft:spruce_log":18,"minecraft:birch_leaves":6,"minecraft:orange_tulip":1,"minecraft:grass":2,"minecraft:dirt":11,"minecraft:prismarine_stairs":1,"minecraft:polished_blackstone":11,"minecraft:netherrack":26,"minecraft:oak_leaves":27,"minecraft:fern":2}},"DataVersion":3120}