{"stats":{"minecraft:picked_up":{"minecraft:iron_chestplate":6,"minecraft:wheat":46,"minecraft:lead":4,"minecraft:string":6,"minecraft:raw_copper":254,"minecraft:iron_leggings":6,"minecraft:armor_stand":6,"minecraft:cobbled_deepslate":549,"minecraft:spruce_planks":3,"minecraft:cobblestone_slab":3,"minecraft:furnace":10,"minecraft:stick":114,"minecraft:jukebox":1,"minecraft:oak_fence":1,"minecraft:torch":108,"minecraft:spruce_stairs":3,"minecraft:porkchop":49,"minecraft:pointed_dripstone":1,"minecraft:diorite":124,"minecraft:stone_sword":4,"minecraft:rotten_flesh":42,"minecraft:obsidian":7,"minecraft:cobblestone":3892,"minecraft:enchanting_table":2,"minecraft:birch_log":66,"minecraft:magma_block":9,"minecraft:feather":4,"minecraft:lilac":1,"minecraft:andesite":197,"minecraft:flint":13,"minecraft:tuff":52,"minecraft:lantern":1,"minecraft:map":12,"minecraft:lapis_lazuli":233,"minecraft:dirt":617,"minecraft:bone":18,"minecraft:stonecutter":1,"minecraft:wheat_seeds":154,"minecraft:raw_gold":18,"minecraft:moss_block":5,"minecraft:oak_planks":127,"minecraft:sand":27,"minecraft:stripped_spruce_log":3,"minecraft:lily_of_the_valley":3,"minecraft:dark_oak_log":17,"minecraft:diamond":49,"minecraft:spruce_boat":5,"minecraft:granite":316,"minecraft:diamond_pickaxe":1,"minecraft:spruce_leaves":93,"minecraft:crafting_table":35,"minecraft:coarse_dirt":6,"minecraft:chicken":6,"minecraft:ladder":12,"minecraft:brown_mushroom":2,"minecraft:wooden_pickaxe":7,"minecraft:gold_block":1,"minecraft:shield":2,"minecraft:moss_carpet":6,"minecraft:compass":2,"minecraft:cartography_table":1,"minecraft:beef":81,"minecraft:oak_boat":12,"minecraft:player_head":10,"minecraft:poppy":4,"minecraft:light_gray_wool":34,"minecraft:sugar_cane":310,"minecraft:chest":3,"minecraft:birch_sapling":24,"minecraft:spruce_trapdoor":6,"minecraft:egg":7,"minecraft:raw_iron":107,"minecraft:stone":3,"minecraft:spruce_fence":8,"minecraft:note_block":1,"minecraft:fire_charge":1,"minecraft:carrot":4,"minecraft:redstone":301,"minecraft:dark_oak_planks":8,"minecraft:arrow":16,"minecraft:mutton":38,"minecraft:white_wool":161,"minecraft:clock":2,"minecraft:glow_ink_sac":2,"minecraft:leather":34,"minecraft:filled_map":4,"minecraft:birch_planks":4,"minecraft:oak_log":31,"minecraft:lily_pad":11,"minecraft:golden_boots":6,"minecraft:gunpowder":1,"minecraft:cobblestone_stairs":3,"minecraft:blue_bed":4,"minecraft:apple":1,"minecraft:stone_bricks":7,"minecraft:kelp":5,"minecraft:stone_pickaxe":2,"minecraft:flowering_azalea":2,"minecraft:book":9,"minecraft:birch_boat":9,"minecraft:pumpkin":31,"minecraft:sweet_berries":336,"minecraft:dandelion":4,"minecraft:dripstone_block":5,"minecraft:gravel":169,"minecraft:spruce_sapling":161,"minecraft:white_bed":3,"minecraft:spruce_log":591,"minecraft:spider_eye":2,"minecraft:stone_axe":2,"minecraft:iron_helmet":4,"minecraft:gray_wool":28,"minecraft:black_wool":1,"minecraft:coal":255},"minecraft:crafted":{"minecraft:grindstone":1,"minecraft:oak_planks":124,"minecraft:smooth_stone":1,"minecraft:birch_boat":1,"minecraft:cooked_chicken":1,"minecraft:stone":50,"minecraft:cobblestone_stairs":2,"minecraft:diamond_shovel":1,"minecraft:bookshelf":11,"minecraft:glass":6,"minecraft:bow":1,"minecraft:diamond_helmet":1,"minecraft:diamond_leggings":1,"minecraft:iron_boots":2,"minecraft:chest":30,"minecraft:stone_hoe":1,"minecraft:stone_bricks":1,"minecraft:item_frame":1,"minecraft:cooked_porkchop":9,"minecraft:diamond_axe":1,"minecraft:crafting_table":9,"minecraft:spruce_planks":740,"minecraft:wooden_pickaxe":3,"minecraft:iron_helmet":3,"minecraft:raw_gold_block":1,"minecraft:spruce_door":6,"minecraft:birch_planks":44,"minecraft:cartography_table":1,"minecraft:spruce_trapdoor":24,"minecraft:iron_chestplate":2,"minecraft:book":28,"minecraft:paper":207,"minecraft:diamond_pickaxe":3,"minecraft:shield":4,"minecraft:stick":308,"minecraft:iron_ingot":98,"minecraft:iron_pickaxe":4,"minecraft:stone_sword":3,"minecraft:shears":1,"minecraft:smooth_stone_slab":2,"minecraft:jukebox":1,"minecraft:furnace":3,"minecraft:bone_meal":15,"minecraft:spruce_fence":69,"minecraft:white_carpet":3,"minecraft:lantern":1,"minecraft:spruce_stairs":8,"minecraft:leather":12,"minecraft:iron_axe":1,"minecraft:ladder":33,"minecraft:stone_pickaxe":19,"minecraft:diamond_boots":1,"minecraft:spruce_boat":4,"minecraft:dark_oak_planks":36,"minecraft:diamond_sword":1,"minecraft:spruce_sign":30,"minecraft:enchanting_table":1,"minecraft:iron_sword":2,"minecraft:blue_bed":1,"minecraft:bucket":2,"minecraft:stone_axe":2,"minecraft:bread":6,"minecraft:air":0,"minecraft:blue_dye":1,"minecraft:oak_boat":1,"minecraft:iron_leggings":3,"minecraft:stonecutter":1,"minecraft:armor_stand":1,"minecraft:white_bed":4,"minecraft:note_block":1,"minecraft:torch":156,"minecraft:diamond_chestplate":1},"minecraft:custom":{"minecraft:animals_bred":15,"minecraft:interact_with_crafting_table":153,"minecraft:leave_game":40,"minecraft:time_since_death":511846,"minecraft:sprint_one_cm":3075364,"minecraft:damage_blocked_by_shield":3730,"minecraft:drop":75,"minecraft:play_noteblock":1,"minecraft:talked_to_villager":2,"minecraft:play_time":937643,"minecraft:deaths":17,"minecraft:jump":13779,"minecraft:walk_on_water_one_cm":95378,"minecraft:enchant_item":7,"minecraft:interact_with_furnace":96,"minecraft:interact_with_cartography_table":7,"minecraft:sleep_in_bed":42,"minecraft:damage_dealt":18303,"minecraft:crouch_one_cm":163105,"minecraft:mob_kills":144,"minecraft:climb_one_cm":70324,"minecraft:walk_one_cm":1613698,"minecraft:sneak_time":79219,"minecraft:walk_under_water_one_cm":37825,"minecraft:boat_one_cm":1147782,"minecraft:total_world_time":937643,"minecraft:tune_noteblock":274,"minecraft:interact_with_grindstone":1,"minecraft:interact_with_stonecutter":40,"minecraft:time_since_rest":13837,"minecraft:damage_taken":5969,"minecraft:swim_one_cm":191079,"minecraft:fly_one_cm":2886699,"minecraft:open_chest":293,"minecraft:fall_one_cm":291295},"minecraft:used":{"minecraft:ladder":33,"minecraft:poppy":1,"minecraft:chest":32,"minecraft:shield":149,"minecraft:iron_sword":124,"minecraft:player_head":3,"minecraft:rotten_flesh":2,"minecraft:spruce_leaves":4,"minecraft:iron_chestplate":2,"minecraft:mutton":10,"minecraft:stripped_spruce_log":3,"minecraft:spruce_boat":7,"minecraft:glass":3,"minecraft:lava_bucket":8,"minecraft:lantern":2,"minecraft:iron_helmet":2,"minecraft:raw_gold_block":1,"minecraft:stone_bricks":33,"minecraft:item_frame":1,"minecraft:bow":4,"minecraft:sweet_berries":226,"minecraft:furnace":11,"minecraft:gold_block":1,"minecraft:diorite":28,"minecraft:spruce_door":5,"minecraft:stone_pickaxe":1853,"minecraft:oak_planks":37,"minecraft:wooden_pickaxe":45,"minecraft:sugar_cane":28,"minecraft:blue_bed":5,"minecraft:diamond_axe":804,"minecraft:white_wool":24,"minecraft:sand":5,"minecraft:note_block":2,"minecraft:shears":126,"minecraft:bread":6,"minecraft:gravel":11,"minecraft:diamond_sword":755,"minecraft:grindstone":1,"minecraft:oak_boat":12,"minecraft:coarse_dirt":2,"minecraft:bone_meal":1,"minecraft:enchanting_table":3,"minecraft:stone_sword":280,"minecraft:flint_and_steel":1,"minecraft:armor_stand":7,"minecraft:spruce_planks":21,"minecraft:stone_hoe":90,"minecraft:torch":213,"minecraft:dirt":253,"minecraft:white_carpet":2,"minecraft:spruce_stairs":7,"minecraft:golden_chestplate":2,"minecraft:granite":59,"minecraft:spruce_fence":53,"minecraft:bookshelf":11,"minecraft:iron_axe":26,"minecraft:iron_boots":3,"minecraft:light_gray_wool":32,"minecraft:beef":12,"minecraft:cobbled_deepslate":213,"minecraft:iron_leggings":4,"minecraft:wheat_seeds":76,"minecraft:water_bucket":45,"minecraft:cobblestone_stairs":59,"minecraft:cartography_table":2,"minecraft:birch_boat":9,"minecraft:spruce_sign":6,"minecraft:cobblestone_slab":11,"minecraft:stonecutter":2,"minecraft:crafting_table":35,"minecraft:white_bed":4,"minecraft:spruce_log":353,"minecraft:diamond_pickaxe":3677,"minecraft:diamond_shovel":725,"minecraft:iron_pickaxe":506,"minecraft:map":6,"minecraft:spruce_trapdoor":22,"minecraft:stone_axe":145,"minecraft:cobblestone":617,"minecraft:porkchop":30,"minecraft:cooked_porkchop":7,"minecraft:bucket":55,"minecraft:gray_wool":27,"minecraft:jukebox":2},"minecraft:dropped":{"minecraft:birch_planks":4,"minecraft:flint":4,"minecraft:dirt":43,"minecraft:dark_oak_planks":3,"minecraft:gravel":11,"minecraft:cobbled_deepslate":162,"minecraft:rotten_flesh":4,"minecraft:arrow":3,"minecraft:egg":4,"minecraft:wheat_seeds":6,"minecraft:cobblestone":933,"minecraft:granite":71,"minecraft:diorite":48,"minecraft:torch":3,"minecraft:fire_charge":1,"minecraft:pumpkin":3,"minecraft:flowering_azalea":1,"minecraft:moss_carpet":6,"minecraft:stone_sword":1,"minecraft:raw_copper":30,"minecraft:stone":3,"minecraft:spruce_planks":1,"minecraft:diamond_pickaxe":1,"minecraft:andesite":72,"minecraft:stone_pickaxe":1,"minecraft:wooden_pickaxe":1},"minecraft:killed_by":{"minecraft:zombie":3,"minecraft:player":1,"minecraft:skeleton":4},"minecraft:killed":{"minecraft:spider":7,"minecraft:skeleton":7,"minecraft:chicken":4,"minecraft:silverfish":7,"minecraft:pig":24,"minecraft:zombie_villager":1,"minecraft:creeper":1,"minecraft:sheep":25,"minecraft:zombie":25,"minecraft:cow":40},"minecraft:broken":{"minecraft:stone_pickaxe":8,"minecraft:stone_axe":1,"minecraft:stone_sword":1,"minecraft:shield":1,"minecraft:iron_pickaxe":1},"minecraft:mined":{"minecraft:spruce_planks":2,"minecraft:white_bed":3,"minecraft:cobblestone_stairs":3,"minecraft:obsidian":8,"minecraft:cave_vines_plant":1,"minecraft:spruce_trapdoor":6,"minecraft:granite":277,"minecraft:grass_block":253,"minecraft:magma_block":9,"minecraft:iron_ore":95,"minecraft:cobbled_deepslate":5,"minecraft:fire":3,"minecraft:pumpkin":30,"minecraft:moss_carpet":1,"minecraft:deepslate_lapis_ore":4,"minecraft:enchanting_table":2,"minecraft:pointed_dripstone":1,"minecraft:cave_vines":1,"minecraft:dirt_path":2,"minecraft:player_head":1,"minecraft:deepslate_redstone_ore":63,"minecraft:player_wall_head":2,"minecraft:clay":36,"minecraft:torch":67,"minecraft:note_block":1,"minecraft:calcite":5,"minecraft:poppy":4,"minecraft:chest":3,"minecraft:cobblestone":157,"minecraft:sugar_cane":207,"minecraft:oak_planks":37,"minecraft:wall_torch":32,"minecraft:amethyst_block":4,"minecraft:deepslate_copper_ore":4,"minecraft:seagrass":2,"minecraft:birch_log":66,"minecraft:wheat":51,"minecraft:lilac":1,"minecraft:jukebox":1,"minecraft:light_gray_wool":2,"minecraft:grass":122,"minecraft:oak_log":31,"minecraft:beetroots":1,"minecraft:sand":28,"minecraft:dirt":341,"minecraft:smooth_basalt":4,"minecraft:stonecutter":1,"minecraft:netherrack":6,"minecraft:oak_leaves":73,"minecraft:deepslate":729,"minecraft:diamond_ore":1,"minecraft:tuff":52,"minecraft:dark_oak_leaves":18,"minecraft:deepslate_diamond_ore":48,"minecraft:dark_oak_log":9,"minecraft:ladder":12,"minecraft:spruce_fence":8,"minecraft:spruce_leaves":225,"minecraft:cartography_table":1,"minecraft:moss_block":6,"minecraft:large_fern":8,"minecraft:redstone_ore":9,"minecraft:furnace":8,"minecraft:carrots":4,"minecraft:andesite":184,"minecraft:stripped_spruce_log":3,"minecraft:gold_block":1,"minecraft:bookshelf":3,"minecraft:deepslate_iron_ore":9,"minecraft:cobblestone_slab":2,"minecraft:lantern":1,"minecraft:stone":3552,"minecraft:white_wool":8,"minecraft:flowering_azalea":1,"minecraft:lily_of_the_valley":3,"minecraft:dandelion":5,"minecraft:oak_fence":1,"minecraft:crafting_table":31,"minecraft:cornflower":1,"minecraft:rose_bush":1,"minecraft:tall_grass":22,"minecraft:copper_ore":70,"minecraft:deepslate_gold_ore":10,"minecraft:lapis_ore":31,"minecraft:lily_pad":3,"minecraft:diorite":159,"minecraft:blue_bed":4,"minecraft:spruce_stairs":3,"minecraft:gray_wool":10,"minecraft:coarse_dirt":2,"minecraft:sweet_berry_bush":109,"minecraft:spruce_log":595,"minecraft:birch_leaves":49,"minecraft:coal_ore":248,"minecraft:gravel":111,"minecraft:dripstone_block":5,"minecraft:stone_bricks":7,"minecraft:gold_ore":8,"minecraft:fern":24,"minecraft:infested_stone":8}},"DataVersion":3120}