{"stats":{"minecraft:picked_up":{"minecraft:prismarine_stairs":210,"minecraft:iron_chestplate":4,"minecraft:wheat":24,"minecraft:chainmail_boots":1,"minecraft:redstone_block":2,"minecraft:flower_pot":7,"minecraft:prismarine_shard":380,"minecraft:lead":6,"minecraft:stone_slab":2,"minecraft:enchanted_book":2,"minecraft:potion":1,"minecraft:nether_brick":1,"minecraft:brewing_stand":6,"minecraft:amethyst_block":2,"minecraft:string":26,"minecraft:soul_soil":7,"minecraft:raw_copper":144,"minecraft:iron_leggings":4,"minecraft:sticky_piston":5,"minecraft:shroomlight":3,"minecraft:deepslate_tiles":8,"minecraft:gold_nugget":216,"minecraft:cobbled_deepslate":1786,"minecraft:comparator":6,"minecraft:bucket":9,"minecraft:spruce_planks":3004,"minecraft:redstone_torch":7,"minecraft:cobblestone_slab":15,"minecraft:azalea":3,"minecraft:iron_pickaxe":11,"minecraft:deepslate_tile_wall":3,"minecraft:iron_boots":3,"minecraft:furnace":5,"minecraft:dark_oak_door":10,"minecraft:stick":305,"minecraft:composter":3,"minecraft:oak_fence":7,"minecraft:torch":122,"minecraft:spruce_stairs":114,"minecraft:snow_block":89,"minecraft:porkchop":4,"minecraft:target":1,"minecraft:diorite":56,"minecraft:deepslate_tile_stairs":2,"minecraft:orange_bed":6,"minecraft:quartz_block":7,"minecraft:stone_sword":3,"minecraft:rotten_flesh":11,"minecraft:honey_bottle":1,"minecraft:light_blue_wool":5,"minecraft:red_tulip":8,"minecraft:iron_block":1,"minecraft:carved_pumpkin":1,"minecraft:blaze_rod":1,"minecraft:obsidian":11,"minecraft:snowball":1141,"minecraft:cod":336,"minecraft:cobblestone":3330,"minecraft:birch_log":22,"minecraft:repeater":116,"minecraft:water_bucket":21,"minecraft:magma_block":1,"minecraft:oxidized_copper":15,"minecraft:feather":8,"minecraft:cooked_beef":13,"minecraft:birch_slab":2,"minecraft:andesite":76,"minecraft:copper_block":2,"minecraft:smoker":1,"minecraft:potato":16,"minecraft:flint":7,"minecraft:tuff":116,"minecraft:prismarine_bricks":46,"minecraft:lapis_lazuli":33,"minecraft:dirt":3660,"minecraft:lantern":5,"minecraft:glass":66,"minecraft:bone":13,"minecraft:stonecutter":3,"minecraft:wheat_seeds":120,"minecraft:raw_gold":2,"minecraft:birch_wood":2,"minecraft:moss_block":16,"minecraft:stone_hoe":5,"minecraft:prismarine":128,"minecraft:oak_planks":21,"minecraft:chiseled_polished_blackstone":1,"minecraft:cooked_porkchop":8,"minecraft:sand":96,"minecraft:stripped_spruce_log":12,"minecraft:dark_oak_log":21,"minecraft:barrel":5,"minecraft:dispenser":12,"minecraft:diamond":10,"minecraft:lever":5,"minecraft:granite":106,"minecraft:bone_meal":27,"minecraft:white_concrete":2,"minecraft:spruce_sign":7,"minecraft:spruce_button":2,"minecraft:emerald":4,"minecraft:netherrack":544,"minecraft:bricks":36,"minecraft:diamond_pickaxe":3,"minecraft:crafting_table":18,"minecraft:azure_bluet":7,"minecraft:ladder":299,"minecraft:chicken":2,"minecraft:nether_wart":58,"minecraft:clay_ball":64,"minecraft:redstone_lamp":4,"minecraft:wooden_pickaxe":6,"minecraft:brick":6,"minecraft:cornflower":15,"minecraft:moss_carpet":12,"minecraft:iron_axe":1,"minecraft:flint_and_steel":1,"minecraft:item_frame":22,"minecraft:white_carpet":1,"minecraft:iron_shovel":1,"minecraft:blackstone":1197,"minecraft:glass_pane":6,"minecraft:candle":10,"minecraft:beef":13,"minecraft:cyan_wool":4,"minecraft:player_head":33,"minecraft:observer":3,"minecraft:poppy":34,"minecraft:spruce_slab":4232,"minecraft:lectern":1,"minecraft:sugar_cane":89,"minecraft:quartz_stairs":7,"minecraft:chest":32,"minecraft:spruce_trapdoor":269,"minecraft:egg":2,"minecraft:sandstone":1,"minecraft:raw_iron":57,"minecraft:orange_dye":3,"minecraft:stone":300,"minecraft:copper_ingot":18,"minecraft:red_stained_glass_pane":27,"minecraft:spruce_fence":143,"minecraft:fire_charge":1,"minecraft:carrot":1252,"minecraft:redstone":257,"minecraft:prismarine_crystals":222,"minecraft:arrow":13,"minecraft:stone_shovel":5,"minecraft:cooked_cod":38,"minecraft:peony":5,"minecraft:nether_bricks":5,"minecraft:shears":3,"minecraft:deepslate_bricks":30,"minecraft:polished_blackstone":234,"minecraft:mutton":12,"minecraft:white_wool":15,"minecraft:bone_block":13,"minecraft:emerald_ore":2,"minecraft:oxeye_daisy":10,"minecraft:oxidized_cut_copper_stairs":8,"minecraft:basalt":4377,"minecraft:leather":47,"minecraft:birch_planks":6,"minecraft:crimson_fungus":3,"minecraft:oak_log":47,"minecraft:ancient_debris":4,"minecraft:cobblestone_wall":8,"minecraft:yellow_bed":3,"minecraft:nether_wart_block":4,"minecraft:gunpowder":6,"minecraft:deepslate_tile_slab":12,"minecraft:cut_copper_slab":1,"minecraft:cooked_mutton":12,"minecraft:iron_ingot":45,"minecraft:stone_pickaxe":10,"minecraft:glass_bottle":5,"minecraft:iron_sword":6,"minecraft:flowering_azalea":1,"minecraft:soul_sand":14,"minecraft:oak_slab":16,"minecraft:smooth_basalt":6,"minecraft:pumpkin":4,"minecraft:sweet_berries":657,"minecraft:sculk":8,"minecraft:quartz":162,"minecraft:dandelion":69,"minecraft:raw_iron_block":10,"minecraft:gravel":77,"minecraft:spruce_sapling":409,"minecraft:white_bed":25,"minecraft:spruce_log":4856,"minecraft:crying_obsidian":4,"minecraft:spider_eye":4,"minecraft:spruce_door":1,"minecraft:sea_lantern":43,"minecraft:white_concrete_powder":1,"minecraft:stone_axe":4,"minecraft:iron_helmet":2,"minecraft:painting":18,"minecraft:gray_wool":27,"minecraft:black_wool":3,"minecraft:coal":103,"minecraft:hopper":1,"minecraft:ender_pearl":3},"minecraft:crafted":{"minecraft:brick":64,"minecraft:red_stained_glass_pane":72,"minecraft:oak_planks":29,"minecraft:oxidized_cut_copper_slab":8,"minecraft:cobblestone_slab":590,"minecraft:barrel":5,"minecraft:birch_wood":4,"minecraft:chain":1,"minecraft:oxidized_cut_copper_stairs":4,"minecraft:birch_slab":12,"minecraft:stone":116,"minecraft:lever":1,"minecraft:nether_brick":101,"minecraft:cooked_mutton":11,"minecraft:dark_oak_door":3,"minecraft:quartz_block":27,"minecraft:glass":96,"minecraft:hopper":13,"minecraft:repeater":24,"minecraft:iron_boots":2,"minecraft:polished_blackstone":1150,"minecraft:comparator":2,"minecraft:chest":52,"minecraft:copper_block":5,"minecraft:bricks":52,"minecraft:stone_hoe":1,"minecraft:oak_fence":6,"minecraft:flower_pot":2,"minecraft:golden_boots":1,"minecraft:smoker":1,"minecraft:sea_lantern":107,"minecraft:glass_bottle":6,"minecraft:dropper":11,"minecraft:quartz_stairs":4,"minecraft:item_frame":7,"minecraft:oak_slab":12,"minecraft:smooth_quartz":22,"minecraft:soul_campfire":9,"minecraft:crafting_table":8,"minecraft:spruce_planks":15020,"minecraft:iron_helmet":2,"minecraft:spruce_door":3,"minecraft:copper_ingot":62,"minecraft:chiseled_polished_blackstone":3,"minecraft:birch_planks":20,"minecraft:painting":1,"minecraft:oxidized_cut_copper":4,"minecraft:dispenser":11,"minecraft:spruce_trapdoor":324,"minecraft:string":40,"minecraft:dark_oak_slab":6,"minecraft:iron_chestplate":3,"minecraft:book":2,"minecraft:paper":6,"minecraft:charcoal":10,"minecraft:diamond_pickaxe":1,"minecraft:yellow_dye":1,"minecraft:stick":636,"minecraft:leather_chestplate":1,"minecraft:iron_ingot":137,"minecraft:iron_pickaxe":19,"minecraft:iron_block":474,"minecraft:stone_sword":2,"minecraft:snow_block":254,"minecraft:gold_ingot":17,"minecraft:redstone_torch":54,"minecraft:netherite_ingot":1,"minecraft:composter":2,"minecraft:deepslate_bricks":196,"minecraft:coarse_dirt":12,"minecraft:nether_wart":9,"minecraft:raw_iron":90,"minecraft:prismarine":693,"minecraft:stone_shovel":17,"minecraft:stone_brick_wall":12,"minecraft:fishing_rod":1,"minecraft:leather_leggings":1,"minecraft:leather_boots":1,"minecraft:iron_nugget":18,"minecraft:spruce_button":2,"minecraft:furnace":18,"minecraft:bone_meal":1668,"minecraft:spruce_fence":225,"minecraft:white_carpet":3,"minecraft:smooth_quartz_stairs":26,"minecraft:glass_pane":240,"minecraft:flint_and_steel":1,"minecraft:lantern":2,"minecraft:spruce_stairs":2888,"minecraft:white_concrete_powder":8,"minecraft:polished_diorite":29,"minecraft:leather":28,"minecraft:polished_deepslate":196,"minecraft:iron_axe":24,"minecraft:spruce_wood":20,"minecraft:ladder":75,"minecraft:spruce_slab":11370,"minecraft:stone_pickaxe":9,"minecraft:cobblestone_wall":12,"minecraft:spruce_boat":1,"minecraft:prismarine_slab":16,"minecraft:netherite_scrap":4,"minecraft:dark_oak_planks":16,"minecraft:observer":10,"minecraft:cooked_beef":18,"minecraft:red_dye":10,"minecraft:bone_block":132,"minecraft:spruce_sign":6,"minecraft:iron_sword":3,"minecraft:nether_bricks":25,"minecraft:leather_helmet":1,"minecraft:bucket":29,"minecraft:stone_axe":10,"minecraft:deepslate_tiles":246,"minecraft:orange_dye":2,"minecraft:white_wool":94,"minecraft:cobblestone":24,"minecraft:white_dye":1,"minecraft:iron_leggings":3,"minecraft:deepslate_tile_stairs":16,"minecraft:stonecutter":1,"minecraft:anvil":1,"minecraft:white_bed":31,"minecraft:prismarine_stairs":828,"minecraft:orange_bed":1,"minecraft:torch":164},"minecraft:custom":{"minecraft:animals_bred":9,"minecraft:interact_with_crafting_table":542,"minecraft:open_barrel":180,"minecraft:leave_game":85,"minecraft:time_since_death":483224,"minecraft:sprint_one_cm":4043701,"minecraft:drop":308,"minecraft:talked_to_villager":7,"minecraft:play_time":2589599,"minecraft:deaths":52,"minecraft:jump":28275,"minecraft:interact_with_brewingstand":9,"minecraft:walk_on_water_one_cm":363216,"minecraft:enchant_item":12,"minecraft:interact_with_furnace":260,"minecraft:sleep_in_bed":165,"minecraft:open_enderchest":2,"minecraft:damage_dealt":18931,"minecraft:player_kills":2,"minecraft:crouch_one_cm":688021,"minecraft:inspect_dispenser":28,"minecraft:horse_one_cm":4087,"minecraft:interact_with_anvil":14,"minecraft:mob_kills":1714,"minecraft:inspect_hopper":19,"minecraft:climb_one_cm":222602,"minecraft:walk_one_cm":5201747,"minecraft:sneak_time":262215,"minecraft:walk_under_water_one_cm":636792,"minecraft:boat_one_cm":392449,"minecraft:total_world_time":2589599,"minecraft:pot_flower":2,"minecraft:interact_with_stonecutter":52,"minecraft:interact_with_grindstone":5,"minecraft:time_since_rest":16881,"minecraft:damage_taken":36384,"minecraft:swim_one_cm":163477,"minecraft:fly_one_cm":4914278,"minecraft:open_chest":2146,"minecraft:fall_one_cm":777989},"minecraft:dropped":{"minecraft:spruce_sign":1,"minecraft:iron_sword":3,"minecraft:crafting_table":5,"minecraft:cut_copper_slab":1,"minecraft:lantern":1,"minecraft:deepslate_tile_wall":3,"minecraft:leather":4,"minecraft:cod":36,"minecraft:emerald":1,"minecraft:deepslate_tile_stairs":4,"minecraft:dirt":178,"minecraft:cooked_cod":38,"minecraft:snowball":3,"minecraft:gold_nugget":1,"minecraft:iron_pickaxe":6,"minecraft:white_wool":1,"minecraft:bone":6,"minecraft:blackstone":116,"minecraft:sugar_cane":12,"minecraft:cobbled_deepslate":96,"minecraft:wheat":1,"minecraft:obsidian":2,"minecraft:rotten_flesh":18,"minecraft:white_bed":3,"minecraft:carrot":86,"minecraft:sea_lantern":1,"minecraft:deepslate_tiles":3,"minecraft:gunpowder":8,"minecraft:chest":13,"minecraft:spruce_slab":92,"minecraft:basalt":969,"minecraft:arrow":5,"minecraft:netherrack":13,"minecraft:water_bucket":4,"minecraft:iron_ingot":35,"minecraft:wheat_seeds":3,"minecraft:polished_blackstone":92,"minecraft:prismarine_shard":47,"minecraft:iron_helmet":1,"minecraft:cobblestone":54,"minecraft:prismarine_crystals":2,"minecraft:deepslate_tile_slab":8,"minecraft:spruce_stairs":18,"minecraft:coal":4,"minecraft:stick":18,"minecraft:brewing_stand":2,"minecraft:nether_wart_block":2,"minecraft:potion":2,"minecraft:iron_leggings":1,"minecraft:iron_axe":6,"minecraft:string":6,"minecraft:spruce_sapling":2,"minecraft:dandelion":1,"minecraft:furnace":1,"minecraft:sweet_berries":9,"minecraft:player_head":5,"minecraft:netherite_ingot":1,"minecraft:stone_sword":1,"minecraft:nether_wart":20,"minecraft:blaze_rod":1,"minecraft:composter":1,"minecraft:stone_shovel":2,"minecraft:iron_boots":2,"minecraft:spruce_fence":88,"minecraft:shears":2,"minecraft:glass_pane":6,"minecraft:prismarine_stairs":103,"minecraft:flower_pot":2,"minecraft:spruce_trapdoor":20,"minecraft:spruce_planks":1882,"minecraft:diamond_pickaxe":1,"minecraft:iron_chestplate":1,"minecraft:andesite":32,"minecraft:carved_pumpkin":1,"minecraft:spider_eye":2,"minecraft:spruce_log":687,"minecraft:stone_pickaxe":2,"minecraft:wooden_pickaxe":3},"minecraft:used":{"minecraft:peony":1,"minecraft:moss_block":20,"minecraft:moss_carpet":12,"minecraft:iron_shovel":242,"minecraft:polished_blackstone":1184,"minecraft:dispenser":12,"minecraft:spruce_slab":3789,"minecraft:ladder":38,"minecraft:poppy":11,"minecraft:bone_block":54,"minecraft:white_concrete_powder":2,"minecraft:chest":48,"minecraft:nether_wart":5,"minecraft:iron_sword":364,"minecraft:quartz_stairs":11,"minecraft:player_head":11,"minecraft:soul_campfire":9,"minecraft:iron_chestplate":2,"minecraft:soul_sand":5,"minecraft:nether_bricks":1,"minecraft:carrot":545,"minecraft:tuff":38,"minecraft:snowball":166,"minecraft:azure_bluet":7,"minecraft:stripped_spruce_log":12,"minecraft:spruce_boat":1,"minecraft:lava_bucket":10,"minecraft:bricks":36,"minecraft:spruce_wood":20,"minecraft:lantern":4,"minecraft:item_frame":22,"minecraft:repeater":59,"minecraft:red_stained_glass_pane":77,"minecraft:sweet_berries":543,"minecraft:furnace":20,"minecraft:oxidized_cut_copper_stairs":8,"minecraft:egg":2,"minecraft:diorite":13,"minecraft:golden_boots":1,"minecraft:chiseled_polished_blackstone":4,"minecraft:spruce_door":3,"minecraft:stone_pickaxe":705,"minecraft:birch_wood":2,"minecraft:prismarine_stairs":779,"minecraft:blackstone":16,"minecraft:wooden_pickaxe":21,"minecraft:composter":3,"minecraft:sugar_cane":20,"minecraft:smooth_quartz_stairs":18,"minecraft:white_wool":8,"minecraft:stone_brick_wall":12,"minecraft:deepslate_tiles":239,"minecraft:lever":3,"minecraft:birch_slab":14,"minecraft:string":1,"minecraft:dark_oak_log":5,"minecraft:gravel":11,"minecraft:chain":1,"minecraft:white_concrete":1,"minecraft:coarse_dirt":12,"minecraft:bone_meal":228,"minecraft:oak_fence":5,"minecraft:azalea":3,"minecraft:stone_sword":88,"minecraft:flint_and_steel":1,"minecraft:stone_shovel":2101,"minecraft:redstone":6,"minecraft:spruce_planks":1474,"minecraft:stone_hoe":13,"minecraft:netherrack":156,"minecraft:orange_bed":7,"minecraft:torch":178,"minecraft:brewing_stand":2,"minecraft:dirt":582,"minecraft:anvil":1,"minecraft:wheat":1,"minecraft:white_carpet":3,"minecraft:hopper":13,"minecraft:spruce_stairs":397,"minecraft:cobblestone_wall":10,"minecraft:granite":56,"minecraft:spruce_fence":226,"minecraft:polished_diorite":29,"minecraft:shroomlight":2,"minecraft:sea_lantern":55,"minecraft:flowering_azalea":1,"minecraft:iron_axe":4203,"minecraft:iron_block":1,"minecraft:iron_boots":2,"minecraft:prismarine_slab":16,"minecraft:barrel":10,"minecraft:basalt":2862,"minecraft:soul_soil":7,"minecraft:deepslate_tile_stairs":16,"minecraft:cooked_beef":10,"minecraft:observer":11,"minecraft:powder_snow_bucket":1,"minecraft:cobbled_deepslate":104,"minecraft:iron_leggings":3,"minecraft:cooked_mutton":11,"minecraft:wheat_seeds":148,"minecraft:water_bucket":650,"minecraft:iron_ore":1,"minecraft:snow_block":165,"minecraft:birch_planks":2,"minecraft:glass_bottle":5,"minecraft:copper_block":7,"minecraft:spruce_sign":9,"minecraft:stonecutter":4,"minecraft:cobblestone_slab":584,"minecraft:comparator":3,"minecraft:crafting_table":16,"minecraft:oak_slab":6,"minecraft:white_bed":20,"minecraft:cod":448,"minecraft:painting":18,"minecraft:spruce_log":3042,"minecraft:dark_oak_door":7,"minecraft:smoker":1,"minecraft:flower_pot":5,"minecraft:oxeye_daisy":10,"minecraft:diamond_pickaxe":955,"minecraft:cornflower":15,"minecraft:chicken":2,"minecraft:iron_pickaxe":3727,"minecraft:stone_slab":2,"minecraft:spruce_trapdoor":144,"minecraft:spruce_sapling":290,"minecraft:stone_axe":1241,"minecraft:fishing_rod":3,"minecraft:crimson_fungus":1,"minecraft:cobblestone":295,"minecraft:porkchop":4,"minecraft:cooked_porkchop":7,"minecraft:bucket":680,"minecraft:glass_pane":158,"minecraft:yellow_bed":3,"minecraft:dandelion":66,"minecraft:gray_wool":16},"minecraft:killed_by":{"minecraft:blaze":3,"minecraft:player":6,"minecraft:spider":3,"minecraft:skeleton":4},"minecraft:killed":{"minecraft:spider":10,"minecraft:skeleton":7,"minecraft:guardian":1657,"minecraft:chicken":2,"minecraft:magma_cube":1,"minecraft:pig":2,"minecraft:creeper":5,"minecraft:sheep":6,"minecraft:trader_llama":4,"minecraft:zombie":6,"minecraft:blaze":2,"minecraft:cow":6,"minecraft:wandering_trader":2,"minecraft:player":2,"minecraft:enderman":2},"minecraft:broken":{"minecraft:iron_shovel":1,"minecraft:golden_boots":1,"minecraft:stone_pickaxe":4,"minecraft:stone_axe":9,"minecraft:stone_shovel":16,"minecraft:iron_axe":16,"minecraft:iron_pickaxe":14},"minecraft:mined":{"minecraft:spruce_planks":376,"minecraft:white_bed":4,"minecraft:sculk_vein":1,"minecraft:brewing_stand":2,"minecraft:obsidian":10,"minecraft:spruce_trapdoor":8,"minecraft:granite":62,"minecraft:chiseled_polished_blackstone":1,"minecraft:grass_block":1396,"minecraft:white_concrete":2,"minecraft:soul_soil":7,"minecraft:crimson_fungus":2,"minecraft:composter":1,"minecraft:hopper":1,"minecraft:oxeye_daisy":9,"minecraft:nether_wart":40,"minecraft:red_stained_glass_pane":31,"minecraft:magma_block":1,"minecraft:sculk_catalyst":1,"minecraft:iron_ore":50,"minecraft:barrel":3,"minecraft:sticky_piston":5,"minecraft:fire":130,"minecraft:cobbled_deepslate":3,"minecraft:target":1,"minecraft:moss_carpet":12,"minecraft:deepslate_lapis_ore":1,"minecraft:pumpkin":2,"minecraft:azure_bluet":6,"minecraft:sculk_shrieker":1,"minecraft:red_tulip":8,"minecraft:azalea":3,"minecraft:iron_block":1,"minecraft:orange_bed":6,"minecraft:spruce_slab":199,"minecraft:player_head":3,"minecraft:tripwire":1,"minecraft:deepslate_redstone_ore":48,"minecraft:blackstone":1038,"minecraft:player_wall_head":4,"minecraft:smoker":1,"minecraft:powder_snow":66,"minecraft:oxidized_cut_copper_stairs":4,"minecraft:clay":16,"minecraft:torch":11,"minecraft:oxidized_copper":5,"minecraft:poppy":30,"minecraft:chest":15,"minecraft:spruce_wall_sign":5,"minecraft:glass":1,"minecraft:nether_quartz_ore":137,"minecraft:cobblestone":200,"minecraft:white_candle":1,"minecraft:sugar_cane":61,"minecraft:bricks":36,"minecraft:wall_torch":22,"minecraft:cyan_wool":5,"minecraft:repeater":20,"minecraft:dark_oak_door":6,"minecraft:nether_wart_block":1,"minecraft:birch_log":7,"minecraft:wheat":25,"minecraft:copper_block":2,"minecraft:grass":313,"minecraft:oak_log":15,"minecraft:sand":101,"minecraft:dirt":1014,"minecraft:dispenser":1,"minecraft:prismarine_stairs":32,"minecraft:stonecutter":3,"minecraft:ancient_debris":4,"minecraft:netherrack":477,"minecraft:deepslate":1058,"minecraft:oak_leaves":3,"minecraft:redstone_lamp":4,"minecraft:nether_gold_ore":40,"minecraft:deepslate_tiles":2,"minecraft:tuff":78,"minecraft:light_blue_wool":5,"minecraft:quartz_stairs":7,"minecraft:deepslate_diamond_ore":8,"minecraft:dark_oak_leaves":3,"minecraft:candle":3,"minecraft:dark_oak_log":12,"minecraft:sea_lantern":1,"minecraft:lever":1,"minecraft:nether_bricks":5,"minecraft:spruce_fence":9,"minecraft:redstone_wire":36,"minecraft:spruce_leaves":105,"minecraft:birch_slab":1,"minecraft:sandstone":1,"minecraft:moss_block":10,"minecraft:white_concrete_powder":1,"minecraft:spruce_sapling":10,"minecraft:furnace":3,"minecraft:carrots":217,"minecraft:snow":9,"minecraft:andesite":20,"minecraft:stripped_spruce_log":9,"minecraft:peony":2,"minecraft:shroomlight":3,"minecraft:deepslate_iron_ore":1,"minecraft:cobblestone_slab":15,"minecraft:stone":2034,"minecraft:bone_block":13,"minecraft:white_wool":8,"minecraft:redstone_wall_torch":5,"minecraft:podzol":1,"minecraft:oak_slab":1,"minecraft:flowering_azalea":1,"minecraft:redstone_block":2,"minecraft:glass_pane":4,"minecraft:comparator":2,"minecraft:soul_sand":14,"minecraft:snow_block":356,"minecraft:dandelion":64,"minecraft:basalt":3102,"minecraft:observer":1,"minecraft:spruce_door":1,"minecraft:oak_fence":1,"minecraft:crafting_table":7,"minecraft:cornflower":11,"minecraft:emerald_ore":3,"minecraft:sculk_sensor":7,"minecraft:lectern":1,"minecraft:stone_slab":2,"minecraft:copper_ore":9,"minecraft:tall_grass":57,"minecraft:deepslate_gold_ore":2,"minecraft:sculk":10,"minecraft:diorite":53,"minecraft:spruce_stairs":42,"minecraft:gray_wool":24,"minecraft:birch_planks":2,"minecraft:cobblestone_wall":1,"minecraft:redstone_torch":2,"minecraft:sweet_berry_bush":22,"minecraft:ice":93,"minecraft:white_carpet":1,"minecraft:spruce_log":4300,"minecraft:birch_leaves":1,"minecraft:yellow_bed":3,"minecraft:coal_ore":62,"minecraft:flower_pot":3,"minecraft:gravel":63,"minecraft:polished_blackstone":131}},"DataVersion":3120}