{"stats":{"minecraft:picked_up":{"minecraft:iron_chestplate":9,"minecraft:prismarine_shard":527,"minecraft:enchanted_book":3,"minecraft:brewing_stand":4,"minecraft:polished_deepslate_wall":1,"minecraft:amethyst_block":182,"minecraft:string":21,"minecraft:pufferfish":4,"minecraft:shroomlight":2,"minecraft:diamond_leggings":1,"minecraft:gold_nugget":134,"minecraft:cobbled_deepslate":2622,"minecraft:spruce_planks":1447,"minecraft:dark_oak_door":5,"minecraft:golden_helmet":2,"minecraft:composter":3,"minecraft:deepslate_tile_stairs":81,"minecraft:stone_sword":2,"minecraft:honey_bottle":1,"minecraft:light_blue_wool":7,"minecraft:iron_block":29,"minecraft:carved_pumpkin":3,"minecraft:bookshelf":1,"minecraft:blaze_rod":9,"minecraft:snowball":137,"minecraft:oxidized_copper":4,"minecraft:feather":2,"minecraft:cooked_beef":35,"minecraft:water_bucket":3,"minecraft:dark_oak_boat":3,"minecraft:copper_block":9,"minecraft:flint":15,"minecraft:stripped_spruce_wood":3,"minecraft:lantern":14,"minecraft:rabbit":1,"minecraft:diamond_helmet":1,"minecraft:moss_block":755,"minecraft:stripped_spruce_log":394,"minecraft:ink_sac":3,"minecraft:fermented_spider_eye":1,"minecraft:dark_oak_log":9,"minecraft:barrel":4,"minecraft:white_candle":14,"minecraft:granite":322,"minecraft:spruce_button":4,"minecraft:diamond_pickaxe":4,"minecraft:spruce_leaves":98,"minecraft:crafting_table":84,"minecraft:nether_wart":1,"minecraft:cornflower":6,"minecraft:glass_pane":16,"minecraft:beef":103,"minecraft:cyan_wool":2,"minecraft:iron_nugget":8,"minecraft:spruce_slab":266,"minecraft:chest":18,"minecraft:egg":5,"minecraft:sandstone":1,"minecraft:stone":187,"minecraft:spruce_fence":244,"minecraft:white_dye":7,"minecraft:carrot":536,"minecraft:redstone":90,"minecraft:prismarine_crystals":678,"minecraft:blue_carpet":2,"minecraft:tnt":21,"minecraft:stone_shovel":2,"minecraft:cooked_cod":167,"minecraft:shears":4,"minecraft:deepslate_bricks":12,"minecraft:cracked_deepslate_bricks":1,"minecraft:mutton":173,"minecraft:glow_berries":1,"minecraft:white_wool":150,"minecraft:oxeye_daisy":6,"minecraft:red_mushroom":16,"minecraft:oak_log":29,"minecraft:ancient_debris":5,"minecraft:white_banner":1,"minecraft:stone_bricks":5,"minecraft:kelp":26,"minecraft:stone_pickaxe":14,"minecraft:glass_bottle":5,"minecraft:iron_sword":15,"minecraft:flowering_azalea":32,"minecraft:smooth_basalt":8,"minecraft:white_stained_glass_pane":7,"minecraft:sweet_berries":69,"minecraft:gravel":166,"minecraft:spruce_sapling":133,"minecraft:spruce_log":790,"minecraft:sea_lantern":1,"minecraft:stone_axe":5,"minecraft:polished_diorite":2,"minecraft:painting":6,"minecraft:gray_wool":485,"minecraft:warped_roots":1,"minecraft:ender_pearl":1,"minecraft:redstone_block":25,"minecraft:ender_chest":1,"minecraft:potion":8,"minecraft:stone_brick_stairs":28,"minecraft:lapis_block":6,"minecraft:raw_copper":369,"minecraft:iron_leggings":9,"minecraft:netherite_ingot":1,"minecraft:deepslate_tiles":43,"minecraft:comparator":1,"minecraft:bucket":4,"minecraft:redstone_torch":5,"minecraft:cobblestone_slab":36,"minecraft:calcite":507,"minecraft:azalea":40,"minecraft:iron_pickaxe":12,"minecraft:deepslate_tile_wall":27,"minecraft:iron_boots":8,"minecraft:furnace":22,"minecraft:blue_wool":18,"minecraft:stick":199,"minecraft:torch":229,"minecraft:spruce_stairs":155,"minecraft:porkchop":120,"minecraft:diorite":86,"minecraft:rotten_flesh":87,"minecraft:obsidian":63,"minecraft:cod":420,"minecraft:cobblestone":5472,"minecraft:enchanting_table":2,"minecraft:andesite":1019,"minecraft:golden_leggings":1,"minecraft:potato":2,"minecraft:tuff":255,"minecraft:prismarine_bricks":159,"minecraft:dirt":706,"minecraft:lapis_lazuli":231,"minecraft:leather_boots":1,"minecraft:glass":8,"minecraft:bone":105,"minecraft:bow":1,"minecraft:wheat_seeds":113,"minecraft:raw_gold":18,"minecraft:oak_planks":9,"minecraft:ghast_tear":2,"minecraft:cooked_porkchop":28,"minecraft:sand":168,"minecraft:grass_block":1,"minecraft:diamond_block":4,"minecraft:oxidized_cut_copper_slab":1,"minecraft:mossy_cobblestone":15,"minecraft:spruce_fence_gate":7,"minecraft:diamond":67,"minecraft:spruce_boat":26,"minecraft:crossbow":1,"minecraft:bone_meal":14,"minecraft:golden_apple":2,"minecraft:spruce_sign":11,"minecraft:emerald":24,"minecraft:netherrack":1109,"minecraft:oak_sapling":3,"minecraft:azure_bluet":14,"minecraft:chicken":3,"minecraft:ladder":32,"minecraft:wooden_pickaxe":9,"minecraft:shield":3,"minecraft:moss_carpet":183,"minecraft:iron_axe":12,"minecraft:item_frame":1,"minecraft:blackstone":75,"minecraft:candle":70,"minecraft:echo_shard":4,"minecraft:player_head":34,"minecraft:light_gray_wool":4,"minecraft:lectern":53,"minecraft:sugar_cane":146,"minecraft:spruce_trapdoor":153,"minecraft:phantom_membrane":1,"minecraft:dark_oak_sapling":1,"minecraft:raw_iron":621,"minecraft:copper_ingot":17,"minecraft:red_stained_glass_pane":21,"minecraft:light_gray_stained_glass_pane":11,"minecraft:dark_oak_planks":9,"minecraft:arrow":48,"minecraft:nether_bricks":44,"minecraft:oxidized_cut_copper_stairs":4,"minecraft:basalt":308,"minecraft:salmon":8,"minecraft:leather":108,"minecraft:yellow_bed":1,"minecraft:nether_wart_block":5,"minecraft:gunpowder":46,"minecraft:deepslate_tile_slab":40,"minecraft:cut_copper_slab":5,"minecraft:cooked_mutton":56,"minecraft:gray_carpet":8,"minecraft:rabbit_hide":1,"minecraft:iron_ingot":57,"minecraft:prismarine_brick_slab":1,"minecraft:soul_sand":24,"minecraft:book":34,"minecraft:pumpkin":49,"minecraft:quartz":63,"minecraft:dandelion":9,"minecraft:amethyst_shard":38,"minecraft:soul_torch":13,"minecraft:white_bed":59,"minecraft:spruce_door":2,"minecraft:spider_eye":8,"minecraft:pumpkin_seeds":8,"minecraft:iron_helmet":7,"minecraft:black_wool":5,"minecraft:coal":646},"minecraft:crafted":{"minecraft:oxidized_cut_copper_slab":6,"minecraft:bookshelf":16,"minecraft:cooked_mutton":161,"minecraft:glass":64,"minecraft:diamond_helmet":1,"minecraft:diamond_leggings":1,"minecraft:polished_blackstone":56,"minecraft:emerald":16,"minecraft:cooked_porkchop":52,"minecraft:diamond_axe":1,"minecraft:prismarine_bricks":281,"minecraft:spruce_door":3,"minecraft:mossy_cobblestone":14,"minecraft:copper_ingot":153,"minecraft:campfire":2,"minecraft:painting":1,"minecraft:stone_brick_stairs":8,"minecraft:iron_pickaxe":39,"minecraft:iron_block":34,"minecraft:gold_ingot":14,"minecraft:light_gray_dye":6,"minecraft:netherite_ingot":1,"minecraft:spruce_fence_gate":8,"minecraft:polished_blackstone_bricks":56,"minecraft:golden_carrot":1,"minecraft:stone_shovel":1,"minecraft:iron_nugget":81,"minecraft:bone_meal":126,"minecraft:spruce_fence":108,"minecraft:lantern":9,"minecraft:diamond":18,"minecraft:spruce_stairs":336,"minecraft:ladder":255,"minecraft:spruce_slab":816,"minecraft:stone_pickaxe":46,"minecraft:diamond_boots":1,"minecraft:deepslate_tile_wall":12,"minecraft:spruce_boat":5,"minecraft:redstone_block":8,"minecraft:dark_oak_planks":32,"minecraft:cut_copper_slab":6,"minecraft:enchanting_table":1,"minecraft:deepslate_tiles":321,"minecraft:enchanted_book":1,"minecraft:oak_stairs":8,"minecraft:iron_leggings":5,"minecraft:deepslate_tile_stairs":152,"minecraft:white_bed":26,"minecraft:oak_planks":96,"minecraft:cobblestone_slab":54,"minecraft:dark_oak_boat":1,"minecraft:cooked_chicken":3,"minecraft:stone":425,"minecraft:bow":1,"minecraft:iron_boots":5,"minecraft:chest":28,"minecraft:copper_block":17,"minecraft:stone_bricks":12,"minecraft:sea_lantern":33,"minecraft:oak_slab":6,"minecraft:item_frame":5,"minecraft:crafting_table":29,"minecraft:spruce_planks":2252,"minecraft:wooden_pickaxe":5,"minecraft:baked_potato":12,"minecraft:iron_helmet":5,"minecraft:white_stained_glass_pane":40,"minecraft:oxidized_cut_copper":4,"minecraft:prismarine_brick_slab":14,"minecraft:tnt":6,"minecraft:spruce_trapdoor":180,"minecraft:book":32,"minecraft:iron_chestplate":6,"minecraft:paper":96,"minecraft:diamond_pickaxe":2,"minecraft:yellow_dye":4,"minecraft:shield":2,"minecraft:stick":1636,"minecraft:iron_ingot":273,"minecraft:stone_sword":4,"minecraft:deepslate_bricks":320,"minecraft:shears":3,"minecraft:light_gray_stained_glass_pane":16,"minecraft:deepslate_tile_slab":120,"minecraft:nether_wart":9,"minecraft:redstone":18,"minecraft:spruce_button":16,"minecraft:furnace":9,"minecraft:diamond_block":2,"minecraft:glass_pane":64,"minecraft:flint_and_steel":3,"minecraft:polished_deepslate":320,"minecraft:iron_axe":9,"minecraft:iron_hoe":1,"minecraft:netherite_scrap":5,"minecraft:cooked_beef":63,"minecraft:cooked_cod":151,"minecraft:diamond_sword":1,"minecraft:stripped_spruce_wood":4,"minecraft:spruce_sign":30,"minecraft:iron_sword":10,"minecraft:bucket":6,"minecraft:stone_axe":11,"minecraft:blue_dye":1,"minecraft:cut_copper":4,"minecraft:white_dye":9,"minecraft:anvil":2,"minecraft:torch":380,"minecraft:lapis_lazuli":27,"minecraft:lapis_block":3,"minecraft:diamond_chestplate":1},"minecraft:custom":{"minecraft:interact_with_crafting_table":445,"minecraft:open_barrel":21,"minecraft:leave_game":95,"minecraft:time_since_death":458120,"minecraft:damage_blocked_by_shield":2880,"minecraft:play_time":3740998,"minecraft:deaths":23,"minecraft:jump":28112,"minecraft:enchant_item":46,"minecraft:interact_with_furnace":306,"minecraft:traded_with_villager":18,"minecraft:interact_with_cartography_table":1,"minecraft:sleep_in_bed":139,"minecraft:damage_dealt":80893,"minecraft:interact_with_anvil":21,"minecraft:inspect_hopper":8,"minecraft:sneak_time":893431,"minecraft:total_world_time":3740998,"minecraft:interact_with_stonecutter":1,"minecraft:time_since_rest":43308,"minecraft:swim_one_cm":56757,"minecraft:fly_one_cm":3295723,"minecraft:open_chest":763,"minecraft:fall_one_cm":794406,"minecraft:sprint_one_cm":5480919,"minecraft:drop":869,"minecraft:talked_to_villager":127,"minecraft:interact_with_brewingstand":8,"minecraft:walk_on_water_one_cm":70081,"minecraft:open_enderchest":28,"minecraft:player_kills":6,"minecraft:crouch_one_cm":2006665,"minecraft:mob_kills":6227,"minecraft:climb_one_cm":397256,"minecraft:walk_one_cm":4644424,"minecraft:walk_under_water_one_cm":103933,"minecraft:boat_one_cm":2815571,"minecraft:interact_with_grindstone":37,"minecraft:damage_taken":36767},"minecraft:dropped":{"minecraft:iron_sword":4,"minecraft:porkchop":3,"minecraft:cooked_beef":8,"minecraft:glass_bottle":10,"minecraft:diamond":3,"minecraft:crafting_table":3,"minecraft:cooked_porkchop":8,"minecraft:warped_roots":1,"minecraft:red_mushroom":8,"minecraft:emerald":4,"minecraft:dirt":263,"minecraft:bone_meal":6,"minecraft:sand":11,"minecraft:iron_pickaxe":3,"minecraft:bone":2,"minecraft:dark_oak_door":2,"minecraft:stone_axe":4,"minecraft:sugar_cane":7,"minecraft:iron_nugget":10,"minecraft:cobbled_deepslate":215,"minecraft:obsidian":2,"minecraft:rotten_flesh":55,"minecraft:oak_planks":10,"minecraft:azure_bluet":5,"minecraft:white_bed":1,"minecraft:salmon":4,"minecraft:deepslate_tiles":1,"minecraft:ladder":3,"minecraft:spruce_slab":151,"minecraft:glass":8,"minecraft:beef":6,"minecraft:ghast_tear":1,"minecraft:egg":1,"minecraft:enchanted_book":2,"minecraft:iron_ingot":2,"minecraft:wheat_seeds":44,"minecraft:prismarine_crystals":209,"minecraft:iron_helmet":2,"minecraft:cobblestone":1810,"minecraft:granite":296,"minecraft:spruce_button":4,"minecraft:spruce_door":1,"minecraft:deepslate_tile_slab":36,"minecraft:disc_fragment_5":3,"minecraft:coal":9,"minecraft:golden_apple":2,"minecraft:pufferfish":1,"minecraft:oxeye_daisy":2,"minecraft:gray_wool":2,"minecraft:rabbit":1,"minecraft:diamond_helmet":1,"minecraft:potion":1,"minecraft:string":3,"minecraft:gray_carpet":8,"minecraft:oxidized_copper":4,"minecraft:spruce_sapling":31,"minecraft:furnace":1,"minecraft:moss_carpet":46,"minecraft:player_head":7,"minecraft:netherite_ingot":1,"minecraft:stone_sword":2,"minecraft:stone_shovel":1,"minecraft:experience_bottle":2,"minecraft:iron_boots":1,"minecraft:name_tag":1,"minecraft:nether_bricks":28,"minecraft:shears":1,"minecraft:pumpkin_seeds":8,"minecraft:potato":1,"minecraft:shroomlight":1,"minecraft:spruce_boat":1,"minecraft:stone":12,"minecraft:spruce_trapdoor":52,"minecraft:spruce_planks":164,"minecraft:diamond_pickaxe":1,"minecraft:yellow_bed":1,"minecraft:spider_eye":4,"minecraft:barrel":2,"minecraft:stone_bricks":3,"minecraft:sandstone":1,"minecraft:bow":1,"minecraft:black_wool":3,"minecraft:spruce_sign":3,"minecraft:moss_block":19,"minecraft:cod":16,"minecraft:spruce_leaves":69,"minecraft:deepslate_tile_stairs":9,"minecraft:cornflower":4,"minecraft:cooked_cod":41,"minecraft:snowball":16,"minecraft:prismarine_brick_slab":8,"minecraft:white_stained_glass_pane":7,"minecraft:gravel":65,"minecraft:blackstone":4,"minecraft:cooked_mutton":13,"minecraft:honey_bottle":1,"minecraft:carrot":39,"minecraft:rabbit_hide":1,"minecraft:gunpowder":2,"minecraft:azalea":1,"minecraft:basalt":23,"minecraft:arrow":14,"minecraft:prismarine_bricks":14,"minecraft:netherrack":252,"minecraft:water_bucket":4,"minecraft:stripped_spruce_log":10,"minecraft:mossy_cobblestone":13,"minecraft:prismarine_shard":25,"minecraft:amethyst_block":2,"minecraft:copper_ingot":17,"minecraft:spruce_stairs":22,"minecraft:stick":65,"minecraft:spruce_fence_gate":2,"minecraft:blue_dye":1,"minecraft:diorite":43,"minecraft:torch":42,"minecraft:flowering_azalea":5,"minecraft:iron_axe":1,"minecraft:bucket":2,"minecraft:dandelion":5,"minecraft:redstone":3,"minecraft:polished_diorite":2,"minecraft:sweet_berries":64,"minecraft:kelp":7,"minecraft:nether_wart":9,"minecraft:blaze_rod":4,"minecraft:raw_copper":93,"minecraft:tuff":9,"minecraft:raw_iron":29,"minecraft:light_gray_wool":4,"minecraft:oxidized_cut_copper_stairs":4,"minecraft:glass_pane":4,"minecraft:flint_and_steel":1,"minecraft:deepslate_bricks":4,"minecraft:iron_chestplate":1,"minecraft:andesite":107,"minecraft:stone_pickaxe":6,"minecraft:wooden_pickaxe":6},"minecraft:used":{"minecraft:moss_block":465,"minecraft:spruce_slab":877,"minecraft:ladder":215,"minecraft:chest":37,"minecraft:stone":506,"minecraft:soul_sand":23,"minecraft:cut_copper":1,"minecraft:snowball":71,"minecraft:stripped_spruce_log":251,"minecraft:spruce_boat":23,"minecraft:lava_bucket":1,"minecraft:stone_brick_stairs":1,"minecraft:bow":36,"minecraft:dark_oak_boat":3,"minecraft:sweet_berries":5,"minecraft:oak_sapling":3,"minecraft:furnace":19,"minecraft:cooked_cod":101,"minecraft:egg":3,"minecraft:diorite":17,"minecraft:spruce_door":4,"minecraft:cut_copper_slab":7,"minecraft:wooden_pickaxe":67,"minecraft:composter":1,"minecraft:glow_berries":1,"minecraft:oxidized_cut_copper_slab":7,"minecraft:deepslate_tiles":91,"minecraft:lectern":53,"minecraft:pufferfish":3,"minecraft:diamond_sword":74,"minecraft:fire_charge":1,"minecraft:enchanting_table":2,"minecraft:stone_sword":212,"minecraft:carved_pumpkin":2,"minecraft:netherrack":310,"minecraft:torch":325,"minecraft:brewing_stand":1,"minecraft:anvil":2,"minecraft:shroomlight":1,"minecraft:flowering_azalea":3,"minecraft:sea_lantern":33,"minecraft:iron_block":2,"minecraft:iron_axe":1946,"minecraft:spruce_button":16,"minecraft:barrel":1,"minecraft:smooth_basalt":8,"minecraft:basalt":133,"minecraft:cobbled_deepslate":1547,"minecraft:calcite":264,"minecraft:water_bucket":135,"minecraft:prismarine_brick_slab":7,"minecraft:spruce_fence_gate":13,"minecraft:deepslate_bricks":6,"minecraft:polished_blackstone_bricks":56,"minecraft:mossy_cobblestone":16,"minecraft:diamond_block":4,"minecraft:tnt":14,"minecraft:oak_slab":6,"minecraft:crafting_table":93,"minecraft:white_bed":73,"minecraft:campfire":2,"minecraft:cod":26,"minecraft:spruce_log":400,"minecraft:deepslate_tile_wall":21,"minecraft:diamond_pickaxe":4991,"minecraft:iron_pickaxe":8776,"minecraft:spruce_trapdoor":173,"minecraft:spruce_sapling":43,"minecraft:cobblestone":2368,"minecraft:potion":6,"minecraft:cooked_porkchop":44,"minecraft:glass_pane":4,"minecraft:candle":1,"minecraft:moss_carpet":2,"minecraft:light_gray_stained_glass_pane":15,"minecraft:shield":65,"minecraft:iron_sword":1674,"minecraft:player_head":17,"minecraft:spruce_leaves":29,"minecraft:iron_chestplate":7,"minecraft:oxidized_cut_copper":1,"minecraft:nether_bricks":16,"minecraft:carrot":332,"minecraft:deepslate_tile_slab":89,"minecraft:tuff":240,"minecraft:obsidian":30,"minecraft:glass":32,"minecraft:lantern":23,"minecraft:iron_helmet":9,"minecraft:stone_bricks":3,"minecraft:item_frame":5,"minecraft:stripped_spruce_wood":7,"minecraft:diamond_boots":1,"minecraft:stone_pickaxe":5788,"minecraft:oak_planks":2,"minecraft:redstone_block":28,"minecraft:diamond_axe":155,"minecraft:white_wool":1,"minecraft:light_blue_wool":4,"minecraft:shears":340,"minecraft:dark_oak_log":1,"minecraft:bread":2,"minecraft:gravel":40,"minecraft:golden_helmet":2,"minecraft:andesite":682,"minecraft:bone_meal":80,"minecraft:azalea":1,"minecraft:flint_and_steel":104,"minecraft:stone_shovel":131,"minecraft:spruce_planks":992,"minecraft:cooked_chicken":3,"minecraft:dirt":204,"minecraft:prismarine_bricks":299,"minecraft:spruce_stairs":352,"minecraft:spruce_fence":130,"minecraft:granite":15,"minecraft:iron_hoe":22,"minecraft:bookshelf":17,"minecraft:oak_stairs":3,"minecraft:iron_boots":7,"minecraft:deepslate_tile_stairs":195,"minecraft:white_stained_glass_pane":33,"minecraft:cooked_beef":69,"minecraft:pumpkin":1,"minecraft:iron_leggings":12,"minecraft:cooked_mutton":164,"minecraft:amethyst_block":13,"minecraft:baked_potato":12,"minecraft:copper_block":22,"minecraft:spruce_sign":30,"minecraft:cobblestone_slab":54,"minecraft:painting":7,"minecraft:dark_oak_door":3,"minecraft:stone_axe":1331,"minecraft:bucket":144,"minecraft:lapis_block":6,"minecraft:gray_wool":429,"minecraft:splash_potion":1,"minecraft:soul_torch":3},"minecraft:killed_by":{"minecraft:warden":2,"minecraft:creeper":3,"minecraft:player":2,"minecraft:enderman":1},"minecraft:killed":{"minecraft:cave_spider":3,"minecraft:skeleton":34,"minecraft:guardian":5677,"minecraft:chicken":3,"minecraft:magma_cube":9,"minecraft:iron_golem":1,"minecraft:pillager":2,"minecraft:goat":7,"minecraft:donkey":3,"minecraft:zombie":193,"minecraft:cow":39,"minecraft:horse":15,"minecraft:rabbit":1,"minecraft:enderman":4,"minecraft:zombified_piglin":1,"minecraft:spider":16,"minecraft:turtle":1,"minecraft:pig":50,"minecraft:zombie_villager":1,"minecraft:creeper":14,"minecraft:sheep":117,"minecraft:mooshroom":1,"minecraft:stray":1,"minecraft:ghast":2,"minecraft:blaze":16,"minecraft:drowned":2,"minecraft:hoglin":1,"minecraft:player":4,"minecraft:villager":1},"minecraft:broken":{"minecraft:iron_boots":1,"minecraft:iron_leggings":1,"minecraft:iron_sword":4,"minecraft:stone_sword":1,"minecraft:iron_axe":6,"minecraft:iron_pickaxe":32,"minecraft:iron_helmet":1,"minecraft:golden_helmet":1,"minecraft:stone_pickaxe":40,"minecraft:stone_axe":8,"minecraft:stone_shovel":1,"minecraft:flint_and_steel":1},"minecraft:mined":{"minecraft:blue_carpet":2,"minecraft:white_bed":52,"minecraft:carved_pumpkin":2,"minecraft:obsidian":60,"minecraft:granite":319,"minecraft:deepslate_tile_wall":12,"minecraft:deepslate_bricks":13,"minecraft:deepslate_tile_stairs":73,"minecraft:blue_wool":18,"minecraft:oxeye_daisy":1,"minecraft:spawner":1,"minecraft:polished_blackstone_bricks":1,"minecraft:magma_block":34,"minecraft:cobbled_deepslate":678,"minecraft:fire":130,"minecraft:barrel":4,"minecraft:pumpkin":47,"minecraft:moss_carpet":46,"minecraft:deepslate_lapis_ore":5,"minecraft:enchanting_table":1,"minecraft:sculk_shrieker":16,"minecraft:cave_vines":1,"minecraft:dirt_path":4,"minecraft:deepslate_brick_stairs":1,"minecraft:iron_block":2,"minecraft:player_head":5,"minecraft:player_wall_head":7,"minecraft:soul_fire":34,"minecraft:amethyst_cluster":6,"minecraft:deepslate_tile_slab":22,"minecraft:oxidized_cut_copper_stairs":4,"minecraft:powder_snow":152,"minecraft:torch":31,"minecraft:white_stained_glass_pane":6,"minecraft:spruce_wall_sign":10,"minecraft:glass":12,"minecraft:white_candle":7,"minecraft:sugar_cane":76,"minecraft:spruce_sign":1,"minecraft:amethyst_block":128,"minecraft:cyan_wool":2,"minecraft:copper_block":9,"minecraft:grass":446,"minecraft:smooth_basalt":8,"minecraft:red_mushroom_block":19,"minecraft:deepslate":2203,"minecraft:deepslate_tiles":70,"minecraft:light_gray_stained_glass_pane":15,"minecraft:light_blue_wool":7,"minecraft:mossy_cobblestone":25,"minecraft:dark_oak_log":9,"minecraft:sea_lantern":5,"minecraft:nether_bricks":55,"minecraft:spruce_fence":97,"minecraft:moss_block":679,"minecraft:andesite":907,"minecraft:diamond_block":4,"minecraft:cobblestone_slab":30,"minecraft:redstone_block":25,"minecraft:glass_pane":1,"minecraft:comparator":1,"minecraft:soul_sand":37,"minecraft:stone_brick_slab":2,"minecraft:dandelion":4,"minecraft:cornflower":7,"minecraft:spruce_button":1,"minecraft:emerald_ore":14,"minecraft:tall_grass":100,"minecraft:copper_ore":99,"minecraft:deepslate_gold_ore":18,"minecraft:cracked_deepslate_bricks":2,"minecraft:diorite":65,"minecraft:cut_copper_slab":2,"minecraft:stripped_spruce_wood":3,"minecraft:white_carpet":1,"minecraft:spruce_log":758,"minecraft:birch_leaves":6,"minecraft:gravel":249,"minecraft:cobweb":5,"minecraft:spruce_fence_gate":7,"minecraft:stone_bricks":3,"minecraft:large_amethyst_bud":1,"minecraft:spruce_planks":626,"minecraft:farmland":4,"minecraft:sculk_vein":167,"minecraft:brewing_stand":2,"minecraft:spruce_trapdoor":67,"minecraft:budding_amethyst":14,"minecraft:grass_block":144,"minecraft:soul_soil":6,"minecraft:polished_diorite":3,"minecraft:composter":1,"minecraft:sculk_catalyst":1,"minecraft:iron_ore":304,"minecraft:azure_bluet":20,"minecraft:red_tulip":3,"minecraft:azalea":12,"minecraft:spruce_slab":376,"minecraft:deepslate_redstone_ore":19,"minecraft:blackstone":76,"minecraft:calcite":396,"minecraft:chest":6,"minecraft:mushroom_stem":4,"minecraft:nether_quartz_ore":39,"minecraft:cobblestone":907,"minecraft:birch_wood":2,"minecraft:oak_planks":2,"minecraft:wall_torch":28,"minecraft:deepslate_copper_ore":2,"minecraft:seagrass":1,"minecraft:nether_wart_block":2,"minecraft:lapis_block":6,"minecraft:tnt":13,"minecraft:oak_log":29,"minecraft:sand":50,"minecraft:dirt":456,"minecraft:netherrack":2011,"minecraft:ancient_debris":5,"minecraft:polished_deepslate_wall":3,"minecraft:oak_leaves":43,"minecraft:nether_gold_ore":28,"minecraft:tuff":273,"minecraft:dark_oak_leaves":3,"minecraft:deepslate_diamond_ore":49,"minecraft:candle":35,"minecraft:ladder":6,"minecraft:spruce_leaves":666,"minecraft:sandstone":1,"minecraft:large_fern":7,"minecraft:furnace":16,"minecraft:carrots":98,"minecraft:stripped_spruce_log":386,"minecraft:polished_deepslate":1,"minecraft:bookshelf":2,"minecraft:deepslate_iron_ore":36,"minecraft:shroomlight":1,"minecraft:lantern":10,"minecraft:oxidized_cut_copper_slab":1,"minecraft:stone":8890,"minecraft:flowering_azalea":13,"minecraft:basalt":371,"minecraft:spruce_door":1,"minecraft:crafting_table":74,"minecraft:sculk_sensor":41,"minecraft:lectern":53,"minecraft:lapis_ore":5,"minecraft:sculk":283,"minecraft:prismarine_bricks":23,"minecraft:spruce_stairs":94,"minecraft:gray_wool":491,"minecraft:sweet_berry_bush":20,"minecraft:ice":5,"minecraft:yellow_bed":1,"minecraft:coal_ore":364}},"DataVersion":3120}