{
  "type": "minecraft:jigsaw",
  "biomes": [
    "minecraft:plains",
    "minecraft:forest",
    "minecraft:birch_forest",
    "minecraft:dark_forest",
    "minecraft:savanna",
    "minecraft:savanna_plateau",
    "minecraft:meadow",
    "minecraft:desert"
  ],
  "max_distance_from_center": 100,
  "size": 7,
  "spawn_overrides": {},
  "start_height": {
    "type": "uniform",
    "min_inclusive": {
      "absolute": -45
    },
    "max_inclusive": {
      "absolute": -15
    }
  },
  "start_pool": "dohst:deepslate_dungeon/main",
  "step": "underground_structures",
  "terrain_adaptation": "bury",
  "use_expansion_hack": false
}