{
  "display": {
    "icon": {
      "item": "minecraft:cracked_deepslate_tiles"
    },
    "title": "a deepslate tower?",
    "description": "find an ancient tower",
    "background": "minecraft:cracked_deepslate_tiles",
    "frame": "goal",
    "show_toast": true,
    "announce_to_chat": true,
    "hidden": false
  },
  "parent": "dohst:root",
  "criteria": {
    "ancient_tower": {
      "trigger": "minecraft:location",
      "conditions": {
        "player": [
          {
            "condition": "minecraft:location_check",
            "predicate": {
              "structure": "dohst:ancient_tower"
            }
          }
        ]
      }
    }
  },
  "requirements": [
    [
      "ancient_tower"
    ]
  ],
  "rewards": {
    "experience": 20
  }
}