{
    "display":
    {
        "icon":
        {
            "item": "minecraft:deepslate_tiles"
        },
        "title":
        {
            "text": "Dohst packs",
            "color": "gray"
        },
        "description":
        {
            "text": "Dohst's datapacks",
            "color": "dark_gray"
        },
        "frame": "challenge",
        "show_toast": true,
        "announce_to_chat": false,
        "hidden": false,
        "background": "minecraft:textures/block/deepslate_tiles.png"
    },
    "criteria": 
    {
        "move": {
            "trigger": "minecraft:location",
            "conditions": {}
        }
    },
    "requirements": [
        ["move"]
    ]
}