{
    "processors": [
        {
            "processor_type": "rule",
              "rules": [
                  {
                      "input_predicate": {
                          "predicate_type": "random_block_match",
                          "block": "minecraft:deepslate_coal_ore",
                          "probability": 1
                      },
                      "output_state": {
                          "Name": "minecraft:deepslate_gold_ore"
                      },
                      "location_predicate": {
                          "predicate_type": "always_true"
                      }
                  }
              ]
        }
    ]
}