{
  "display": {
    "icon": {
      "item": "minecraft:netherrack"
    },
    "title": "Village in the nether!?",
    "description": "find a village in the nether wastes",
    "frame": "task",
    "show_toast": true,
    "announce_to_chat": true,
    "hidden": false
  },
  "parent": "dohst:nether_village/nether_village",
  "criteria": {
    "nether_village_wastes": {
      "trigger": "minecraft:location",
      "conditions": {
        "player": {
          "location": {
            "structure": "dohst:nether_village/nether_village_wastes"
          }
        }
      }
    }
  },
  "requirements": [
    [
      "nether_village_wastes"
    ]
  ],
  "rewards": {
    "experience": 250
  }
}