{
  "display": {
    "icon": {
      "item": "minecraft:crimson_stem"
    },
    "title": "nether villages!?",
    "description": "find a nether village",
    "frame": "goal",
    "show_toast": true,
    "announce_to_chat": false,
    "hidden": false
  },
  "parent": "dohst:root",
  "criteria": {
    "nether_village_wastes": {
      "trigger": "minecraft:location",
      "conditions": {
        "player": {
          "location": {
            "structure": "dohst:nether_village/nether_village_wastes"
          }
        }
      }
    },
    "nether_village_crimson": {
      "trigger": "minecraft:location",
      "conditions": {
        "player": {
          "location": {
            "structure": "dohst:nether_village/nether_village_crimson"
          }
        }
      }
    }
  },
  "requirements": [
    [
      "nether_village_wastes",
      "nether_village_crimson"
    ]
  ]
}