{
  "type": "minecraft:jigsaw",
  "biomes": "minecraft:nether_wastes",
  "step": "underground_structures",
  "spawn_overrides": {
    "monster": {
      "bounding_box": "full",
      "spawns": [
        {
          "type": "minecraft:piglin",
          "weight": 2,
          "minCount": 6,
          "maxCount": 12
        },
        {
          "type": "minecraft:piglin_brute",
          "weight": 1,
          "minCount": 2,
          "maxCount": 8
        },
        {
          "type": "minecraft:blaze",
          "weight": 1,
          "minCount": 4,
          "maxCount": 10
        },
        {
          "type": "minecraft:wither_skeleton",
          "weight": 2,
          "minCount": 5,
          "maxCount": 10
        }
    ]
  }
  },
  "terrain_adaptation": "beard_box",
  "start_pool": "dohst:nether_village/center",
  "size": 7,
  "start_height": {
    "type": "minecraft:uniform",
    "min_inclusive": {
      "absolute": 30
    },
    "max_inclusive": {
      "absolute": 100
    }
  },
  "max_distance_from_center": 100,
  "adapt_noise": true,
  "use_expansion_hack": true
}