{"stats":{"minecraft:custom":{"minecraft:time_since_rest":39526,"minecraft:sprint_one_cm":1898,"minecraft:damage_taken":195,"minecraft:walk_one_cm":283007,"minecraft:drop":4,"minecraft:interact_with_crafting_table":7,"minecraft:fly_one_cm":7036,"minecraft:open_chest":19,"minecraft:open_barrel":1,"minecraft:crouch_one_cm":117,"minecraft:play_time":104052,"minecraft:sneak_time":159,"minecraft:walk_under_water_one_cm":424,"minecraft:jump":689,"minecraft:interact_with_brewingstand":1,"minecraft:interact_with_stonecutter":1,"minecraft:leave_game":5,"minecraft:time_since_death":104052,"minecraft:walk_on_water_one_cm":4873,"minecraft:sleep_in_bed":5,"minecraft:total_world_time":104052,"minecraft:fall_one_cm":8458},"minecraft:dropped":{"minecraft:stone_axe":1,"minecraft:oak_sapling":2,"create:brass_casing":1,"create:andesite_alloy":1},"minecraft:used":{"framedblocks:framed_chest":2,"minecraft:apple":2,"minecraft:stone_shovel":1,"minecraft:bread":3,"minecraft:stone_pickaxe":1,"minecraft:oak_planks":1,"framedblocks:framed_sign":1,"framedblocks:framed_divided_stairs":4,"minecraft:deepslate":1,"minecraft:stone_axe":3,"minecraft:dirt":29,"minecraft:crafting_table":1,"minecraft:oak_sapling":3,"minecraft:spruce_log":1},"minecraft:picked_up":{"framedblocks:framed_divided_stairs":1,"minecraft:stick":13,"create:andesite_alloy":2,"minecraft:oak_log":4,"create:brass_casing":1,"minecraft:dirt":2,"framedblocks:framed_chest":1,"minecraft:apple":2,"create:brass_ingot":1,"minecraft:deepslate":6,"minecraft:stone_axe":1,"minecraft:cobbled_deepslate":1,"minecraft:spruce_planks":4,"minecraft:bread":6,"minecraft:oak_sapling":5,"minecraft:oak_planks":1,"minecraft:cobblestone":1},"minecraft:crafted":{"minecraft:oak_planks":24,"minecraft:stone_shovel":1,"framedblocks:framed_cube":16,"framedblocks:framed_divided_stairs":4,"minecraft:crafting_table":1,"minecraft:stick":16,"minecraft:stone_pickaxe":1,"minecraft:stone_sword":1,"framedblocks:framed_chest":1,"minecraft:stone_axe":1,"framedblocks:framed_sign":4},"minecraft:mined":{"framedblocks:framed_chest":1,"minecraft:grass":1,"minecraft:oak_log":4,"minecraft:dirt":1,"framedblocks:framed_divided_stairs":1,"minecraft:oak_planks":1,"minecraft:oak_leaves":11,"minecraft:deepslate":1}},"DataVersion":3465}