{"stats":{"minecraft:used":{"minecraft:beetroot":3,"minecraft:elytra":1,"minecraft:ladder":6,"minecraft:poppy":9,"minecraft:chest":3,"minecraft:player_head":1,"minecraft:mutton":13,"minecraft:cocoa_beans":1,"minecraft:jungle_planks":3,"minecraft:cyan_wool":38,"minecraft:obsidian":16,"minecraft:glass":185,"minecraft:birch_sapling":2,"minecraft:iron_helmet":1,"minecraft:dark_oak_leaves":2,"create:millstone":2,"minecraft:item_frame":4,"minecraft:sweet_berries":2,"minecraft:oak_sapling":1,"minecraft:egg":29,"minecraft:potato":36,"create:copper_diving_boots":1,"minecraft:end_stone_bricks":1,"framedblocks:framed_door":10,"minecraft:stone_pickaxe":40,"minecraft:gray_carpet":20,"minecraft:chorus_fruit":13,"minecraft:oak_planks":5,"create:crimsite":2,"minecraft:wooden_pickaxe":3,"minecraft:sandstone":4,"framedblocks:framed_flower_pot":1,"create:copper_diving_helmet":1,"minecraft:jungle_boat":2,"minecraft:oak_leaves":14,"minecraft:white_wool":1,"minecraft:golden_apple":2,"minecraft:glow_berries":11,"minecraft:sand":79,"minecraft:loom":1,"minecraft:black_banner":1,"minecraft:end_stone":1,"minecraft:shears":36,"sophisticatedbackpacks:backpack":9,"minecraft:cyan_carpet":8,"minecraft:melon_slice":9,"minecraft:lime_carpet":9,"create:copper_backtank":12,"minecraft:bread":98,"minecraft:cyan_bed":3,"minecraft:brown_wool":1,"minecraft:dark_oak_log":20,"minecraft:diamond_sword":5,"minecraft:flint_and_steel":1,"minecraft:carved_pumpkin":1,"create:veridium":1,"framedblocks:framed_stairs":4,"minecraft:spruce_planks":198,"create:cuckoo_clock":3,"minecraft:dirt":1,"minecraft:spruce_stairs":110,"minecraft:shulker_box":7,"minecraft:glow_lichen":94,"minecraft:purple_banner":4,"minecraft:wooden_axe":44,"minecraft:rooted_dirt":1,"minecraft:golden_carrot":3,"minecraft:beef":12,"minecraft:cooked_beef":5,"minecraft:cobbled_deepslate":146,"framedblocks:framed_trapdoor":22,"minecraft:iron_leggings":1,"minecraft:yellow_banner":11,"minecraft:cooked_mutton":2,"minecraft:water_bucket":13,"minecraft:rabbit":1,"minecraft:birch_planks":3,"minecraft:lead":3,"minecraft:baked_potato":25,"minecraft:glow_item_frame":2,"minecraft:vine":12,"minecraft:crafting_table":2,"minecraft:dead_fire_coral_block":1,"minecraft:white_bed":1,"minecraft:spruce_log":37,"minecraft:diamond_pickaxe":8,"minecraft:black_wool":2,"minecraft:apple":145,"minecraft:chicken":2,"minecraft:iron_pickaxe":119,"create:water_wheel":11,"minecraft:spruce_sapling":3,"minecraft:stone_axe":76,"minecraft:magenta_banner":2,"minecraft:green_carpet":13,"minecraft:porkchop":11,"minecraft:red_banner":3,"minecraft:bucket":13,"minecraft:glass_pane":24},"minecraft:mined":{"minecraft:spruce_planks":41,"minecraft:white_bed":1,"minecraft:magenta_banner":2,"create:andesite_casing":2,"minecraft:carved_pumpkin":1,"minecraft:obsidian":7,"minecraft:cave_vines_plant":6,"minecraft:grass_block":1,"minecraft:brown_wool":1,"minecraft:jungle_log":2,"minecraft:iron_ore":5,"minecraft:cobbled_deepslate":37,"minecraft:fire":8,"minecraft:cave_vines":5,"create:veridium":3,"framedblocks:framed_trapdoor":2,"minecraft:blue_wall_banner":4,"minecraft:cut_sandstone":2,"framedblocks:framed_door":5,"minecraft:poppy":12,"minecraft:chest":2,"minecraft:dead_bush":1,"minecraft:glass":6,"minecraft:cyan_bed":1,"minecraft:sugar_cane":23,"minecraft:oak_planks":4,"create:cuckoo_clock":2,"minecraft:seagrass":1,"minecraft:cyan_wool":12,"minecraft:blue_terracotta":1,"minecraft:birch_log":13,"minecraft:purple_banner":2,"minecraft:orange_tulip":4,"minecraft:grass":26,"minecraft:oak_log":6,"minecraft:loom":2,"minecraft:sand":355,"minecraft:tripwire_hook":1,"create:crimsite":31,"minecraft:oak_leaves":23,"create:zinc_ore":6,"minecraft:yellow_terracotta":2,"create:copper_backtank":8,"minecraft:yellow_wall_banner":15,"create:millstone":2,"minecraft:dark_oak_leaves":8,"minecraft:dark_oak_log":20,"minecraft:shulker_box":7,"minecraft:end_stone":1,"minecraft:glow_lichen":107,"minecraft:ladder":1,"minecraft:allium":15,"minecraft:black_banner":1,"minecraft:jungle_planks":3,"minecraft:spruce_leaves":17,"minecraft:red_mushroom":6,"minecraft:sandstone":3,"minecraft:rooted_dirt":1,"minecraft:large_fern":1,"minecraft:spore_blossom":1,"minecraft:andesite":4,"minecraft:stripped_spruce_log":5,"minecraft:peony":1,"minecraft:vine":14,"minecraft:chorus_plant":1,"minecraft:stone":4,"minecraft:white_tulip":3,"sophisticatedbackpacks:backpack":6,"minecraft:fire_coral_block":1,"minecraft:glass_pane":2,"minecraft:crafting_table":1,"minecraft:cornflower":26,"minecraft:purple_wall_banner":1,"framedblocks:framed_flower_pot":1,"minecraft:rose_bush":8,"create:water_wheel":9,"minecraft:tall_grass":1,"minecraft:copper_ore":10,"minecraft:spruce_stairs":42,"minecraft:birch_planks":1,"minecraft:cactus":10,"minecraft:spruce_log":122,"minecraft:birch_leaves":2,"minecraft:red_wall_banner":3,"minecraft:black_wool":2,"minecraft:cocoa":1,"minecraft:cyan_carpet":1,"minecraft:gray_carpet":4,"minecraft:small_dripleaf":1,"minecraft:fern":2},"minecraft:dropped":{"minecraft:birch_planks":1,"minecraft:oak_log":107,"minecraft:chorus_fruit":1,"minecraft:saddle":1,"minecraft:red_mushroom":5,"minecraft:red_carpet":1,"minecraft:flint":171,"minecraft:dirt":192,"minecraft:cornflower":3,"minecraft:sand":42,"minecraft:iron_pickaxe":1,"minecraft:birch_log":5,"minecraft:gravel":64,"minecraft:sugar_cane":25,"minecraft:iron_nugget":83,"minecraft:cobbled_deepslate":1,"minecraft:birch_sapling":2,"minecraft:soul_lantern":2,"sophisticatedbackpacks:diamond_backpack":1,"minecraft:shulker_shell":1,"minecraft:ladder":1,"minecraft:glass":63,"create:andesite_alloy":2,"minecraft:egg":1,"minecraft:iron_ingot":2,"minecraft:vine":1,"minecraft:wheat_seeds":1,"minecraft:cobblestone":7,"minecraft:apple":4,"minecraft:copper_ingot":7,"minecraft:stick":17,"minecraft:dark_oak_leaves":2,"minecraft:cactus":1,"minecraft:string":4,"minecraft:gray_carpet":1,"minecraft:bricks":4,"minecraft:cocoa_beans":2,"minecraft:iron_boots":1,"sophisticatedbackpacks:backpack":1,"minecraft:glow_lichen":4,"minecraft:shulker_box":1,"minecraft:potato":8,"minecraft:allium":4,"minecraft:spruce_planks":1,"create_enchantment_industry:ink_bucket":1,"minecraft:dragon_egg":1,"minecraft:oak_sapling":45,"minecraft:black_wool":2},"minecraft:custom":{"minecraft:animals_bred":1,"minecraft:interact_with_crafting_table":157,"minecraft:open_barrel":19,"minecraft:open_shulker_box":15,"minecraft:bell_ring":40,"minecraft:leave_game":43,"minecraft:time_since_death":1256721,"minecraft:sprint_one_cm":2790974,"minecraft:drop":413,"minecraft:talked_to_villager":31,"minecraft:play_time":1256721,"minecraft:jump":17252,"minecraft:interact_with_brewingstand":1,"minecraft:walk_on_water_one_cm":160859,"minecraft:interact_with_furnace":150,"minecraft:traded_with_villager":1,"minecraft:interact_with_loom":4,"minecraft:sleep_in_bed":50,"minecraft:open_enderchest":1,"minecraft:damage_dealt":1260,"minecraft:crouch_one_cm":114418,"minecraft:horse_one_cm":418958,"minecraft:interact_with_anvil":1,"minecraft:mob_kills":15,"minecraft:inspect_hopper":2,"minecraft:climb_one_cm":62689,"minecraft:walk_one_cm":1571122,"minecraft:sneak_time":48041,"minecraft:walk_under_water_one_cm":258943,"minecraft:boat_one_cm":270180,"minecraft:total_world_time":1256721,"minecraft:pot_flower":1,"minecraft:interact_with_grindstone":2,"minecraft:interact_with_stonecutter":8,"minecraft:time_since_rest":8011,"minecraft:damage_taken":6720,"minecraft:swim_one_cm":592219,"minecraft:fly_one_cm":3486347,"minecraft:open_chest":520,"minecraft:aviate_one_cm":228517,"minecraft:fall_one_cm":436848},"minecraft:broken":{"minecraft:stone_axe":1,"minecraft:wooden_axe":1},"minecraft:picked_up":{"minecraft:shulker_shell":3,"framedblocks:framed_door":7,"minecraft:lead":9,"minecraft:diamond_sword":1,"minecraft:enchanted_book":6,"create:copper_diving_boots":1,"minecraft:string":1,"minecraft:raw_copper":35,"create:limestone":4,"minecraft:purple_banner":6,"create:water_wheel":10,"minecraft:cobbled_deepslate":38,"minecraft:bucket":1,"minecraft:dark_oak_leaves":7,"minecraft:spruce_planks":45,"minecraft:eye_armor_trim_smithing_template":6,"minecraft:white_tulip":3,"minecraft:rose_bush":8,"minecraft:azalea":1,"minecraft:iron_pickaxe":2,"minecraft:melon_slice":7,"minecraft:iron_boots":1,"minecraft:stick":48,"create:andesite_casing":2,"minecraft:spruce_stairs":42,"minecraft:porkchop":4,"minecraft:vine":13,"minecraft:yellow_banner":15,"minecraft:cactus":22,"framedblocks:framed_flower_pot":1,"create_enchantment_industry:ink_bucket":1,"minecraft:carved_pumpkin":2,"create:veridium":4,"minecraft:obsidian":18,"minecraft:cobblestone":10,"minecraft:birch_log":13,"minecraft:dune_armor_trim_smithing_template":6,"minecraft:feather":1,"minecraft:andesite":13,"minecraft:jungle_log":2,"minecraft:brown_wool":4,"minecraft:potato":8,"minecraft:flint":171,"create:raw_zinc":6,"minecraft:lapis_lazuli":3,"minecraft:dirt":193,"minecraft:glass":52,"minecraft:orange_tulip":5,"minecraft:wheat_seeds":2,"minecraft:light_blue_dye":1,"minecraft:rabbit":1,"minecraft:oak_planks":6,"minecraft:glow_lichen":129,"create:cuckoo_clock":2,"minecraft:jungle_planks":3,"minecraft:sand":455,"minecraft:stripped_spruce_log":5,"minecraft:loom":2,"minecraft:cyan_bed":1,"minecraft:dark_oak_log":20,"minecraft:shulker_box":8,"create:crimsite":60,"minecraft:diamond":10,"minecraft:soul_lantern":2,"minecraft:bone_meal":1,"minecraft:golden_horse_armor":1,"minecraft:blue_banner":4,"minecraft:rooted_dirt":1,"minecraft:chorus_fruit":22,"minecraft:oak_sapling":46,"minecraft:netherrack":2,"minecraft:bricks":4,"minecraft:oak_leaves":14,"minecraft:end_stone_bricks":1,"minecraft:cocoa_beans":3,"minecraft:crafting_table":1,"minecraft:allium":27,"minecraft:ladder":2,"minecraft:chicken":3,"minecraft:leather_leggings":2,"minecraft:cornflower":29,"minecraft:elytra":1,"minecraft:moss_carpet":1,"minecraft:cyan_carpet":5,"minecraft:beef":5,"minecraft:cyan_wool":12,"minecraft:player_head":1,"minecraft:iron_nugget":98,"minecraft:poppy":12,"minecraft:birch_sapling":4,"minecraft:chest":2,"minecraft:sugar_cane":58,"minecraft:egg":30,"minecraft:end_stone":1,"minecraft:raw_iron":4,"minecraft:sandstone":4,"minecraft:glow_item_frame":1,"sophisticatedbackpacks:backpack":8,"create:copper_backtank":9,"minecraft:redstone":1,"framedblocks:framed_trapdoor":2,"minecraft:peony":1,"minecraft:shears":1,"minecraft:black_banner":1,"minecraft:saddle":2,"minecraft:glow_berries":7,"minecraft:mutton":7,"minecraft:white_wool":79,"minecraft:jungle_boat":1,"minecraft:purple_dye":11,"minecraft:tripwire_hook":1,"minecraft:magenta_banner":2,"minecraft:leather":3,"minecraft:red_mushroom":5,"minecraft:birch_planks":1,"minecraft:oak_log":113,"create:andesite_alloy":4,"minecraft:red_carpet":1,"minecraft:apple":16,"minecraft:gray_carpet":6,"minecraft:spore_blossom":1,"minecraft:rabbit_hide":1,"minecraft:iron_ingot":1,"sophisticatedbackpacks:diamond_backpack":1,"minecraft:book":6,"minecraft:gravel":64,"minecraft:dead_fire_coral_block":1,"minecraft:spruce_sapling":29,"minecraft:red_banner":3,"minecraft:white_bed":1,"minecraft:spruce_log":123,"minecraft:dragon_egg":1,"create:copper_diving_helmet":1,"create:millstone":1,"minecraft:stone_axe":1,"minecraft:gray_wool":1,"minecraft:black_wool":5},"minecraft:killed":{"minecraft:skeleton":1,"minecraft:chicken":3,"minecraft:pig":2,"minecraft:sheep":6,"minecraft:zombie":1,"minecraft:cow":2},"minecraft:crafted":{"minecraft:black_dye":1,"minecraft:oak_planks":16,"create:copper_diving_boots":1,"minecraft:magenta_banner":1,"minecraft:shulker_box":1,"minecraft:cooked_mutton":2,"minecraft:green_dye":27,"minecraft:glass":16,"framedblocks:framed_divided_slab":2,"minecraft:iron_boots":1,"minecraft:chest":5,"minecraft:copper_block":1,"create:cuckoo_clock":1,"minecraft:magenta_dye":8,"create:cogwheel":1,"minecraft:name_tag":1,"framedblocks:framed_stairs":4,"sophisticatedbackpacks:backpack":3,"minecraft:crafting_table":2,"minecraft:spruce_planks":287,"minecraft:jungle_boat":1,"minecraft:iron_helmet":1,"minecraft:wooden_pickaxe":1,"minecraft:baked_potato":25,"minecraft:clock":1,"minecraft:copper_ingot":19,"minecraft:purple_banner":1,"minecraft:birch_planks":20,"minecraft:string":20,"minecraft:diamond_pickaxe":1,"minecraft:iron_chestplate":1,"minecraft:paper":3,"minecraft:charcoal":1,"minecraft:purple_dye":18,"create:water_wheel":1,"minecraft:stick":69,"minecraft:iron_ingot":9,"minecraft:iron_pickaxe":1,"minecraft:gold_ingot":6,"minecraft:light_gray_dye":3,"minecraft:cyan_carpet":3,"minecraft:green_carpet":8,"framedblocks:framed_trapdoor":20,"minecraft:cyan_wool":39,"minecraft:shears":1,"minecraft:purple_wool":6,"minecraft:magenta_wool":6,"minecraft:iron_nugget":18,"minecraft:player_head":8,"create:copper_backtank":1,"minecraft:white_carpet":12,"minecraft:glass_pane":32,"framedblocks:framed_flower_pot":4,"minecraft:spruce_stairs":72,"minecraft:ladder":24,"create:millstone":1,"minecraft:stone_pickaxe":1,"minecraft:red_dye":19,"create:andesite_alloy":6,"minecraft:cyan_dye":40,"framedblocks:framed_door":4,"minecraft:cyan_bed":2,"create:goggles":1,"minecraft:bucket":2,"minecraft:orange_dye":1,"minecraft:bread":27,"minecraft:air":0,"minecraft:jungle_planks":8,"minecraft:blue_dye":29,"framedblocks:framed_cube":16,"minecraft:white_dye":1,"minecraft:wooden_axe":1,"minecraft:iron_leggings":1,"create:shaft":8,"create:copper_diving_helmet":1,"create:zinc_ingot":3,"framedblocks:framed_button":8,"minecraft:trapped_chest":1}},"DataVersion":3465}