{"stats":{"minecraft:killed_by":{"minecraft:ender_dragon":2,"minecraft:zombified_piglin":1,"minecraft:skeleton":1},"minecraft:used":{"create:deployer":81,"minecraft:spruce_slab":119,"minecraft:ladder":7,"minecraft:chest":58,"minecraft:stone":611,"framedblocks:framed_double_stairs":1,"create:fluid_tank":19,"minecraft:soul_sand":2,"create:white_sail":9,"create:mechanical_crafter":57,"create:depot":27,"minecraft:stripped_spruce_log":4,"minecraft:spruce_boat":2,"create:controls":13,"minecraft:lava_bucket":78,"minecraft:stripped_dark_oak_wood":5,"creategoggles:goggle_iron_helmet":8,"minecraft:grass_block":301,"minecraft:birch_sapling":25,"minecraft:dark_oak_slab":3,"framedblocks:framed_panel":259,"create:andesite_funnel":19,"create:steam_engine":3,"minecraft:bow":24,"minecraft:furnace":8,"create:shaft":141,"create:polished_cut_calcite":53,"create:rotation_speed_controller":3,"minecraft:oak_sapling":8,"minecraft:egg":5,"minecraft:potato":4,"minecraft:light_blue_carpet":9,"minecraft:damaged_anvil":1,"minecraft:end_stone_bricks":6,"minecraft:stripped_birch_log":88,"minecraft:blackstone":3,"minecraft:cactus":4,"create:crimsite":3,"minecraft:wooden_pickaxe":59,"minecraft:black_glazed_terracotta":3,"minecraft:clay":2,"minecraft:purpur_pillar":12,"create:spout":8,"create:cut_tuff_bricks":32,"minecraft:sand":6,"minecraft:blast_furnace":1,"minecraft:gray_concrete":1,"framedblocks:framing_saw":2,"minecraft:deepslate_brick_stairs":60,"minecraft:deepslate_tiles":21,"create:display_link":18,"create:copper_backtank":22,"minecraft:chiseled_sandstone":22,"minecraft:birch_slab":113,"create:green_seat":2,"minecraft:lectern":5,"minecraft:diamond_sword":122,"create:basin":7,"minecraft:smithing_table":2,"minecraft:birch_log":181,"minecraft:oak_boat":2,"create_enchantment_industry:disenchanter":19,"minecraft:iron_bars":1,"create:weighted_ejector":4,"minecraft:stone_sword":262,"minecraft:enchanting_table":2,"create:schematic_table":6,"minecraft:red_concrete":5,"framedblocks:framed_slab":155,"create:vertical_framed_glass_pane":45,"create:cuckoo_clock":5,"create:polished_cut_tuff":16,"minecraft:netherrack":282,"minecraft:torch":48,"minecraft:brewing_stand":1,"minecraft:anvil":1,"minecraft:fern":1,"create:wrench":1388,"create:gearbox":21,"framedblocks:framed_vertical_double_stairs":2,"minecraft:barrel":5,"create:encased_chain_drive":85,"minecraft:beef":2,"framedblocks:framed_divided_panel_vertical":1,"create:fluid_pipe":27,"minecraft:cobbled_deepslate":294,"create:belt_connector":34,"sophisticatedbackpacks:gold_backpack":2,"minecraft:water_bucket":266,"minecraft:sandstone_stairs":3,"minecraft:birch_planks":3,"framedblocks:framed_slope":6,"minecraft:smooth_sandstone_slab":47,"minecraft:fletching_table":2,"minecraft:deepslate_bricks":21,"create:blaze_burner":9,"minecraft:rail":261,"create:encased_fan":14,"minecraft:crafting_table":6,"minecraft:white_bed":4,"minecraft:campfire":1,"create:filter":1,"minecraft:spruce_log":69,"minecraft:oak_log":152,"create:track":173,"minecraft:diamond_pickaxe":5088,"minecraft:diamond_shovel":1459,"minecraft:iron_pickaxe":637,"create:water_wheel":4,"create_enchantment_industry:ink_bucket":9,"minecraft:spruce_trapdoor":9,"create:mechanical_arm":5,"minecraft:spruce_sapling":2,"minecraft:green_carpet":12,"minecraft:enchanted_book":4,"minecraft:cobblestone":158,"minecraft:cooked_porkchop":1,"minecraft:glass_pane":14,"create:clutch":5,"minecraft:stripped_oak_log":1,"create:redstone_link":10,"minecraft:polished_deepslate":67,"framedblocks:framed_torch":13,"create:portable_storage_interface":6,"minecraft:iron_sword":250,"create:haunted_bell":3,"minecraft:player_head":2,"minecraft:smooth_sandstone_stairs":394,"create:railway_casing":2,"create:mechanical_bearing":1,"minecraft:iron_chestplate":11,"minecraft:mutton":3,"create:cogwheel":299,"minecraft:carrot":1,"minecraft:tuff":60,"minecraft:obsidian":13,"minecraft:polished_deepslate_stairs":80,"minecraft:milk_bucket":1,"create:mechanical_roller":2,"minecraft:glass":123,"create_enchantment_industry:printer":3,"sophisticatedbackpacks:diamond_backpack":2,"minecraft:cyan_terracotta":1,"minecraft:bricks":532,"minecraft:lantern":5,"minecraft:iron_helmet":1,"create:scoria":1,"minecraft:dark_oak_wood":12,"create:millstone":3,"minecraft:golden_sword":2,"minecraft:red_carpet":4,"create:linked_controller":4,"minecraft:scaffolding":118,"minecraft:written_book":145,"create:mechanical_drill":9,"create:copper_diving_boots":3,"minecraft:stripped_spruce_wood":5,"minecraft:dark_oak_sapling":4,"minecraft:golden_boots":5,"minecraft:dark_oak_stairs":4,"create:schedule":1,"minecraft:diamond_boots":1,"minecraft:stone_pickaxe":1976,"minecraft:gray_carpet":9,"create:small_tuff_bricks":16,"create:crushing_wheel":17,"framedblocks:framed_door":5,"minecraft:birch_wood":4,"minecraft:oak_planks":130,"minecraft:ender_pearl":1,"minecraft:sandstone":4,"minecraft:sugar_cane":6,"minecraft:diamond_axe":1128,"create:copper_diving_helmet":9,"framedblocks:framed_divided_slab":2,"create:mechanical_saw":49,"create:track_station":32,"minecraft:black_banner":2,"minecraft:light_gray_terracotta":3,"minecraft:yellow_concrete":2,"minecraft:end_stone":6,"minecraft:shears":80,"minecraft:cobbled_deepslate_stairs":60,"minecraft:lever":3,"sophisticatedbackpacks:backpack":7,"minecraft:melon_slice":22,"minecraft:lime_carpet":8,"minecraft:bread":84,"minecraft:dark_oak_log":165,"minecraft:light_gray_concrete":3,"create:cut_andesite_bricks":174,"create:andesite_casing":5,"framedblocks:framed_divided_stairs":12,"minecraft:gravel":1473,"create:white_seat":3,"create:track_signal":2,"minecraft:grindstone":6,"minecraft:andesite":1,"create:framed_glass_door":3,"create:clipboard":1,"create:vertical_gearbox":29,"create:stressometer":3,"minecraft:chain":3,"minecraft:bone_meal":5,"minecraft:smooth_stone_slab":1144,"minecraft:purpur_block":18,"create:large_cogwheel":76,"framedblocks:framed_fence":13,"sophisticatedbackpacks:iron_backpack":7,"minecraft:flint_and_steel":20,"create:item_vault":26,"minecraft:stone_shovel":394,"minecraft:redstone":2,"minecraft:spruce_planks":185,"framedblocks:framed_stairs":54,"minecraft:stripped_birch_wood":8,"framedblocks:framed_double_half_slope":1,"create:mechanical_pump":20,"minecraft:dirt":607,"minecraft:hopper":1,"create:mechanical_mixer":2,"minecraft:spruce_stairs":19,"create:copycat_panel":42,"minecraft:shulker_box":8,"minecraft:oak_wood":18,"minecraft:spruce_fence":3,"minecraft:purple_banner":2,"create:smart_chute":1,"create:chute":12,"minecraft:wooden_axe":52,"minecraft:bookshelf":56,"minecraft:smooth_sandstone":1063,"minecraft:iron_boots":4,"minecraft:black_stained_glass":25,"minecraft:deepslate_tile_stairs":62,"create:tiled_glass_pane":19,"minecraft:cooked_beef":36,"create:gearshift":1,"framedblocks:framed_trapdoor":37,"minecraft:pumpkin":1,"minecraft:iron_leggings":3,"create_enchantment_industry:enchanting_guide":2,"minecraft:cooked_mutton":6,"minecraft:cobblestone_stairs":18,"minecraft:cut_sandstone":1,"minecraft:magenta_stained_glass":1,"minecraft:stonecutter":3,"minecraft:stripped_dark_oak_log":13,"create:brass_funnel":7,"create:cut_crimsite_bricks":120,"create:schematicannon":6,"minecraft:painting":7,"create:linear_chassis":8,"minecraft:apple":436,"create:mechanical_press":14,"create:windmill_bearing":3,"minecraft:stone_slab":4,"create:large_water_wheel":18,"minecraft:stone_axe":1067,"minecraft:magenta_banner":2,"minecraft:bucket":358,"create:hand_crank":101,"create:display_board":2,"minecraft:smooth_stone":437},"minecraft:mined":{"minecraft:dragon_wall_head":2,"minecraft:white_bed":3,"create:andesite_casing":47,"framedblocks:framed_divided_slope":1,"minecraft:light_blue_carpet":13,"minecraft:obsidian":20,"minecraft:carved_pumpkin":2,"minecraft:acacia_log":8,"minecraft:jungle_log":1,"minecraft:orange_candle":2,"minecraft:deepslate_bricks":1,"minecraft:purpur_slab":1,"minecraft:deepslate_tile_stairs":5,"create:belt":1,"minecraft:tall_seagrass":1,"minecraft:magma_block":11,"minecraft:cobbled_deepslate":69,"minecraft:barrel":3,"minecraft:fire":17,"minecraft:pumpkin":4,"minecraft:deepslate_lapis_ore":5,"minecraft:fletching_table":1,"minecraft:stripped_dark_oak_wood":5,"minecraft:enchanting_table":1,"minecraft:water_cauldron":2,"minecraft:dirt_path":1,"minecraft:light_gray_concrete":7,"minecraft:deepslate_brick_stairs":2,"minecraft:green_carpet":22,"minecraft:pink_tulip":1,"minecraft:smooth_sandstone_stairs":29,"create:limestone":56,"create:cogwheel":33,"minecraft:cut_sandstone":1,"minecraft:kelp_plant":41,"minecraft:crimson_nylium":2,"minecraft:soul_fire":8,"minecraft:dark_oak_wood":2,"minecraft:melon":5,"create:scoria":1,"minecraft:dead_bush":2,"minecraft:glass":3,"minecraft:damaged_anvil":1,"minecraft:sugar_cane":1313,"minecraft:bricks":212,"minecraft:smooth_sandstone_slab":2,"framedblocks:framed_double_half_slope":1,"minecraft:cyan_wool":6,"create:portable_storage_interface":1,"minecraft:mud":6,"sophisticatedbackpacks:diamond_backpack":2,"minecraft:purple_banner":1,"create:copycat_panel":5,"minecraft:grass":51,"create:vertical_framed_glass_pane":13,"create:hand_crank":26,"minecraft:sandstone_wall":1,"minecraft:stonecutter":2,"minecraft:deepslate":1234,"create:zinc_ore":71,"framedblocks:framed_divided_panel_vertical":1,"minecraft:mossy_cobblestone":5,"minecraft:stripped_birch_log":101,"minecraft:dark_oak_log":169,"minecraft:sea_lantern":1,"minecraft:end_stone":6,"minecraft:shulker_box":8,"minecraft:crimson_roots":1,"minecraft:moss_block":1,"minecraft:kelp":4,"create:shaft":7,"minecraft:suspicious_sand":1,"minecraft:andesite":557,"minecraft:rail":258,"create:chute":2,"create:deployer":6,"minecraft:bamboo":2,"create:andesite_encased_large_cogwheel":5,"minecraft:ender_chest":1,"create:polished_cut_calcite":8,"minecraft:white_wool":44,"create:white_seat":3,"minecraft:gray_concrete":1,"minecraft:soul_sand":26,"minecraft:lily_of_the_valley":3,"framedblocks:framed_double_slab":2,"minecraft:dandelion":1,"minecraft:smooth_sandstone":205,"create:small_tuff_bricks":1,"create:framed_glass_door":1,"framedblocks:framed_double_panel":2,"create:water_wheel":4,"minecraft:campfire":3,"minecraft:copper_ore":55,"minecraft:purpur_pillar":20,"minecraft:tall_grass":1,"minecraft:deepslate_gold_ore":7,"create:mechanical_saw":21,"minecraft:purple_bed":1,"create:green_seat":2,"minecraft:stripped_spruce_wood":1,"create:gearbox":3,"minecraft:spruce_log":101,"minecraft:birch_leaves":18,"minecraft:light_blue_candle":1,"minecraft:gravel":168,"minecraft:dripstone_block":8,"minecraft:stone_bricks":1,"create:andesite_funnel":1,"minecraft:fern":13,"create:deepslate_zinc_ore":20,"minecraft:spruce_planks":43,"create:tiled_glass_pane":4,"minecraft:oak_sapling":50,"minecraft:cobbled_deepslate_stairs":5,"minecraft:magenta_banner":1,"minecraft:cobblestone_stairs":12,"sophisticatedbackpacks:gold_backpack":2,"create:cut_crimsite_bricks":15,"minecraft:brewing_stand":1,"minecraft:spruce_trapdoor":4,"minecraft:grass_block":952,"sophisticatedbackpacks:iron_backpack":7,"minecraft:sandstone_stairs":5,"framedblocks:framed_fence":8,"minecraft:smooth_stone":70,"framedblocks:framed_slope":2,"framedblocks:framing_saw":1,"minecraft:iron_ore":88,"minecraft:anvil":1,"minecraft:dark_oak_stairs":4,"minecraft:flowering_azalea_leaves":1,"minecraft:iron_bars":1,"minecraft:azalea_leaves":6,"minecraft:end_stone_bricks":4,"minecraft:spruce_slab":44,"framedblocks:framed_trapdoor":12,"minecraft:deepslate_redstone_ore":44,"framedblocks:framed_door":4,"minecraft:cyan_terracotta":1,"minecraft:blackstone":30,"minecraft:polished_deepslate_stairs":2,"minecraft:melon_stem":1,"create:schematicannon":5,"minecraft:purpur_stairs":3,"minecraft:soul_lantern":1,"minecraft:clay":42,"minecraft:light_gray_terracotta":7,"minecraft:calcite":25,"minecraft:chest":29,"create:brass_casing":1,"minecraft:cobblestone":63,"minecraft:nether_quartz_ore":106,"railways:doubleaxle_bogey":1,"minecraft:grindstone":6,"minecraft:oak_planks":66,"minecraft:wall_torch":5,"minecraft:deepslate_copper_ore":9,"minecraft:seagrass":2,"minecraft:dark_oak_slab":3,"minecraft:yellow_wool":6,"minecraft:birch_log":154,"minecraft:purpur_block":33,"minecraft:orange_tulip":1,"minecraft:smooth_stone_slab":72,"minecraft:oak_log":397,"create:polished_cut_tuff":1,"minecraft:dirt":709,"minecraft:sand":54,"minecraft:tripwire_hook":1,"minecraft:oak_leaves":191,"minecraft:netherrack":1512,"minecraft:ancient_debris":2,"create:crimsite":404,"minecraft:cyan_candle":1,"framedblocks:framed_slab":29,"create:andesite_encased_cogwheel":1,"minecraft:nether_gold_ore":51,"minecraft:tube_coral":1,"framedblocks:framed_panel":18,"minecraft:tuff":235,"minecraft:red_carpet":12,"minecraft:candle":4,"minecraft:dark_oak_leaves":5,"minecraft:deepslate_diamond_ore":18,"minecraft:ladder":4,"minecraft:black_banner":1,"create:large_cogwheel":13,"minecraft:yellow_candle":2,"create:depot":1,"create:ochrum":2,"minecraft:birch_slab":13,"minecraft:spruce_leaves":23,"minecraft:sandstone":11,"minecraft:large_fern":6,"minecraft:hay_block":23,"minecraft:spruce_sapling":1,"minecraft:furnace":6,"minecraft:carrots":1,"minecraft:black_glazed_terracotta":22,"minecraft:chiseled_sandstone":2,"create:white_sail":9,"framedblocks:framed_wall_torch":1,"minecraft:stripped_spruce_log":13,"create:windmill_bearing":3,"minecraft:peony":14,"create:cut_andesite_bricks":55,"minecraft:polished_deepslate":34,"minecraft:bookshelf":54,"minecraft:deepslate_iron_ore":14,"minecraft:stripped_oak_log":1,"minecraft:stone":1556,"sophisticatedbackpacks:backpack":6,"minecraft:scaffolding":42,"minecraft:red_wool":12,"minecraft:magenta_stained_glass":1,"minecraft:stripped_dark_oak_log":17,"create:track":2,"minecraft:crafting_table":4,"create:haunted_bell":3,"minecraft:oak_wood":18,"minecraft:rose_bush":2,"minecraft:lime_carpet":14,"minecraft:lectern":5,"minecraft:stone_slab":12,"minecraft:lapis_ore":18,"minecraft:red_concrete":5,"create:cut_tuff_bricks":6,"minecraft:spruce_stairs":8,"create:schematic_table":6,"minecraft:birch_planks":5,"minecraft:cactus":7,"create_enchantment_industry:disenchanter":1,"framedblocks:framed_double_stairs":1,"minecraft:ice":1,"minecraft:coal_ore":58,"minecraft:end_rod":10,"minecraft:yellow_concrete":1,"minecraft:cyan_carpet":1,"minecraft:gray_carpet":32,"minecraft:cracked_stone_bricks":1,"create:andesite_encased_shaft":2},"minecraft:dropped":{"minecraft:lapis_lazuli":3,"create:large_water_wheel":3,"minecraft:leather_helmet":1,"minecraft:dirt":338,"create:copper_backtank":1,"minecraft:stripped_dark_oak_wood":3,"minecraft:gold_nugget":293,"minecraft:bone_meal":2,"minecraft:sand":2608,"minecraft:sugar":12,"minecraft:stone_axe":1,"minecraft:sugar_cane":3,"minecraft:iron_nugget":259,"minecraft:cobbled_deepslate":33,"minecraft:wheat":2,"minecraft:obsidian":27,"minecraft:stripped_dark_oak_log":4,"minecraft:rotten_flesh":5,"minecraft:oak_planks":1,"create:limestone":4,"minecraft:leather_leggings":1,"minecraft:white_dye":4,"minecraft:spruce_slab":9,"minecraft:glass":106,"minecraft:egg":6,"minecraft:iron_ingot":83,"minecraft:black_dye":9,"minecraft:wheat_seeds":7,"minecraft:prismarine_crystals":2,"minecraft:cobblestone":4793,"minecraft:apple":1,"minecraft:yellow_concrete_powder":8,"minecraft:player_head":1,"minecraft:experience_bottle":37,"minecraft:clay_ball":361,"sophisticatedbackpacks:backpack":6,"create:mechanical_pump":2,"minecraft:lily_of_the_valley":3,"minecraft:diamond_sword":1,"minecraft:stone":710,"minecraft:allium":2,"create:zinc_ingot":102,"minecraft:spruce_planks":6,"create_enchantment_industry:ink_bucket":1,"minecraft:diamond_pickaxe":3,"create:hand_crank":1,"minecraft:carved_pumpkin":1,"minecraft:stone_bricks":1,"minecraft:sandstone":1716,"minecraft:bow":2,"create:brass_casing":1,"create:belt_connector":10,"minecraft:soul_sand":448,"minecraft:oak_log":11,"minecraft:flint":18,"minecraft:cobblestone_stairs":1,"create:fluid_pipe":2,"minecraft:gold_ingot":5,"create:crushing_wheel":1,"minecraft:gravel":10735,"minecraft:sandstone_wall":1,"minecraft:shulker_shell":2,"create:brass_ingot":1,"minecraft:arrow":1,"create:water_wheel":1,"minecraft:light_gray_concrete_powder":120,"minecraft:netherrack":980,"create:andesite_alloy":5,"minecraft:water_bucket":2,"minecraft:bread":6,"create:unprocessed_obsidian_sheet":4,"minecraft:mossy_cobblestone":2,"create:mechanical_saw":1,"create:chute":1,"create:zinc_nugget":155,"framedblocks:framed_panel":7,"minecraft:copper_ingot":68,"minecraft:grass_block":190,"minecraft:stick":159,"create:cinder_flour":6,"minecraft:smooth_quartz":8,"minecraft:melon_slice":22,"minecraft:bucket":3,"minecraft:chiseled_sandstone":64,"minecraft:redstone":1,"minecraft:kelp":128,"minecraft:raw_copper":3,"create:experience_nugget":4003,"minecraft:dragon_egg":1,"minecraft:andesite":683,"minecraft:mossy_stone_bricks":3,"minecraft:oak_sapling":20,"minecraft:gray_concrete_powder":192,"minecraft:spruce_log":2,"minecraft:stone_pickaxe":2,"create:empty_blaze_burner":2},"minecraft:custom":{"minecraft:interact_with_crafting_table":963,"minecraft:open_barrel":415,"minecraft:bell_ring":1,"minecraft:leave_game":71,"minecraft:time_since_death":222114,"minecraft:play_time":3023268,"minecraft:deaths":5,"minecraft:jump":31137,"minecraft:enchant_item":12,"minecraft:interact_with_furnace":310,"minecraft:traded_with_villager":1917,"minecraft:sleep_in_bed":186,"minecraft:damage_dealt":36427,"minecraft:inspect_dispenser":2,"minecraft:horse_one_cm":144511,"minecraft:interact_with_smithing_table":3,"minecraft:interact_with_anvil":27,"minecraft:inspect_hopper":12,"minecraft:damage_dealt_absorbed":280,"minecraft:sneak_time":153609,"minecraft:interact_with_blast_furnace":2,"minecraft:total_world_time":3023268,"minecraft:interact_with_stonecutter":79,"minecraft:time_since_rest":74359,"minecraft:swim_one_cm":592123,"minecraft:fly_one_cm":6299164,"minecraft:open_chest":2741,"minecraft:fall_one_cm":555676,"minecraft:animals_bred":16,"minecraft:open_shulker_box":22,"minecraft:sprint_one_cm":5104156,"minecraft:drop":790,"minecraft:talked_to_villager":615,"minecraft:interact_with_brewingstand":2,"minecraft:walk_on_water_one_cm":150607,"minecraft:open_enderchest":1,"minecraft:crouch_one_cm":344221,"minecraft:mob_kills":314,"minecraft:damage_dealt_resisted":306,"minecraft:climb_one_cm":81994,"minecraft:walk_one_cm":5272823,"minecraft:walk_under_water_one_cm":246228,"minecraft:boat_one_cm":274923,"minecraft:interact_with_grindstone":11,"minecraft:damage_taken":10173},"minecraft:broken":{"minecraft:golden_sword":1,"minecraft:iron_sword":1,"minecraft:stone_sword":2,"minecraft:wooden_pickaxe":1,"minecraft:stone_pickaxe":15,"minecraft:stone_axe":8,"minecraft:wooden_axe":1,"minecraft:stone_shovel":3,"create:sand_paper":1},"minecraft:picked_up":{"minecraft:seagrass":8,"minecraft:iron_chestplate":6,"minecraft:anvil":1,"minecraft:lead":7,"minecraft:stone_slab":11,"minecraft:diamond_sword":4,"create:wrench":2,"create:tiled_glass_pane":4,"minecraft:brewing_stand":1,"minecraft:golden_sword":1,"minecraft:polished_deepslate":34,"minecraft:string":5,"create:limestone":56,"create:unprocessed_obsidian_sheet":9,"create:water_wheel":4,"minecraft:gold_nugget":402,"minecraft:cobbled_deepslate":1276,"minecraft:black_glazed_terracotta":22,"minecraft:spruce_planks":42,"minecraft:written_book":3,"minecraft:melon_slice":46,"minecraft:golden_helmet":1,"minecraft:purpur_pillar":16,"minecraft:acacia_log":9,"create:andesite_casing":65,"framedblocks:framed_torch":3,"minecraft:sandstone_wall":1,"minecraft:deepslate_tile_stairs":5,"minecraft:golden_chestplate":1,"minecraft:cauldron":2,"minecraft:black_dye":1,"minecraft:yellow_banner":8,"minecraft:lime_carpet":19,"create:clipboard":1,"create:scoria":1,"create:ochrum":2,"create:track":148,"create_enchantment_industry:ink_bucket":1,"minecraft:carved_pumpkin":4,"minecraft:cyan_terracotta":1,"minecraft:end_rod":11,"minecraft:iron_bars":1,"minecraft:birch_log":415,"minecraft:magma_block":11,"minecraft:feather":1,"minecraft:birch_slab":12,"minecraft:water_bucket":2,"minecraft:jungle_log":2,"minecraft:flint":1638,"minecraft:stripped_spruce_wood":1,"minecraft:gray_concrete":130,"create:encased_chain_drive":1,"framedblocks:framed_slope":2,"minecraft:stonecutter":2,"create:shaft":68,"minecraft:moss_block":3,"create:super_glue":1,"create:empty_blaze_burner":1,"framedblocks:framed_double_stairs":1,"create:copycat_panel":5,"create:cut_andesite_bricks":55,"minecraft:stripped_spruce_log":16,"sophisticatedbackpacks:iron_backpack":9,"minecraft:ink_sac":99,"minecraft:dark_oak_log":204,"minecraft:barrel":3,"create:crimsite":404,"minecraft:black_concrete_powder":1,"minecraft:lever":1,"minecraft:bread":36,"create:framed_glass_door":1,"minecraft:bricks":254,"minecraft:light_blue_candle":2,"minecraft:crimson_roots":1,"minecraft:diamond_pickaxe":10,"sophisticatedbackpacks:gold_backpack":4,"minecraft:mud":6,"minecraft:crafting_table":4,"minecraft:clay_ball":160,"minecraft:leather_leggings":1,"minecraft:dragon_head":1,"minecraft:purpur_block":31,"minecraft:yellow_candle":6,"framedblocks:framed_double_half_slope":1,"create:fluid_pipe":5,"minecraft:flint_and_steel":3,"minecraft:cracked_stone_bricks":1,"minecraft:beef":60,"create:haunted_bell":4,"minecraft:cyan_wool":6,"create:white_seat":3,"minecraft:iron_nugget":1141,"minecraft:spruce_slab":52,"minecraft:chest":29,"minecraft:birch_sapling":42,"create:clutch":1,"minecraft:egg":10,"minecraft:black_stained_glass":2,"minecraft:sandstone":586,"minecraft:stone":5668,"sophisticatedbackpacks:backpack":10,"minecraft:white_dye":4,"create:copper_backtank":1,"minecraft:carrot":5,"minecraft:redstone":495,"create:brass_casing":2,"minecraft:prismarine_crystals":2,"minecraft:beetroot_seeds":6,"minecraft:peony":11,"minecraft:deepslate_bricks":1,"minecraft:hay_block":23,"minecraft:sandstone_stairs":5,"create:depot":2,"minecraft:gold_ingot":2,"minecraft:glow_berries":4,"minecraft:mutton":13,"minecraft:white_wool":87,"minecraft:rail":258,"minecraft:stripped_oak_log":1,"create:iron_sheet":8,"create:vertical_framed_glass_pane":13,"framedblocks:framed_divided_panel_vertical":1,"minecraft:fern":20,"minecraft:purpur_stairs":3,"minecraft:oak_log":795,"minecraft:ancient_debris":2,"minecraft:golden_boots":2,"framedblocks:framed_slab":33,"create:crushing_wheel":5,"minecraft:apple":161,"minecraft:stone_bricks":2,"minecraft:kelp":546,"create:metal_girder":24,"minecraft:stone_pickaxe":12,"minecraft:magenta_stained_glass":1,"minecraft:dark_oak_stairs":4,"create:mechanical_saw":22,"minecraft:dark_oak_slab":3,"minecraft:yellow_concrete":10,"minecraft:red_wool":12,"minecraft:gravel":1230,"minecraft:spruce_sapling":34,"create:schematic":1,"minecraft:orange_candle":6,"minecraft:spruce_log":364,"minecraft:dragon_egg":1,"create:gearbox":3,"minecraft:leather_helmet":1,"minecraft:oak_wood":17,"create:millstone":1,"minecraft:purple_bed":2,"minecraft:stone_axe":2,"minecraft:light_blue_carpet":16,"create:mechanical_pump":3,"minecraft:diamond_axe":1,"minecraft:painting":6,"create:portable_storage_interface":1,"minecraft:melon_seeds":1,"create:incomplete_track":101,"minecraft:stripped_dark_oak_log":17,"minecraft:ender_pearl":1,"minecraft:shulker_shell":7,"minecraft:ender_chest":1,"create:mechanical_crafter":21,"minecraft:yellow_wool":6,"framedblocks:framed_door":4,"minecraft:raw_copper":279,"minecraft:smooth_stone_slab":76,"minecraft:iron_leggings":3,"framedblocks:framed_panel":76,"minecraft:purple_banner":2,"create:sand_paper":1,"create:andesite_funnel":41,"minecraft:smooth_stone":667,"minecraft:bucket":7,"minecraft:rose_bush":2,"minecraft:calcite":51,"minecraft:smooth_quartz":12,"minecraft:iron_pickaxe":2,"minecraft:iron_boots":2,"minecraft:furnace":6,"minecraft:stick":503,"create_enchantment_industry:disenchanter":1,"minecraft:polished_deepslate_stairs":2,"minecraft:torch":9,"minecraft:spruce_stairs":8,"minecraft:porkchop":5,"create:polished_cut_tuff":11,"create:schematicannon":5,"create:large_cogwheel":37,"minecraft:cactus":11,"create:cut_tuff_bricks":17,"minecraft:rotten_flesh":8,"minecraft:deepslate_brick_stairs":2,"minecraft:obsidian":36,"minecraft:cobblestone":1761,"minecraft:enchanting_table":1,"minecraft:leather_chestplate":1,"minecraft:andesite":574,"minecraft:golden_leggings":1,"minecraft:potato":30,"create:belt_connector":1,"minecraft:tuff":247,"minecraft:smooth_sandstone_stairs":29,"create:raw_zinc":137,"minecraft:lapis_lazuli":257,"minecraft:dirt":1219,"minecraft:stripped_birch_log":106,"minecraft:name_tag":1,"minecraft:leather_boots":1,"minecraft:glass":648,"minecraft:bone":3,"minecraft:bow":5,"minecraft:wheat_seeds":9,"minecraft:orange_tulip":1,"creategoggles:goggle_iron_helmet":1,"minecraft:raw_gold":13,"minecraft:light_blue_dye":2,"minecraft:grindstone":6,"minecraft:mossy_stone_bricks":3,"minecraft:fletching_table":1,"minecraft:cyan_candle":4,"minecraft:bamboo":32,"minecraft:oak_planks":137,"create:green_seat":2,"framedblocks:framing_saw":1,"minecraft:cooked_porkchop":1,"create:cogwheel":40,"create_enchantment_industry:enchanting_guide":2,"minecraft:sand":1171,"minecraft:grass_block":518,"minecraft:lily_of_the_valley":3,"minecraft:spectral_arrow":10,"minecraft:chiseled_sandstone":66,"minecraft:shulker_box":8,"minecraft:mossy_cobblestone":2,"minecraft:light_gray_concrete":15,"minecraft:light_gray_terracotta":7,"minecraft:clay":2,"minecraft:diamond":31,"minecraft:spruce_boat":2,"minecraft:soul_lantern":2,"minecraft:bone_meal":1,"minecraft:oak_sapling":291,"minecraft:netherrack":1392,"minecraft:chorus_fruit":19,"create:white_sail":9,"minecraft:end_stone_bricks":6,"minecraft:charcoal":6,"minecraft:allium":2,"minecraft:ladder":2,"create:polished_cut_calcite":8,"create:schematic_table":6,"minecraft:chain":3,"minecraft:brick":297,"create:cut_crimsite_bricks":18,"create:chute":2,"minecraft:blackstone":32,"framedblocks:framed_cube":18,"framedblocks:framed_divided_slope":1,"minecraft:candle":15,"minecraft:oak_boat":2,"minecraft:player_head":5,"create:small_tuff_bricks":11,"minecraft:lectern":5,"minecraft:sugar_cane":2349,"minecraft:spruce_trapdoor":4,"minecraft:dark_oak_sapling":32,"minecraft:raw_iron":128,"minecraft:end_stone":6,"create:railway_casing":1,"create:golden_sheet":1,"minecraft:copper_ingot":61,"create:windmill_bearing":3,"create:hand_crank":34,"create:zinc_ingot":38,"create:deployer":11,"minecraft:smooth_sandstone_slab":3,"framedblocks:framed_fence":8,"create:controls":1,"minecraft:arrow":4,"framedblocks:framed_trapdoor":13,"create:experience_nugget":2146,"minecraft:stripped_dark_oak_wood":8,"minecraft:pink_tulip":1,"minecraft:saddle":1,"minecraft:black_banner":2,"create:empty_schematic":1,"minecraft:magenta_banner":2,"minecraft:cut_sandstone":1,"minecraft:leather":29,"minecraft:birch_planks":6,"create:andesite_alloy":2,"minecraft:chainmail_chestplate":1,"minecraft:cobblestone_stairs":13,"minecraft:cobbled_deepslate_stairs":5,"minecraft:gunpowder":5,"create:blaze_burner":1,"create:copper_nugget":194,"minecraft:smooth_sandstone":1218,"minecraft:red_carpet":14,"minecraft:gray_carpet":39,"minecraft:iron_ingot":32,"minecraft:soul_sand":343,"sophisticatedbackpacks:diamond_backpack":5,"minecraft:book":160,"minecraft:scaffolding":131,"create:large_water_wheel":6,"minecraft:pumpkin":6,"minecraft:quartz":246,"minecraft:dandelion":1,"minecraft:dripstone_block":8,"minecraft:lava_bucket":2,"minecraft:white_bed":3,"minecraft:green_carpet":21,"minecraft:spider_eye":2,"create:extendo_grip":1,"minecraft:pumpkin_seeds":8,"minecraft:magenta_concrete":1,"minecraft:damaged_anvil":1,"minecraft:red_concrete":14,"minecraft:dark_oak_wood":2,"minecraft:coal":82},"minecraft:killed":{"minecraft:shulker":5,"minecraft:skeleton":112,"minecraft:chicken":1,"minecraft:zombie":110,"minecraft:cow":28,"minecraft:wandering_trader":1,"minecraft:enderman":1,"minecraft:zombified_piglin":3,"minecraft:spider":1,"minecraft:turtle":2,"minecraft:pig":3,"minecraft:creeper":2,"minecraft:sheep":10,"minecraft:trader_llama":2,"minecraft:drowned":1,"minecraft:bat":1,"minecraft:squid":30,"minecraft:villager":1},"minecraft:crafted":{"minecraft:black_dye":60,"minecraft:light_gray_concrete_powder":184,"minecraft:smooth_stone":23,"framedblocks:framed_slope_slab":148,"create:copper_diving_boots":1,"minecraft:dark_oak_wood":12,"creategoggles:goggle_iron_helmet":1,"minecraft:birch_slab":108,"sophisticatedbackpacks:crafting_upgrade":1,"minecraft:lever":4,"minecraft:diamond_shovel":7,"create:item_vault":12,"minecraft:bookshelf":51,"create:schematicannon":1,"minecraft:cooked_mutton":6,"minecraft:shulker_box":2,"minecraft:iron_bars":16,"create:framed_glass_door":2,"minecraft:red_concrete_powder":8,"minecraft:granite":6,"create:vertical_gearbox":11,"minecraft:quartz_block":70,"create:rotation_speed_controller":4,"minecraft:glass":503,"create:andesite_funnel":82,"create:mechanical_press":2,"minecraft:magenta_concrete_powder":64,"minecraft:birch_door":3,"minecraft:dried_kelp_block":1,"create:brass_funnel":8,"minecraft:magenta_dye":20,"create:cogwheel":186,"minecraft:name_tag":1,"framedblocks:framed_stairs":4,"minecraft:glass_bottle":300,"create:display_board":2,"minecraft:wooden_shovel":1,"create:copycat_panel":8,"create:rose_quartz":27,"minecraft:emerald":1397,"create:vertical_framed_glass_pane":32,"minecraft:diamond_axe":4,"minecraft:gravel":881,"create:brass_block":1,"minecraft:smithing_table":2,"minecraft:clock":1,"minecraft:copper_ingot":55,"minecraft:fletching_table":1,"minecraft:oak_wood":8,"minecraft:campfire":1,"create:encased_chain_drive":26,"create:redstone_link":6,"create:mechanical_mixer":1,"create:clutch":2,"create:gearbox":21,"create:encased_fan":2,"minecraft:stone_slab":558,"minecraft:compass":21,"minecraft:iron_pickaxe":1,"minecraft:iron_block":18,"minecraft:gold_ingot":27,"minecraft:sandstone":1582,"minecraft:light_gray_dye":18,"create:schematic_and_quill":1,"create:large_cogwheel":36,"create:propeller":2,"minecraft:yellow_concrete_powder":16,"minecraft:stone_shovel":3,"minecraft:smooth_stone_slab":742,"create:wrench":2,"minecraft:iron_nugget":1224,"minecraft:polished_deepslate_stairs":16,"create:white_sail":8,"minecraft:experience_bottle":37,"minecraft:diamond_hoe":2,"framedblocks:framed_slab_edge":7,"minecraft:cobbled_deepslate":12,"sophisticatedbackpacks:stack_upgrade_tier_1":2,"create:smart_chute":1,"minecraft:bone_meal":12,"minecraft:spruce_fence":3,"create:copper_backtank":1,"framedblocks:framed_divided_panel_vertical":52,"minecraft:lantern":69,"minecraft:spruce_stairs":16,"minecraft:stripped_birch_wood":8,"minecraft:black_concrete_powder":40,"minecraft:ladder":9,"minecraft:spruce_slab":204,"framedblocks:framed_double_half_slope":12,"minecraft:ender_pearl":17,"minecraft:stone_pickaxe":25,"minecraft:spruce_boat":1,"framedblocks:framed_extended_slope_panel":4,"create:hose_pulley":1,"minecraft:dark_oak_planks":101,"create:electron_tube":29,"framedblocks:framed_fence":8,"create:belt_connector":24,"create:mechanical_roller":2,"create:windmill_bearing":1,"create_enchantment_industry:printer":1,"framedblocks:framed_hammer":1,"minecraft:wheat":207,"minecraft:crossbow":16,"minecraft:enchanting_table":1,"create:brass_tunnel":6,"sophisticatedbackpacks:advanced_tool_swapper_upgrade":1,"minecraft:dried_kelp":82,"create:dough":2,"create:goggles":1,"minecraft:gray_concrete_powder":288,"sophisticatedbackpacks:gold_backpack":2,"framedblocks:framed_vertical_double_stairs":10,"minecraft:glowstone":24,"minecraft:enchanted_book":10,"create:speedometer":1,"create:peculiar_bell":1,"minecraft:cobblestone":3,"create:mechanical_arm":1,"minecraft:wooden_axe":2,"framedblocks:framed_slab":69,"minecraft:white_bed":1,"create:shaft":360,"framedblocks:framed_torch":16,"minecraft:oak_planks":12430,"minecraft:barrel":19,"minecraft:birch_wood":4,"create:display_link":1,"minecraft:cobblestone_stairs":8,"minecraft:stone":85,"create:mechanical_bearing":1,"create:deployer":10,"framedblocks:framed_stacked_slope_panel":4,"minecraft:green_dye":1,"minecraft:hopper":1,"framedblocks:framed_divided_slab":7,"minecraft:bow":4,"minecraft:chest":31,"create:spout":1,"minecraft:oak_button":6,"minecraft:copper_block":2,"create:cuckoo_clock":1,"framedblocks:framing_saw":1,"minecraft:rail":16,"minecraft:bricks":192,"minecraft:stone_hoe":11,"create:brass_hand":11,"create:track_station":4,"create:depot":8,"minecraft:oak_slab":90,"sophisticatedbackpacks:backpack":1,"minecraft:arrow":192,"create:tiled_glass_pane":16,"create:track_signal":4,"minecraft:crafting_table":10,"minecraft:iron_helmet":19,"minecraft:spruce_planks":1182,"create:mechanical_saw":3,"framedblocks:framed_slope":3,"create:fluid_pipe":8,"minecraft:wooden_pickaxe":2,"create:weighted_ejector":1,"minecraft:chainmail_chestplate":7,"create:zinc_nugget":162,"create:sand_paper":5,"minecraft:birch_planks":79,"create:gearshift":1,"framedblocks:framed_floor_board":52,"sophisticatedbackpacks:upgrade_base":4,"minecraft:diorite":6,"create:stressometer":1,"minecraft:dispenser":1,"minecraft:spruce_trapdoor":12,"create:controls":2,"minecraft:string":40,"minecraft:dark_oak_slab":6,"minecraft:book":24,"minecraft:paper":1245,"minecraft:diamond_pickaxe":2,"create:water_wheel":11,"create:green_seat":31,"create:white_seat":2,"create:portable_storage_interface":2,"create:super_glue":1,"create:framed_glass":8,"sophisticatedbackpacks:diamond_backpack":1,"minecraft:stick":21359,"create:mechanical_pump":2,"minecraft:light_blue_dye":4,"minecraft:iron_ingot":199,"create:clipboard":1,"minecraft:redstone_torch":4,"framedblocks:framed_trapdoor":12,"minecraft:shears":2,"create:empty_blaze_burner":1,"minecraft:wooden_sword":1,"create:chute":8,"create:linked_controller":1,"minecraft:redstone":50,"framedblocks:framed_wrench":1,"framedblocks:framed_vertical_stairs":16,"create:steam_engine":1,"framedblocks:framed_divided_stairs":12,"sophisticatedbackpacks:tool_swapper_upgrade":1,"minecraft:furnace":3,"minecraft:blast_furnace":1,"minecraft:gray_dye":32,"minecraft:raw_copper_block":8,"framedblocks:framed_divided_slope":6,"minecraft:glass_pane":16,"minecraft:flint_and_steel":2,"minecraft:scaffolding":6,"minecraft:leather":2,"minecraft:polished_deepslate":12,"minecraft:iron_axe":14,"minecraft:slime_ball":2,"create:millstone":37,"create:empty_schematic":3,"minecraft:lime_dye":2,"create:fluid_tank":16,"minecraft:chiseled_sandstone":4,"create:basin":2,"create:filter":3,"minecraft:minecart":1,"sophisticatedbackpacks:iron_backpack":3,"minecraft:cooked_beef":27,"minecraft:sugar":2,"minecraft:red_dye":2,"minecraft:smooth_sandstone_stairs":216,"create:andesite_alloy":21,"create:hand_crank":2,"minecraft:diamond_sword":1,"minecraft:stripped_spruce_wood":4,"minecraft:dark_oak_stairs":8,"create_enchantment_industry:disenchanter":1,"framedblocks:framed_door":30,"minecraft:iron_sword":5,"minecraft:smooth_sandstone":34,"create:large_water_wheel":11,"framedblocks:framed_panel":12,"minecraft:bucket":5,"create:schedule":4,"minecraft:stone_axe":9,"minecraft:air":0,"minecraft:bread":60,"minecraft:jungle_planks":8,"minecraft:blue_dye":2,"minecraft:black_stained_glass":512,"create:raw_zinc_block":3,"minecraft:oak_boat":1,"minecraft:smooth_sandstone_slab":46,"minecraft:white_wool":1,"create:whisk":1,"framedblocks:framed_cube":836,"minecraft:white_dye":7,"create:linear_chassis":6,"create:mechanical_crafter":21,"minecraft:stonecutter":1,"minecraft:green_wool":31,"create:mechanical_drill":6,"minecraft:acacia_planks":12,"create:copper_diving_helmet":1,"minecraft:torch":28,"create:metal_girder":24,"create:zinc_ingot":86,"minecraft:lapis_lazuli":73}},"DataVersion":3465}