{"stats":{"minecraft:killed_by":{"minecraft:piglin_brute":1,"minecraft:vindicator":1,"minecraft:iron_golem":2,"minecraft:skeleton":1},"minecraft:used":{"minecraft:moss_block":3,"minecraft:writable_book":2,"minecraft:polished_blackstone":10,"minecraft:dispenser":2,"minecraft:spruce_slab":369,"minecraft:ladder":33,"minecraft:elytra":2,"minecraft:chest":118,"minecraft:stone":671,"minecraft:rotten_flesh":1,"minecraft:soul_sand":9,"minecraft:deepslate_brick_slab":2,"minecraft:stripped_spruce_log":24,"minecraft:spruce_boat":19,"minecraft:lava_bucket":81,"minecraft:grass_block":191,"minecraft:deepslate_copper_ore":1,"minecraft:copper_ore":1,"minecraft:bow":371,"minecraft:dark_oak_boat":6,"minecraft:furnace":11,"minecraft:oak_sapling":4,"minecraft:egg":2,"minecraft:potato":5,"minecraft:spruce_door":21,"minecraft:powered_rail":38,"minecraft:chorus_fruit":1,"minecraft:blackstone":14,"minecraft:wooden_pickaxe":17,"minecraft:composter":6,"minecraft:clay":64,"minecraft:cookie":1,"minecraft:glow_berries":2,"minecraft:golden_apple":10,"create:cut_tuff_bricks":1,"minecraft:pumpkin_seeds":22,"minecraft:lightning_rod":1,"create:copper_backtank":8,"minecraft:crying_obsidian":1,"minecraft:zombie_head":1,"minecraft:deepslate_iron_ore":27,"minecraft:stone_button":2,"minecraft:lectern":935,"minecraft:pufferfish":1,"minecraft:diamond_sword":3011,"minecraft:smithing_table":1,"minecraft:dark_oak_fence":2,"minecraft:poisonous_potato":1,"minecraft:ice":6,"minecraft:oak_boat":48,"minecraft:compass":1,"minecraft:oak_trapdoor":20,"minecraft:polished_blackstone_brick_slab":21,"minecraft:enchanting_table":1,"minecraft:stone_sword":15,"minecraft:netherrack":1932,"minecraft:torch":75,"minecraft:brewing_stand":2,"minecraft:anvil":3,"minecraft:nether_quartz_ore":231,"minecraft:oak_fence_gate":21,"minecraft:rooted_dirt":2,"minecraft:iron_block":189,"minecraft:iron_axe":930,"create:deepslate_zinc_ore":25,"minecraft:totem_of_undying":2,"minecraft:melon_seeds":66,"minecraft:diamond_chestplate":5,"minecraft:basalt":1,"minecraft:glowstone":7,"minecraft:beef":1,"minecraft:cobbled_deepslate":524,"minecraft:acacia_planks":2,"minecraft:observer":46,"sophisticatedbackpacks:gold_backpack":1,"minecraft:water_bucket":181,"minecraft:chiseled_bookshelf":2,"minecraft:fletching_table":5,"minecraft:glow_ink_sac":1,"minecraft:deepslate_bricks":183,"minecraft:cracked_stone_bricks":1,"minecraft:polished_blackstone_bricks":313,"minecraft:diamond_block":1,"minecraft:rail":645,"minecraft:mossy_cobblestone":5,"minecraft:comparator":4,"minecraft:crafting_table":42,"minecraft:red_bed":12,"minecraft:white_bed":45,"minecraft:cake":1,"minecraft:spruce_log":871,"minecraft:oak_log":2,"create:track":2,"minecraft:diamond_pickaxe":17069,"minecraft:ender_eye":12,"minecraft:diamond_shovel":1692,"minecraft:iron_pickaxe":486,"minecraft:suspicious_stew":1,"minecraft:spruce_pressure_plate":1,"minecraft:spruce_trapdoor":138,"minecraft:spruce_sapling":67,"minecraft:crimson_nylium":2,"minecraft:chiseled_stone_bricks":1,"minecraft:enchanted_book":12,"minecraft:cobblestone":134,"minecraft:potion":7,"minecraft:cooked_porkchop":5,"minecraft:porkchop":1,"minecraft:glass_pane":134,"minecraft:brush":19,"minecraft:diamond_leggings":1,"minecraft:iron_shovel":511,"minecraft:polished_deepslate":201,"minecraft:melon":1,"minecraft:oak_sign":1,"minecraft:diamond_hoe":56,"minecraft:decorated_pot":2,"minecraft:shield":117,"minecraft:player_head":4,"minecraft:soul_campfire":2,"minecraft:mutton":1,"minecraft:nether_bricks":51,"minecraft:carrot":191,"minecraft:tuff":41,"minecraft:obsidian":18,"sophisticatedbackpacks:diamond_backpack":1,"minecraft:glass":23,"minecraft:coal_ore":3,"minecraft:cyan_terracotta":184,"minecraft:lantern":2,"minecraft:polished_blackstone_brick_wall":7,"minecraft:hopper_minecart":1,"minecraft:stone_bricks":628,"minecraft:deepslate_diamond_ore":65,"minecraft:warped_fungus":1,"minecraft:written_book":1,"minecraft:end_rod":1,"minecraft:wither_skeleton_skull":3,"minecraft:stone_pickaxe":190,"minecraft:ender_pearl":19,"minecraft:redstone_block":2,"minecraft:diamond_axe":2997,"minecraft:white_wool":28,"minecraft:light_gray_terracotta":15,"minecraft:deepslate_redstone_ore":39,"minecraft:crossbow":1,"minecraft:deepslate_lapis_ore":7,"minecraft:end_stone":17,"minecraft:shears":268,"minecraft:redstone_torch":16,"minecraft:lever":10,"sophisticatedbackpacks:backpack":2,"minecraft:firework_rocket":62,"minecraft:acacia_door":14,"minecraft:melon_slice":1019,"minecraft:bread":284,"minecraft:string":1,"minecraft:deepslate":142,"minecraft:gravel":21,"minecraft:andesite":10,"minecraft:grindstone":2,"minecraft:coarse_dirt":3,"minecraft:bone_meal":48,"minecraft:cobweb":1,"minecraft:experience_bottle":60,"create:clipboard":3,"sophisticatedbackpacks:iron_backpack":4,"minecraft:flint_and_steel":53,"minecraft:tropical_fish":1,"minecraft:redstone":64,"minecraft:spruce_planks":330,"minecraft:ender_chest":30,"minecraft:sculk":12,"minecraft:deepslate_gold_ore":14,"minecraft:stone_hoe":52,"minecraft:cooked_chicken":1,"minecraft:oak_door":7,"minecraft:spyglass":1,"minecraft:dirt":1593,"minecraft:white_carpet":1,"minecraft:hopper":46,"minecraft:spruce_stairs":642,"minecraft:diamond_helmet":1,"minecraft:shulker_box":12,"minecraft:purple_banner":3,"minecraft:iron_hoe":249,"minecraft:stone_brick_slab":24,"minecraft:bookshelf":28,"minecraft:polished_blackstone_brick_stairs":32,"minecraft:light_gray_wool":3,"minecraft:golden_carrot":47,"minecraft:minecart":14,"minecraft:cooked_beef":6,"minecraft:pumpkin":4,"minecraft:cooked_mutton":8,"minecraft:iron_ore":66,"minecraft:lodestone":1,"minecraft:glass_bottle":25,"minecraft:red_nether_bricks":2,"minecraft:sniffer_egg":1,"minecraft:spruce_sign":15,"minecraft:beacon":3,"minecraft:smoker":5,"minecraft:piston":61,"minecraft:apple":6,"minecraft:cracked_polished_blackstone_bricks":12,"minecraft:chicken":1,"minecraft:lapis_ore":1,"minecraft:stone_axe":74,"minecraft:end_crystal":4,"minecraft:bucket":265,"minecraft:pumpkin_pie":1,"minecraft:gray_wool":242,"minecraft:splash_potion":4},"minecraft:mined":{"minecraft:dragon_wall_head":1,"minecraft:white_bed":2,"minecraft:red_nether_bricks":8,"minecraft:obsidian":25,"minecraft:acacia_log":17,"minecraft:stone_brick_wall":14,"minecraft:deepslate_bricks":42,"minecraft:purpur_slab":2,"minecraft:hopper":27,"minecraft:nether_wart":4,"minecraft:chiseled_stone_bricks":12,"minecraft:spawner":5,"minecraft:weeping_vines_plant":3,"minecraft:polished_blackstone_bricks":168,"minecraft:tall_seagrass":3,"minecraft:magma_block":1,"minecraft:cobbled_deepslate":66,"minecraft:fire":134,"minecraft:pumpkin":33,"minecraft:deepslate_lapis_ore":17,"minecraft:fletching_table":4,"minecraft:smooth_red_sandstone":3,"minecraft:sculk_shrieker":1,"minecraft:cave_vines":5,"minecraft:dirt_path":2,"minecraft:iron_block":21,"minecraft:tripwire":9,"minecraft:piston_head":1,"create:cogwheel":2,"minecraft:brown_mushroom":3,"minecraft:red_bed":13,"minecraft:kelp_plant":1,"minecraft:crimson_nylium":44,"minecraft:smoker":7,"minecraft:amethyst_cluster":2,"minecraft:powder_snow":2,"minecraft:torch":11,"minecraft:polished_andesite_stairs":1,"minecraft:melon":250,"minecraft:dead_bush":1,"create:scoria":9,"minecraft:white_stained_glass_pane":2,"minecraft:spruce_wall_sign":4,"minecraft:glass":17,"minecraft:sugar_cane":158,"minecraft:amethyst_block":1,"create:sticky_mechanical_piston":1,"minecraft:repeater":1,"sophisticatedbackpacks:diamond_backpack":1,"minecraft:lilac":1,"minecraft:warped_fungus":2,"minecraft:stone_brick_stairs":28,"minecraft:grass":299,"create:hand_crank":1,"minecraft:oak_fence_gate":17,"minecraft:mangrove_log":5,"minecraft:smooth_basalt":3,"minecraft:stripped_crimson_stem":2,"minecraft:piston":5,"minecraft:deepslate":2657,"minecraft:suspicious_gravel":3,"create:zinc_ore":2,"create:copper_backtank":5,"minecraft:mossy_cobblestone":76,"minecraft:dark_oak_log":16,"minecraft:sea_lantern":1,"minecraft:end_stone":33,"minecraft:shulker_box":10,"minecraft:nether_bricks":70,"minecraft:dark_oak_fence":4,"minecraft:spruce_fence":1,"minecraft:crimson_roots":2,"minecraft:redstone_wire":1,"minecraft:kelp":1,"minecraft:moss_block":16,"minecraft:horn_coral_wall_fan":1,"minecraft:redstone_ore":4,"create:shaft":2,"minecraft:suspicious_sand":7,"minecraft:andesite":179,"minecraft:big_dripleaf_stem":1,"minecraft:mossy_stone_brick_stairs":1,"minecraft:cobblestone_slab":2,"minecraft:rail":430,"minecraft:white_wool":5,"minecraft:ender_chest":31,"minecraft:smithing_table":1,"minecraft:oak_slab":3,"minecraft:light_gray_carpet":1,"minecraft:redstone_block":1,"minecraft:glass_pane":34,"minecraft:comparator":6,"minecraft:soul_sand":45,"minecraft:stone_brick_slab":28,"minecraft:observer":3,"minecraft:cornflower":1,"minecraft:emerald_ore":2,"minecraft:warped_roots":5,"minecraft:copper_ore":7,"minecraft:tall_grass":52,"minecraft:deepslate_gold_ore":67,"framedblocks:framed_sign":1,"minecraft:big_dripleaf":1,"minecraft:coarse_dirt":5,"minecraft:white_carpet":3,"minecraft:spruce_log":1020,"minecraft:birch_leaves":65,"minecraft:mangrove_leaves":1,"minecraft:mycelium":7,"minecraft:acacia_door":4,"minecraft:gravel":297,"minecraft:zombie_head":1,"minecraft:dripstone_block":14,"minecraft:cobweb":72,"minecraft:stone_bricks":464,"minecraft:gold_ore":3,"minecraft:fern":18,"minecraft:large_amethyst_bud":1,"create:deepslate_zinc_ore":54,"minecraft:spruce_planks":199,"minecraft:stone_pressure_plate":4,"minecraft:oak_sapling":25,"minecraft:farmland":12,"minecraft:mossy_stone_brick_slab":1,"minecraft:jungle_slab":1,"minecraft:sculk_vein":8,"minecraft:cobblestone_stairs":1,"minecraft:brewing_stand":1,"minecraft:spruce_trapdoor":54,"minecraft:cave_vines_plant":1,"minecraft:infested_cobblestone":79,"minecraft:grass_block":883,"sophisticatedbackpacks:iron_backpack":2,"minecraft:cracked_polished_blackstone_bricks":58,"minecraft:soul_soil":26,"minecraft:polished_blackstone_brick_slab":1,"minecraft:composter":4,"minecraft:glowstone":10,"minecraft:red_nether_brick_stairs":3,"minecraft:iron_ore":184,"minecraft:anvil":2,"minecraft:pointed_dripstone":1,"minecraft:end_stone_bricks":9,"minecraft:spruce_slab":64,"minecraft:deepslate_redstone_ore":108,"minecraft:blackstone":464,"minecraft:cyan_terracotta":337,"minecraft:magenta_wall_banner":3,"minecraft:purpur_stairs":2,"minecraft:clay":124,"minecraft:light_gray_terracotta":221,"minecraft:poppy":10,"minecraft:beacon":2,"minecraft:chest":27,"minecraft:cobblestone":150,"minecraft:nether_quartz_ore":624,"minecraft:grindstone":1,"minecraft:wall_torch":20,"minecraft:cauldron":1,"minecraft:deepslate_copper_ore":3,"minecraft:seagrass":3,"minecraft:warped_nylium":2,"minecraft:powered_rail":2,"minecraft:nether_wart_block":36,"minecraft:birch_log":95,"minecraft:blue_ice":1,"minecraft:brown_wall_banner":2,"minecraft:orange_tulip":6,"minecraft:purpur_block":25,"minecraft:oak_log":38,"create:sequenced_gearshift":1,"minecraft:dirt":609,"minecraft:sand":259,"minecraft:dispenser":1,"create:encased_chain_drive":7,"minecraft:tripwire_hook":1,"minecraft:netherrack":7112,"minecraft:ancient_debris":19,"minecraft:oak_leaves":24,"minecraft:nether_gold_ore":23,"minecraft:crying_obsidian":1,"minecraft:diamond_ore":8,"minecraft:tuff":202,"minecraft:dark_oak_leaves":1,"minecraft:deepslate_diamond_ore":178,"minecraft:mangrove_roots":2,"minecraft:glow_lichen":1,"minecraft:ladder":23,"minecraft:chiseled_bookshelf":1,"minecraft:decorated_pot":1,"create:ochrum":26,"minecraft:soul_campfire":1,"minecraft:spruce_leaves":17,"minecraft:rooted_dirt":38,"minecraft:cracked_nether_bricks":3,"minecraft:crimson_stem":3,"minecraft:large_fern":8,"minecraft:deepslate_brick_slab":1,"minecraft:light_blue_wall_banner":2,"minecraft:oak_trapdoor":9,"minecraft:spruce_sapling":3,"minecraft:furnace":11,"minecraft:carrots":48,"minecraft:nether_sprouts":1,"minecraft:stripped_spruce_log":57,"minecraft:peony":1,"minecraft:gold_block":17,"minecraft:nether_brick_fence":7,"minecraft:polished_deepslate":47,"minecraft:bookshelf":56,"minecraft:shroomlight":2,"minecraft:deepslate_iron_ore":102,"minecraft:packed_ice":15,"minecraft:chorus_plant":2,"minecraft:stone":2535,"minecraft:redstone_wall_torch":1,"minecraft:podzol":1,"minecraft:acacia_leaves":41,"minecraft:magenta_stained_glass":1,"minecraft:infested_stone_bricks":4,"minecraft:basalt":4,"create:track":3,"minecraft:spruce_door":1,"minecraft:oak_fence":1,"minecraft:crafting_table":29,"minecraft:purple_wall_banner":5,"minecraft:lectern":926,"minecraft:andesite_wall":4,"minecraft:stone_slab":2,"minecraft:deepslate_coal_ore":33,"minecraft:lapis_ore":8,"minecraft:polished_blackstone_brick_stairs":7,"minecraft:sculk":59,"create:cut_tuff_bricks":1,"minecraft:spruce_stairs":118,"minecraft:gray_wool":260,"minecraft:bubble_coral":1,"minecraft:redstone_torch":1,"minecraft:sweet_berry_bush":2,"minecraft:black_wall_banner":3,"minecraft:ice":20,"minecraft:coal_ore":56,"minecraft:cherry_leaves":12,"minecraft:end_rod":1,"minecraft:cracked_stone_bricks":12,"minecraft:polished_andesite":4,"minecraft:mossy_stone_bricks":40},"minecraft:dropped":{"minecraft:clay":22,"minecraft:porkchop":6,"minecraft:glow_ink_sac":7,"minecraft:glass_bottle":16,"minecraft:diamond":10,"minecraft:crossbow":2,"minecraft:orange_tulip":7,"minecraft:warped_roots":4,"create:cogwheel":1,"create:sequenced_gearshift":1,"minecraft:rooted_dirt":36,"minecraft:cracked_stone_bricks":6,"minecraft:purpur_stairs":1,"minecraft:rail":46,"minecraft:leather_helmet":1,"minecraft:item_frame":2,"minecraft:dirt":129,"minecraft:melon":64,"minecraft:grass":2,"minecraft:dark_oak_fence":1,"minecraft:gold_nugget":7,"minecraft:iron_pickaxe":3,"minecraft:dark_oak_planks":1,"minecraft:white_wool":3,"minecraft:bone":29,"minecraft:oak_door":11,"minecraft:magenta_banner":1,"minecraft:stone_axe":2,"minecraft:sugar_cane":14,"minecraft:iron_nugget":103,"minecraft:golden_chestplate":1,"minecraft:cobbled_deepslate":4,"minecraft:birch_sapling":11,"minecraft:deepslate_brick_slab":4,"minecraft:rotten_flesh":169,"minecraft:oak_planks":16,"minecraft:end_stone":12,"minecraft:nether_brick_fence":9,"minecraft:white_bed":1,"minecraft:sea_lantern":1,"minecraft:leather_boots":8,"minecraft:acacia_sapling":5,"minecraft:ladder":24,"minecraft:leather_leggings":2,"minecraft:spruce_slab":7,"minecraft:red_nether_bricks":8,"minecraft:end_stone_bricks":3,"minecraft:glass":33,"minecraft:beef":6,"minecraft:stone_brick_stairs":16,"minecraft:lectern":1,"minecraft:egg":1,"minecraft:enchanted_book":2,"minecraft:golden_boots":2,"minecraft:iron_ingot":1138,"minecraft:wheat_seeds":30,"minecraft:polished_blackstone":2,"minecraft:dripstone_block":9,"minecraft:oak_fence":1,"minecraft:purpur_slab":1,"minecraft:cobblestone":26,"minecraft:book":3,"deeperdarker:warden_upgrade_smithing_template":1,"minecraft:coal":4,"minecraft:polished_andesite":1,"minecraft:oxeye_daisy":1,"minecraft:cobweb":2,"minecraft:jungle_slab":1,"minecraft:golden_carrot":3,"minecraft:ink_sac":230,"minecraft:diamond_helmet":1,"minecraft:potion":1,"minecraft:pumpkin":403,"minecraft:string":35,"minecraft:lily_pad":14,"minecraft:acacia_planks":2,"minecraft:spruce_sapling":3,"minecraft:stone_brick_slab":15,"minecraft:moss_carpet":1,"minecraft:redstone_ore":1,"minecraft:soul_soil":14,"create:ochrum":26,"minecraft:stone_sword":3,"minecraft:deepslate":600,"minecraft:bowl":2,"minecraft:chicken":1,"minecraft:white_carpet":2,"minecraft:clay_ball":112,"minecraft:iron_boots":1,"sophisticatedbackpacks:backpack":2,"minecraft:stone_slab":1,"minecraft:name_tag":1,"minecraft:spruce_fence":1,"minecraft:pumpkin_seeds":38,"minecraft:diamond_sword":7,"minecraft:big_dripleaf":2,"minecraft:stone":79,"minecraft:peony":1,"minecraft:spruce_trapdoor":6,"minecraft:spruce_planks":17,"create:zinc_ingot":48,"minecraft:redstone_torch":1,"minecraft:stone_pressure_plate":38,"minecraft:spider_eye":3,"minecraft:stone_bricks":204,"minecraft:magenta_dye":1,"minecraft:bow":6,"minecraft:magma_block":1,"minecraft:crimson_nylium":17,"minecraft:soul_sand":38,"minecraft:moss_block":7,"minecraft:diamond_axe":1,"minecraft:oak_log":129,"minecraft:large_amethyst_bud":1,"minecraft:ender_pearl":3,"minecraft:leather":1,"create:track":10,"create:deepslate_zinc_ore":3,"minecraft:black_banner":1,"minecraft:flint":152,"minecraft:music_disc_13":1,"minecraft:cobblestone_stairs":1,"minecraft:cyan_terracotta":55,"minecraft:cracked_polished_blackstone_bricks":2,"minecraft:dark_oak_log":6,"minecraft:packed_ice":7,"minecraft:ice":11,"create:sticky_mechanical_piston":1,"minecraft:cornflower":1,"minecraft:mutton":7,"minecraft:crimson_roots":5,"minecraft:polished_blackstone_bricks":4,"minecraft:gold_ingot":12,"minecraft:gravel":594,"minecraft:white_tulip":2,"minecraft:purpur_block":7,"minecraft:blackstone":17,"minecraft:mangrove_roots":2,"minecraft:purple_banner":1,"minecraft:carrot":38,"minecraft:poppy":150,"minecraft:oak_fence_gate":1,"minecraft:leather_chestplate":2,"minecraft:gunpowder":2,"minecraft:glowstone":2,"minecraft:melon_seeds":4,"minecraft:chest":18,"minecraft:iron_ore":2,"minecraft:arrow":2,"minecraft:powered_rail":4,"minecraft:cracked_nether_bricks":3,"minecraft:quartz":2,"minecraft:oak_leaves":2,"minecraft:netherrack":654,"minecraft:bread":1,"minecraft:oak_slab":15,"minecraft:stripped_spruce_log":1,"minecraft:golden_helmet":1,"minecraft:deepslate_iron_ore":1,"minecraft:mossy_cobblestone":40,"minecraft:diamond_leggings":3,"minecraft:andesite_wall":6,"minecraft:spruce_stairs":27,"minecraft:grass_block":1,"minecraft:stick":136,"minecraft:iron_block":35,"minecraft:smooth_red_sandstone":3,"minecraft:nether_gold_ore":11,"minecraft:torch":5,"minecraft:nether_wart_block":2,"minecraft:melon_slice":966,"minecraft:map":1,"create:piston_extension_pole":2,"minecraft:polished_blackstone_brick_slab":6,"minecraft:iron_axe":1,"minecraft:redstone":14,"minecraft:smooth_basalt":9,"minecraft:warped_nylium":4,"create:shaft":2,"minecraft:coarse_dirt":2,"minecraft:light_gray_terracotta":200,"minecraft:tuff":110,"minecraft:iron_hoe":1,"minecraft:comparator":2,"minecraft:red_nether_brick_stairs":2,"minecraft:oak_button":2,"minecraft:diamond_chestplate":1,"minecraft:dragon_egg":3,"minecraft:iron_chestplate":1,"minecraft:andesite":13,"minecraft:mossy_stone_bricks":21,"minecraft:golden_leggings":1,"minecraft:oak_sapling":15,"minecraft:diamond_boots":1,"minecraft:nether_quartz_ore":27,"minecraft:amethyst_cluster":1},"minecraft:custom":{"minecraft:interact_with_crafting_table":253,"minecraft:open_barrel":101,"minecraft:eat_cake_slice":1,"minecraft:leave_game":104,"minecraft:time_since_death":320277,"minecraft:damage_blocked_by_shield":4530,"minecraft:play_time":2647777,"minecraft:deaths":6,"minecraft:jump":29590,"minecraft:enchant_item":25,"minecraft:interact_with_furnace":68,"minecraft:traded_with_villager":631,"minecraft:sleep_in_bed":61,"minecraft:damage_dealt":192506,"minecraft:inspect_dispenser":34,"minecraft:horse_one_cm":163130,"minecraft:interact_with_smithing_table":20,"minecraft:inspect_dropper":2,"minecraft:interact_with_anvil":40,"minecraft:inspect_hopper":11,"minecraft:damage_dealt_absorbed":724,"minecraft:sneak_time":308276,"minecraft:interact_with_lectern":2,"minecraft:total_world_time":2647777,"minecraft:time_since_rest":320769,"minecraft:swim_one_cm":429716,"minecraft:fly_one_cm":7454584,"minecraft:open_chest":1427,"minecraft:fall_one_cm":747717,"minecraft:open_shulker_box":34,"minecraft:sprint_one_cm":6293951,"minecraft:drop":1325,"minecraft:talked_to_villager":1186,"minecraft:interact_with_brewingstand":30,"minecraft:walk_on_water_one_cm":146758,"minecraft:open_enderchest":63,"minecraft:interact_with_beacon":8,"minecraft:crouch_one_cm":742941,"minecraft:mob_kills":1386,"minecraft:damage_dealt_resisted":1641,"minecraft:climb_one_cm":105983,"minecraft:walk_one_cm":3765918,"minecraft:raid_win":1,"minecraft:walk_under_water_one_cm":125267,"minecraft:boat_one_cm":1989446,"minecraft:interact_with_grindstone":24,"minecraft:damage_taken":20688,"minecraft:damage_absorbed":319,"minecraft:trigger_trapped_chest":4,"minecraft:aviate_one_cm":2305008},"minecraft:broken":{"minecraft:shears":1,"minecraft:diamond_pickaxe":1,"minecraft:shield":1,"minecraft:iron_axe":3,"minecraft:iron_pickaxe":1,"minecraft:iron_shovel":2,"minecraft:stone_pickaxe":1,"minecraft:diamond_sword":1,"minecraft:diamond_axe":2},"minecraft:picked_up":{"minecraft:iron_chestplate":1,"minecraft:anvil":2,"minecraft:smithing_table":1,"minecraft:stone_slab":2,"minecraft:diamond_sword":7,"minecraft:enchanted_book":4,"minecraft:brewing_stand":1,"minecraft:polished_deepslate":45,"minecraft:polished_blackstone_brick_stairs":6,"minecraft:string":111,"minecraft:soul_soil":14,"minecraft:red_nether_bricks":10,"create:piston_extension_pole":2,"minecraft:pufferfish":1,"create:sticky_mechanical_piston":1,"minecraft:diamond_leggings":6,"minecraft:gold_nugget":8,"minecraft:cobbled_deepslate":1396,"minecraft:spruce_planks":199,"minecraft:melon_slice":2079,"minecraft:mangrove_log":5,"minecraft:diamond_ore":8,"minecraft:polished_blackstone_brick_slab":1,"minecraft:composter":4,"minecraft:big_dripleaf":2,"minecraft:acacia_log":13,"minecraft:cauldron":1,"minecraft:stone_sword":3,"create:clipboard":3,"minecraft:tropical_fish":1,"create:scoria":9,"create:track":12,"create:ochrum":26,"minecraft:iron_block":91,"minecraft:cyan_terracotta":329,"minecraft:glowstone":9,"minecraft:bookshelf":11,"minecraft:end_rod":1,"minecraft:blaze_rod":19,"minecraft:birch_log":89,"minecraft:magma_block":1,"minecraft:water_bucket":4,"minecraft:dark_oak_boat":5,"minecraft:smoker":9,"minecraft:flint":176,"minecraft:map":1,"create:encased_chain_drive":5,"minecraft:large_amethyst_bud":2,"create:shaft":2,"minecraft:rabbit":6,"minecraft:diamond_helmet":6,"minecraft:moss_block":10,"minecraft:stripped_crimson_stem":2,"minecraft:stripped_spruce_log":53,"sophisticatedbackpacks:iron_backpack":4,"minecraft:ink_sac":34,"minecraft:dark_oak_log":14,"minecraft:polished_andesite":1,"minecraft:dispenser":1,"minecraft:deepslate":923,"minecraft:deepslate_gold_ore":27,"minecraft:bread":54,"minecraft:deepslate_coal_ore":29,"minecraft:rooted_dirt":38,"minecraft:dark_oak_fence":3,"minecraft:crimson_roots":6,"minecraft:diamond_pickaxe":9,"minecraft:crafting_table":29,"minecraft:coarse_dirt":5,"minecraft:nether_wart":4,"minecraft:clay_ball":448,"minecraft:dragon_head":2,"minecraft:purpur_block":15,"minecraft:cornflower":1,"minecraft:red_bed":14,"minecraft:elytra":1,"minecraft:acacia_door":14,"minecraft:flint_and_steel":3,"minecraft:compass":4,"minecraft:iron_shovel":1,"create:deepslate_zinc_ore":28,"minecraft:glass_pane":30,"minecraft:cracked_stone_bricks":10,"minecraft:deepslate_diamond_ore":65,"minecraft:beef":13,"minecraft:iron_nugget":100,"minecraft:poppy":196,"minecraft:spruce_slab":54,"minecraft:minecart":33,"minecraft:chest":27,"minecraft:birch_sapling":23,"minecraft:piston":6,"minecraft:egg":4,"minecraft:copper_ore":5,"minecraft:stone":2321,"minecraft:oak_door":5,"sophisticatedbackpacks:backpack":5,"minecraft:amethyst_cluster":1,"minecraft:spruce_fence":1,"minecraft:cake":1,"create:copper_backtank":5,"minecraft:carrot":354,"minecraft:redstone":358,"minecraft:diamond_chestplate":6,"minecraft:decorated_pot":1,"minecraft:peony":1,"minecraft:deepslate_bricks":42,"minecraft:shears":5,"minecraft:diamond_boots":6,"minecraft:purpur_slab":2,"minecraft:gold_ingot":1,"minecraft:totem_of_undying":3,"minecraft:glow_berries":1,"minecraft:mutton":21,"minecraft:white_wool":156,"minecraft:rail":714,"minecraft:emerald_ore":2,"minecraft:oxeye_daisy":1,"minecraft:lapis_ore":2,"minecraft:smooth_red_sandstone":3,"minecraft:tripwire_hook":1,"minecraft:purpur_stairs":2,"minecraft:oak_log":243,"minecraft:lily_pad":38,"minecraft:ancient_debris":19,"minecraft:golden_boots":2,"minecraft:white_banner":10,"minecraft:light_blue_banner":2,"minecraft:apple":1,"minecraft:stone_bricks":715,"minecraft:kelp":2,"minecraft:oak_fence_gate":17,"minecraft:stone_pickaxe":2,"minecraft:iron_ore":68,"minecraft:cobweb":3,"minecraft:glass_bottle":2,"minecraft:smooth_basalt":9,"minecraft:sweet_berries":2,"minecraft:sculk":12,"minecraft:cracked_nether_bricks":3,"minecraft:gravel":625,"minecraft:spruce_sapling":92,"minecraft:spruce_log":1331,"minecraft:crying_obsidian":4,"minecraft:sea_lantern":1,"minecraft:dragon_egg":4,"minecraft:diamond_shovel":3,"minecraft:coal_ore":6,"minecraft:snort_pottery_sherd":4,"minecraft:stone_axe":3,"minecraft:redstone_ore":1,"minecraft:diamond_axe":3,"minecraft:deepslate_redstone_ore":39,"minecraft:gray_wool":252,"minecraft:warped_roots":4,"minecraft:oak_button":1,"minecraft:brown_banner":2,"minecraft:melon_seeds":2,"minecraft:warped_nylium":4,"minecraft:crimson_nylium":23,"minecraft:hopper":26,"minecraft:ender_pearl":37,"minecraft:shulker_shell":38,"minecraft:nether_brick_fence":6,"minecraft:redstone_block":1,"minecraft:ender_chest":33,"minecraft:potion":1,"minecraft:stone_brick_stairs":17,"minecraft:deepslate_lapis_ore":7,"minecraft:experience_bottle":1,"minecraft:purple_banner":5,"minecraft:zombie_head":1,"minecraft:comparator":6,"minecraft:bucket":1,"minecraft:white_tulip":2,"minecraft:redstone_torch":2,"minecraft:cobblestone_slab":1,"minecraft:deepslate_iron_ore":28,"minecraft:furnace":12,"minecraft:stick":342,"minecraft:oak_fence":1,"minecraft:torch":144,"minecraft:spruce_stairs":104,"minecraft:porkchop":18,"minecraft:pointed_dripstone":4,"minecraft:sniffer_egg":1,"minecraft:andesite_wall":7,"minecraft:nether_gold_ore":11,"create:cut_tuff_bricks":1,"minecraft:rotten_flesh":278,"minecraft:mangrove_roots":2,"minecraft:deepslate_copper_ore":3,"minecraft:obsidian":23,"minecraft:cobblestone":366,"minecraft:lilac":1,"minecraft:repeater":1,"minecraft:andesite":113,"minecraft:beacon":2,"minecraft:potato":1,"minecraft:tuff":186,"create:raw_zinc":48,"minecraft:wither_skeleton_skull":3,"minecraft:lapis_lazuli":116,"minecraft:dirt":1739,"minecraft:leather_boots":5,"minecraft:glass":22,"minecraft:bone":87,"minecraft:acacia_planks":16,"minecraft:bow":11,"minecraft:wheat_seeds":52,"minecraft:orange_tulip":9,"minecraft:raw_gold":54,"minecraft:grindstone":1,"minecraft:mossy_stone_bricks":28,"minecraft:fletching_table":4,"minecraft:powered_rail":2,"minecraft:oak_planks":9,"minecraft:stone_hoe":1,"minecraft:mossy_stone_brick_stairs":1,"minecraft:ghast_tear":4,"create:cogwheel":1,"minecraft:sand":235,"minecraft:melon":64,"minecraft:grass_block":195,"minecraft:jungle_slab":1,"minecraft:shulker_box":10,"minecraft:mossy_cobblestone":45,"minecraft:light_gray_terracotta":219,"minecraft:sugar":8,"minecraft:clay":3,"minecraft:diamond":205,"minecraft:spruce_boat":17,"minecraft:cracked_polished_blackstone_bricks":67,"minecraft:crossbow":2,"minecraft:grass":2,"minecraft:bone_meal":30,"minecraft:golden_apple":7,"minecraft:spruce_sign":3,"minecraft:emerald":68,"minecraft:oak_sapling":54,"minecraft:netherrack":4909,"minecraft:chorus_fruit":8,"minecraft:oak_leaves":2,"minecraft:nether_star":1,"minecraft:end_stone_bricks":5,"minecraft:splash_potion":1,"minecraft:chicken":3,"minecraft:ladder":15,"minecraft:brown_mushroom":3,"minecraft:packed_ice":7,"minecraft:wooden_pickaxe":1,"minecraft:stone_brick_wall":5,"minecraft:gold_block":16,"minecraft:shield":4,"minecraft:oak_trapdoor":34,"minecraft:moss_carpet":1,"minecraft:iron_axe":4,"minecraft:item_frame":2,"minecraft:mycelium":7,"minecraft:blackstone":436,"minecraft:oak_boat":46,"minecraft:player_head":15,"minecraft:observer":1,"minecraft:light_gray_wool":3,"minecraft:lectern":928,"minecraft:sugar_cane":312,"minecraft:spruce_trapdoor":97,"minecraft:phantom_membrane":4,"create:sequenced_gearshift":1,"minecraft:raw_iron":266,"minecraft:end_stone":29,"minecraft:copper_ingot":2,"minecraft:bowl":2,"minecraft:polished_blackstone_bricks":143,"create:hand_crank":2,"minecraft:iron_horse_armor":1,"minecraft:stone_pressure_plate":38,"minecraft:arrow":214,"minecraft:nether_bricks":62,"minecraft:saddle":1,"minecraft:black_banner":3,"minecraft:soul_campfire":1,"minecraft:basalt":3,"minecraft:golden_carrot":27,"minecraft:glow_ink_sac":4,"minecraft:crimson_stem":3,"minecraft:magenta_banner":3,"minecraft:leather":4,"minecraft:ice":17,"minecraft:nether_wart_block":33,"minecraft:gunpowder":21,"minecraft:cobblestone_stairs":1,"minecraft:wooden_hoe":1,"minecraft:red_nether_brick_stairs":2,"minecraft:rabbit_hide":3,"minecraft:iron_ingot":1416,"minecraft:acacia_sapling":7,"minecraft:soul_sand":59,"sophisticatedbackpacks:diamond_backpack":6,"minecraft:book":189,"minecraft:oak_slab":5,"minecraft:warped_fungus":1,"minecraft:nether_quartz_ore":294,"minecraft:pumpkin":441,"minecraft:chiseled_stone_bricks":3,"minecraft:brush":2,"minecraft:stone_brick_slab":26,"minecraft:quartz":449,"minecraft:dripstone_block":9,"minecraft:lava_bucket":3,"minecraft:amethyst_shard":8,"minecraft:white_bed":19,"minecraft:spruce_door":3,"minecraft:spider_eye":12,"minecraft:pumpkin_seeds":4,"minecraft:cherry_sapling":2,"minecraft:coal":147},"minecraft:killed":{"minecraft:cave_spider":1,"minecraft:shulker":22,"minecraft:pufferfish":1,"minecraft:skeleton":270,"minecraft:chicken":2,"minecraft:tropical_fish":1,"minecraft:cat":1,"minecraft:iron_golem":5,"minecraft:ender_dragon":1,"minecraft:pillager":28,"minecraft:zombie":819,"minecraft:glow_squid":1,"minecraft:cow":5,"minecraft:evoker":3,"minecraft:vindicator":5,"minecraft:rabbit":5,"minecraft:ravager":1,"minecraft:enderman":22,"minecraft:zombified_piglin":2,"minecraft:witch":3,"minecraft:spider":30,"minecraft:wither":1,"minecraft:piglin_brute":2,"minecraft:piglin":7,"minecraft:pig":8,"minecraft:zombie_villager":1,"minecraft:creeper":19,"minecraft:sheep":18,"minecraft:ghast":2,"minecraft:blaze":35,"minecraft:phantom":7,"minecraft:drowned":10,"minecraft:hoglin":2,"minecraft:squid":12,"minecraft:wither_skeleton":24,"minecraft:villager":3},"minecraft:crafted":{"minecraft:ender_chest":1,"minecraft:oak_sign":3,"minecraft:melon":872,"minecraft:blaze_powder":36,"sophisticatedbackpacks:crafting_upgrade":1,"minecraft:lever":12,"minecraft:diamond_shovel":2,"minecraft:bookshelf":27,"minecraft:cooked_mutton":8,"minecraft:shulker_box":2,"sophisticatedbackpacks:smelting_upgrade":1,"minecraft:diamond_helmet":2,"minecraft:diamond_leggings":3,"minecraft:beacon":1,"minecraft:melon_seeds":76,"minecraft:polished_blackstone":396,"minecraft:magenta_dye":2,"minecraft:glass_bottle":72,"minecraft:emerald":447,"minecraft:soul_campfire":1,"minecraft:cooked_porkchop":5,"minecraft:diamond_axe":3,"minecraft:spruce_door":24,"minecraft:copper_ingot":1,"minecraft:fletching_table":1,"minecraft:lectern":10,"minecraft:stone_slab":6,"minecraft:compass":1,"minecraft:iron_pickaxe":3,"minecraft:iron_block":259,"minecraft:acacia_door":3,"minecraft:gold_ingot":176,"minecraft:netherite_ingot":1,"minecraft:composter":2,"minecraft:polished_blackstone_bricks":364,"minecraft:golden_carrot":45,"minecraft:iron_nugget":36,"minecraft:spyglass":1,"minecraft:experience_bottle":52,"minecraft:diamond_hoe":1,"minecraft:bone_meal":18,"create:copper_backtank":1,"minecraft:white_carpet":3,"minecraft:lantern":2,"minecraft:spruce_stairs":624,"minecraft:ladder":30,"minecraft:spruce_slab":642,"minecraft:ender_pearl":12,"minecraft:stone_pickaxe":1,"minecraft:diamond_boots":2,"minecraft:spruce_boat":2,"minecraft:redstone_block":38,"minecraft:dark_oak_planks":16,"minecraft:golden_helmet":1,"minecraft:polished_blackstone_brick_slab":26,"minecraft:enchanting_table":1,"minecraft:deepslate_brick_slab":6,"sophisticatedbackpacks:gold_backpack":1,"minecraft:glowstone":12,"minecraft:enchanted_book":16,"minecraft:orange_dye":1,"minecraft:polished_blackstone_brick_wall":12,"minecraft:oak_fence_gate":5,"minecraft:golden_apple":10,"minecraft:fermented_spider_eye":2,"create:zinc_block":1,"minecraft:iron_shovel":1,"minecraft:white_bed":44,"create:shaft":8,"minecraft:music_disc_5":1,"minecraft:grindstone":6,"minecraft:oak_planks":3284,"minecraft:dark_oak_boat":3,"minecraft:lightning_rod":1,"minecraft:spruce_pressure_plate":1,"minecraft:suspicious_stew":1,"minecraft:hopper":23,"minecraft:stone_brick_slab":16,"create:copper_nugget":9,"minecraft:bow":2,"minecraft:iron_boots":1,"minecraft:comparator":1,"minecraft:chest":101,"minecraft:oak_button":1,"minecraft:copper_block":1,"minecraft:rail":144,"minecraft:stone_hoe":1,"minecraft:ender_eye":16,"minecraft:stone_bricks":576,"minecraft:golden_boots":1,"minecraft:oak_slab":36,"minecraft:crafting_table":15,"minecraft:spruce_planks":2575,"minecraft:wooden_pickaxe":1,"minecraft:hopper_minecart":1,"minecraft:brewing_stand":1,"minecraft:birch_planks":300,"minecraft:pumpkin_seeds":124,"sophisticatedbackpacks:upgrade_base":2,"minecraft:dispenser":1,"minecraft:apple":60,"minecraft:spruce_trapdoor":60,"minecraft:string":8,"minecraft:paper":198,"minecraft:diamond_pickaxe":5,"minecraft:shield":5,"sophisticatedbackpacks:diamond_backpack":2,"minecraft:stick":6901,"minecraft:iron_ingot":132,"minecraft:stone_sword":1,"minecraft:polished_blackstone_brick_stairs":40,"minecraft:redstone_torch":18,"minecraft:deepslate_bricks":256,"minecraft:shears":3,"minecraft:cookie":36,"minecraft:oak_door":12,"minecraft:redstone":308,"minecraft:stone_button":2,"minecraft:furnace":5,"minecraft:piston":60,"minecraft:diamond_block":1,"minecraft:glass_pane":144,"minecraft:flint_and_steel":2,"minecraft:polished_deepslate":512,"minecraft:iron_axe":4,"minecraft:iron_hoe":1,"minecraft:chiseled_bookshelf":2,"minecraft:minecart":6,"minecraft:observer":48,"sophisticatedbackpacks:iron_backpack":1,"minecraft:cooked_beef":6,"minecraft:sugar":2,"minecraft:red_dye":1,"minecraft:crimson_planks":20,"create:andesite_alloy":5,"minecraft:diamond_sword":3,"minecraft:spruce_sign":30,"minecraft:powered_rail":42,"minecraft:nether_bricks":16,"minecraft:mangrove_planks":20,"minecraft:bucket":2,"minecraft:stone_axe":1,"minecraft:air":0,"minecraft:bread":210,"minecraft:oak_boat":6,"minecraft:white_wool":15,"minecraft:anvil":1,"minecraft:pumpkin_pie":8,"minecraft:acacia_planks":52,"minecraft:torch":124,"minecraft:end_crystal":2,"create:zinc_ingot":9,"minecraft:lapis_lazuli":24,"minecraft:clay":84,"minecraft:diamond_chestplate":2,"minecraft:firework_rocket":153}},"DataVersion":3465}