{
    "processors": [
        {
            "processor_type": "rule",
              "rules": [
                  {
                      "input_predicate": {
                          "predicate_type": "random_block_match",
                          "block": "minecraft:coal_block",
                          "probability": 0.3
                      },
                      "output_state": {
                          "Name": "minecraft:deepslate_emerald_ore"
                      },
                      "location_predicate": {
                          "predicate_type": "always_true"
                      }
                  },
                  {
                      "input_predicate": {
                          "predicate_type": "random_block_match",
                          "block": "minecraft:coal_block",
                          "probability": 0.9
                      },
                      "output_state": {
                          "Name": "minecraft:emerald_block"
                      },
                      "location_predicate": {
                          "predicate_type": "always_true"
                      }
                  }
              ]
        }
    ]
}