{"stats":{"minecraft:killed_by":{"minecraft:zombie_villager":1,"minecraft:player":22,"minecraft:drowned":1,"minecraft:witch":1},"minecraft:used":{"minecraft:iron_bars":64,"minecraft:stone_sword":45,"minecraft:chest":1,"minecraft:stone":31,"minecraft:player_head":2,"minecraft:iron_chestplate":1,"minecraft:dirt":8,"minecraft:mutton":4,"betterend:pink_moss":1,"minecraft:hopper":2,"betterend:tenanea_door":2,"minecraft:wooden_axe":41,"minecraft:bricks":320,"minecraft:lantern":1,"minecraft:iron_axe":106,"minecraft:spruce_button":1,"minecraft:copper_ore":8,"minecraft:iron_boots":2,"minecraft:totem_of_undying":2,"betterend:tenanea_crafting_table":1,"minecraft:bamboo":1,"minecraft:diamond_chestplate":1,"minecraft:bow":2,"minecraft:beef":5,"minecraft:sweet_berries":29,"minecraft:oak_sapling":1,"minecraft:egg":4,"minecraft:pumpkin":2,"minecraft:iron_leggings":2,"minecraft:acacia_boat":9,"minecraft:diorite":7,"minecraft:diamond_boots":2,"minecraft:iron_ore":5,"minecraft:wooden_pickaxe":50,"minecraft:white_wool":1,"betterend:tenanea_planks":64,"minecraft:crafting_table":7,"betterend:tenanea_sapling":1,"minecraft:white_bed":6,"betterend:tenanea_chair":4,"endrem:corrupted_eye":1,"endrem:rogue_eye":1,"minecraft:apple":42,"minecraft:diamond_pickaxe":2697,"minecraft:diamond_shovel":1,"minecraft:bread":26,"betterend:diorite_pedestal":1,"betterend:tenanea_leaves":69,"minecraft:melon_slice":16,"minecraft:diamond_sword":243,"minecraft:wooden_sword":27,"minecraft:purple_bed":1,"minecraft:bucket":1,"minecraft:yellow_bed":3,"minecraft:oak_boat":11,"minecraft:dandelion":1,"minecraft:diamond_leggings":1},"minecraft:custom":{"minecraft:interact_with_smithing_table":3,"minecraft:interact_with_anvil":1,"minecraft:mob_kills":370,"minecraft:inspect_hopper":1,"minecraft:interact_with_crafting_table":33,"minecraft:open_shulker_box":6,"minecraft:leave_game":37,"minecraft:time_since_death":251565,"minecraft:climb_one_cm":134754,"minecraft:sprint_one_cm":268348,"minecraft:walk_one_cm":2460398,"minecraft:drop":690,"minecraft:talked_to_villager":11,"minecraft:play_time":1231511,"minecraft:deaths":27,"minecraft:sneak_time":5605,"minecraft:walk_under_water_one_cm":32505,"minecraft:boat_one_cm":995526,"minecraft:interact_with_brewingstand":1,"minecraft:jump":8749,"minecraft:walk_on_water_one_cm":114054,"minecraft:enchant_item":1,"minecraft:total_world_time":1231511,"minecraft:interact_with_furnace":18,"minecraft:interact_with_cartography_table":1,"minecraft:interact_with_grindstone":1,"minecraft:sleep_in_bed":25,"minecraft:time_since_rest":64608,"minecraft:open_enderchest":11,"minecraft:damage_taken":9778,"minecraft:damage_absorbed":15,"minecraft:damage_dealt":10034,"minecraft:swim_one_cm":6694,"minecraft:fly_one_cm":713163,"minecraft:open_chest":175,"minecraft:crouch_one_cm":11211,"minecraft:fall_one_cm":187038},"minecraft:picked_up":{"minecraft:crafting_table":7,"minecraft:iron_chestplate":2,"minecraft:wheat":9,"minecraft:lead":2,"endrem:corrupted_eye":1,"minecraft:diamond_sword":4,"betterend:tenanea_door":1,"betterend:tenanea_bark":103,"minecraft:raw_copper":86,"minecraft:iron_axe":2,"minecraft:snow":3,"minecraft:iron_leggings":3,"betterend:tenanea_planks":4,"minecraft:diamond_leggings":2,"minecraft:gold_nugget":1,"minecraft:bucket":1,"minecraft:spruce_planks":8,"minecraft:beef":5,"minecraft:oak_boat":12,"minecraft:player_head":3,"minecraft:melon_slice":25,"minecraft:copper_ore":13,"minecraft:iron_boots":3,"minecraft:egg":4,"minecraft:stick":12,"minecraft:raw_iron":8,"minecraft:stone":2236,"minecraft:torch":1,"minecraft:acacia_log":6,"minecraft:diorite":187,"minecraft:carrot":1,"betterend:tenanea_sapling":52,"minecraft:golden_chestplate":1,"minecraft:bamboo_block":1,"minecraft:stone_sword":1,"minecraft:arrow":1,"minecraft:diamond_chestplate":2,"minecraft:rotten_flesh":2,"minecraft:diamond_boots":1,"minecraft:totem_of_undying":1,"endrem:rogue_eye":1,"minecraft:mutton":4,"minecraft:iron_bars":64,"minecraft:white_wool":3,"minecraft:cobblestone":105,"minecraft:basalt":10,"minecraft:golden_carrot":2,"betterend:tenanea_slab":4,"minecraft:leather":1,"betterend:tenanea_flowers":6,"minecraft:flint":2,"create:andesite_alloy":6,"minecraft:oak_log":24,"minecraft:lily_pad":46,"minecraft:ancient_debris":1,"minecraft:yellow_bed":4,"minecraft:gunpowder":4,"minecraft:acacia_boat":8,"minecraft:lapis_lazuli":71,"minecraft:dirt":230,"minecraft:lantern":1,"minecraft:apple":52,"minecraft:kelp":4,"minecraft:bow":6,"minecraft:wheat_seeds":26,"minecraft:iron_ingot":4,"minecraft:iron_ore":5,"create:goggles":1,"create:shaft":1,"minecraft:bamboo":247,"minecraft:diamond_helmet":3,"minecraft:book":3,"minecraft:pumpkin":2,"minecraft:sweet_berries":65,"minecraft:dandelion":2,"minecraft:gravel":168,"minecraft:spruce_sapling":7,"minecraft:white_bed":7,"betterend:tenanea_chair":3,"minecraft:spruce_log":6,"betterend:tenanea_outer_leaves":56,"minecraft:diamond_shovel":2,"minecraft:purple_bed":1,"create:brass_ingot":1,"minecraft:iron_helmet":1,"minecraft:granite":4,"minecraft:spruce_button":2,"minecraft:emerald":20,"minecraft:bread":114,"betterend:tenanea_leaves":223,"betterend:diorite_pedestal":1,"minecraft:oak_sapling":5,"minecraft:netherrack":1,"minecraft:coal":1,"minecraft:bricks":526,"minecraft:hopper":2,"minecraft:diamond_pickaxe":7},"minecraft:killed":{"minecraft:witch":2,"minecraft:spider":1,"minecraft:skeleton":114,"minecraft:chicken":2,"minecraft:creeper":105,"minecraft:sheep":2,"minecraft:zombie":138,"minecraft:enderman":3,"minecraft:cow":3},"minecraft:mined":{"minecraft:white_bed":5,"minecraft:granite":82,"minecraft:acacia_log":6,"minecraft:grass_block":9,"minecraft:spruce_leaves":15,"minecraft:hopper":3,"betterend:tenanea_chair":4,"minecraft:iron_ore":10,"minecraft:cobbled_deepslate":2,"minecraft:pumpkin":2,"minecraft:peony":1,"betterend:tenanea_leaves":31,"minecraft:bookshelf":1,"minecraft:bamboo":48,"minecraft:stone":2042,"minecraft:white_wool":1,"minecraft:orange_bed":1,"minecraft:podzol":4,"minecraft:basalt":455,"minecraft:crafting_table":5,"betterend:tenanea_planks":4,"minecraft:melon":5,"minecraft:mushroom_stem":9,"minecraft:copper_ore":26,"minecraft:lapis_ore":5,"minecraft:bricks":5,"minecraft:diorite":81,"minecraft:wall_torch":1,"minecraft:seagrass":2,"minecraft:purple_bed":1,"minecraft:wheat":8,"minecraft:sweet_berry_bush":18,"minecraft:ice":5,"minecraft:spruce_log":6,"minecraft:birch_leaves":1,"minecraft:yellow_bed":4,"minecraft:grass":29,"minecraft:coal_ore":4,"minecraft:oak_log":24,"minecraft:gravel":1,"minecraft:dirt":12,"betterend:tenanea_flowers":1,"minecraft:oak_leaves":33,"minecraft:fern":1},"minecraft:dropped":{"minecraft:water_bucket":1,"minecraft:bread":4,"betterend:tenanea_slab":4,"minecraft:wheat_seeds":1,"minecraft:lapis_lazuli":1,"minecraft:crafting_table":2,"minecraft:diamond_leggings":1,"minecraft:book":3,"minecraft:cobblestone":17,"minecraft:apple":4,"minecraft:granite":4,"betterend:tenanea_sapling":26,"minecraft:bamboo_block":1,"minecraft:coal":1,"betterend:tenanea_outer_leaves":28,"betterend:tenanea_flowers":3,"minecraft:dirt":178,"minecraft:diorite":2,"minecraft:golden_carrot":2,"minecraft:iron_leggings":1,"betterend:tenanea_leaves":153,"minecraft:iron_axe":1,"minecraft:spruce_sapling":3,"minecraft:bricks":206,"minecraft:sweet_berries":5,"minecraft:stone_sword":2,"minecraft:rotten_flesh":2,"minecraft:iron_boots":1,"minecraft:diamond_shovel":1,"minecraft:white_bed":1,"betterend:tenanea_door":1,"minecraft:diamond_sword":2,"minecraft:snow":3,"minecraft:stone":581,"minecraft:gunpowder":2,"minecraft:diamond_pickaxe":4,"minecraft:oak_boat":1,"minecraft:oak_sapling":1,"create:brass_ingot":1,"minecraft:bamboo":7,"minecraft:spruce_log":13,"minecraft:bow":2,"minecraft:stone_pickaxe":1,"create:water_wheel":1,"minecraft:netherrack":116},"minecraft:broken":{"minecraft:golden_boots":1,"minecraft:golden_leggings":1,"minecraft:wooden_axe":1},"minecraft:crafted":{"minecraft:wooden_sword":1,"minecraft:oak_planks":96,"betterend:tenanea_door":3,"minecraft:iron_axe":1,"minecraft:stone_pickaxe":1,"minecraft:chest":1,"minecraft:netherite_scrap":1,"betterend:tenanea_planks":412,"minecraft:wooden_shovel":1,"minecraft:crafting_table":5,"betterend:tenanea_slab":6,"minecraft:spruce_planks":24,"betterend:tenanea_crafting_table":1,"minecraft:gravel":40,"minecraft:wooden_pickaxe":1,"minecraft:copper_ingot":43,"minecraft:acacia_boat":1,"minecraft:bread":2,"betterend:tenanea_chair":1,"minecraft:oak_boat":3,"minecraft:string":4,"minecraft:gold_nugget":2,"create:water_wheel":1,"minecraft:stick":692,"minecraft:iron_ingot":8,"minecraft:wooden_axe":2,"minecraft:stone_sword":1,"minecraft:gold_ingot":1,"minecraft:acacia_planks":24}},"DataVersion":3465}