{"stats":{"minecraft:broken":{"minecraft:shears":1,"minecraft:iron_sword":1,"minecraft:bow":1,"minecraft:leather_helmet":1,"minecraft:stone_sword":1,"minecraft:chainmail_helmet":1,"minecraft:iron_axe":1,"minecraft:iron_pickaxe":1,"minecraft:stone_axe":1,"minecraft:wooden_axe":1,"minecraft:stone_shovel":4,"minecraft:golden_chestplate":1,"minecraft:golden_hoe":1,"minecraft:flint_and_steel":1},"minecraft:killed":{"minecraft:cod":5,"minecraft:skeleton":397,"minecraft:chicken":4,"minecraft:donkey":2,"minecraft:zombie":346,"minecraft:cow":1,"minecraft:rabbit":1,"minecraft:witch":7,"minecraft:spider":7,"minecraft:silverfish":2,"minecraft:pig":6,"minecraft:zombie_villager":10,"minecraft:creeper":346,"minecraft:sheep":16,"minecraft:trader_llama":1,"minecraft:squid":2,"minecraft:player":1},"minecraft:dropped":{"minecraft:iron_sword":1,"minecraft:crafting_table":1,"minecraft:item_frame":1,"minecraft:emerald":22,"minecraft:dirt":256,"minecraft:black_stained_glass_pane":2,"minecraft:gold_nugget":2,"minecraft:bone_meal":60,"minecraft:sand":2,"minecraft:iron_pickaxe":2,"minecraft:dark_oak_planks":6,"minecraft:white_wool":5,"minecraft:bone":1,"minecraft:sugar_cane":2,"minecraft:ancient_debris":1,"minecraft:iron_nugget":17,"minecraft:cobbled_deepslate":4,"minecraft:wheat":1,"minecraft:birch_sapling":10,"minecraft:obsidian":26,"minecraft:rotten_flesh":11,"minecraft:oak_planks":2,"minecraft:azure_bluet":14,"minecraft:white_bed":1,"minecraft:dark_oak_fence_gate":1,"minecraft:ladder":12,"minecraft:leather_leggings":1,"minecraft:lectern":2,"minecraft:iron_ingot":20,"minecraft:netherite_pickaxe":2,"minecraft:wheat_seeds":21,"minecraft:tnt":6,"minecraft:iron_helmet":1,"minecraft:cobblestone":145,"minecraft:apple":15,"minecraft:spruce_door":2,"minecraft:lava_bucket":2,"minecraft:golden_carrot":1,"minecraft:rabbit":4,"minecraft:diamond_helmet":1,"minecraft:dried_kelp":4,"minecraft:oak_stairs":2,"minecraft:golden_hoe":1,"minecraft:chainmail_leggings":1,"minecraft:paper":9,"minecraft:string":5,"minecraft:spruce_sapling":16,"minecraft:moss_carpet":4,"minecraft:player_head":2,"minecraft:stone_sword":2,"minecraft:deepslate":75,"minecraft:iron_boots":1,"minecraft:spruce_fence":1,"minecraft:shears":1,"minecraft:diamond_sword":9,"minecraft:spruce_boat":1,"minecraft:stone":527,"minecraft:spruce_planks":4,"minecraft:diamond_pickaxe":5,"minecraft:bow":2,"minecraft:red_sand":7,"minecraft:cooked_rabbit":1,"minecraft:moss_block":31,"minecraft:oak_log":2,"minecraft:ender_pearl":14,"minecraft:lantern":1,"minecraft:leather":2,"minecraft:cobblestone_stairs":2,"minecraft:snowball":18,"minecraft:gold_ingot":5,"minecraft:gravel":40,"minecraft:fern":1,"minecraft:diamond_shovel":1,"minecraft:cooked_mutton":17,"minecraft:carrot":1,"minecraft:ward_armor_trim_smithing_template":4,"minecraft:rabbit_hide":1,"minecraft:gunpowder":3,"minecraft:melon_seeds":2,"minecraft:azalea":1,"minecraft:chainmail_boots":1,"minecraft:basalt":1,"minecraft:arrow":22,"minecraft:quartz":26,"minecraft:netherrack":7,"minecraft:firework_rocket":20,"minecraft:water_bucket":2,"minecraft:stone_hoe":1,"minecraft:oak_slab":3,"minecraft:minecart":1,"minecraft:diamond_leggings":2,"minecraft:lead":4,"minecraft:grass_block":2,"minecraft:stick":34,"minecraft:diorite":6,"minecraft:torch":128,"minecraft:melon_slice":1,"minecraft:iron_leggings":1,"minecraft:stonecutter":1,"minecraft:iron_axe":2,"minecraft:bucket":2,"minecraft:dandelion":1,"minecraft:redstone":1,"minecraft:polished_diorite":26,"minecraft:oak_trapdoor":1,"minecraft:ender_chest":3,"minecraft:light_gray_wool":1,"minecraft:iron_hoe":2,"minecraft:shulker_box":1,"minecraft:glass_pane":64,"minecraft:flint_and_steel":1,"minecraft:filled_map":4,"minecraft:snow":19,"minecraft:diamond_chestplate":2,"minecraft:iron_chestplate":1,"minecraft:andesite":11,"minecraft:quartz_stairs":2,"minecraft:golden_leggings":1,"minecraft:oak_sapling":5,"minecraft:diamond_boots":2,"minecraft:spruce_log":132,"minecraft:brick":64},"minecraft:picked_up":{"minecraft:birch_door":2,"minecraft:chainmail_boots":14,"minecraft:smithing_table":1,"minecraft:lead":13,"minecraft:diamond_sword":11,"minecraft:string":19,"minecraft:diamond_leggings":10,"minecraft:gold_nugget":35,"minecraft:cobbled_deepslate":210,"minecraft:spruce_planks":75,"minecraft:written_book":1,"minecraft:azalea_leaves":54,"minecraft:melon_slice":81,"minecraft:golden_helmet":3,"minecraft:cherry_log":538,"minecraft:golden_chestplate":19,"minecraft:gray_shulker_box":9,"minecraft:rabbit_foot":1,"minecraft:stone_sword":17,"minecraft:light_blue_wool":5,"minecraft:iron_block":3,"minecraft:netherite_chestplate":1,"minecraft:iron_bars":2,"minecraft:snowball":1266,"minecraft:birch_log":92,"minecraft:feather":1,"minecraft:cherry_leaves":1272,"minecraft:water_bucket":10,"minecraft:jungle_log":3,"minecraft:flint":11,"minecraft:cherry_fence":131,"minecraft:netherite_leggings":1,"minecraft:lantern":2,"minecraft:stonecutter":3,"minecraft:diamond_helmet":8,"minecraft:rabbit":4,"minecraft:moss_block":31,"minecraft:stripped_spruce_log":43,"minecraft:ink_sac":3,"minecraft:loom":5,"minecraft:dark_oak_log":7,"minecraft:iron_hoe":12,"minecraft:deepslate":19,"minecraft:chainmail_helmet":30,"minecraft:bread":32,"minecraft:rooted_dirt":1,"minecraft:dark_oak_fence":2,"minecraft:diamond_pickaxe":25,"minecraft:spruce_leaves":37,"minecraft:crafting_table":29,"minecraft:clay_ball":64,"minecraft:stripped_cherry_log":18,"minecraft:cornflower":3,"minecraft:elytra":1,"minecraft:flint_and_steel":1,"minecraft:snow":37,"minecraft:glass_pane":1,"minecraft:deepslate_diamond_ore":2,"minecraft:beef":1,"minecraft:poppy":7,"minecraft:spruce_slab":7,"minecraft:quartz_stairs":9,"minecraft:chest":6,"minecraft:birch_sapling":11,"minecraft:egg":13,"minecraft:stone":985,"minecraft:spruce_fence":103,"minecraft:fire_charge":2,"minecraft:white_dye":2,"minecraft:carrot":231,"minecraft:redstone":3,"minecraft:netherite_pickaxe":2,"minecraft:tnt":7,"minecraft:diamond_chestplate":9,"minecraft:deepslate_bricks":3,"minecraft:shears":2,"minecraft:diamond_boots":9,"minecraft:gold_ingot":50,"minecraft:totem_of_undying":2,"minecraft:white_shulker_box":37,"minecraft:mutton":24,"minecraft:white_wool":49,"minecraft:emerald_ore":1,"minecraft:lime_bed":1,"minecraft:birch_leaves":1,"minecraft:yellow_shulker_box":3,"minecraft:fern":2,"minecraft:red_mushroom":1,"minecraft:filled_map":3,"minecraft:oak_log":122,"minecraft:lily_pad":1,"minecraft:ancient_debris":2,"minecraft:golden_boots":2,"minecraft:blue_bed":4,"minecraft:paper":178,"minecraft:white_banner":1,"minecraft:apple":67,"minecraft:stone_bricks":2,"minecraft:kelp":3,"minecraft:glass_bottle":11,"minecraft:iron_sword":4,"minecraft:sweet_berries":69,"minecraft:gravel":116,"minecraft:spruce_sapling":87,"minecraft:spruce_log":503,"minecraft:leather_helmet":3,"minecraft:firework_rocket":1569,"minecraft:diamond_shovel":4,"minecraft:coal_ore":2,"minecraft:purple_bed":2,"minecraft:polished_diorite":39,"minecraft:light_blue_carpet":16,"minecraft:diamond_axe":2,"minecraft:gray_wool":1,"minecraft:baked_potato":1,"minecraft:melon_seeds":33,"minecraft:pink_dye":4,"minecraft:ender_pearl":28,"minecraft:wheat":154,"minecraft:ender_chest":43,"minecraft:potion":3,"minecraft:stone_brick_stairs":3,"minecraft:raw_copper":3,"minecraft:iron_leggings":2,"minecraft:oak_sign":1,"minecraft:deepslate_tiles":8,"minecraft:black_shulker_box":3,"minecraft:bucket":10,"minecraft:azalea":1,"minecraft:smooth_quartz":5,"minecraft:iron_pickaxe":6,"minecraft:iron_boots":2,"minecraft:furnace":2,"minecraft:stick":357,"minecraft:orange_shulker_box":7,"minecraft:birch_trapdoor":5,"minecraft:oak_fence":2,"minecraft:torch":141,"minecraft:spruce_stairs":7,"minecraft:porkchop":3,"minecraft:dried_kelp":4,"minecraft:pointed_dripstone":2,"minecraft:diorite":71,"minecraft:cactus":3,"minecraft:rotten_flesh":85,"minecraft:spruce_hanging_sign":2,"minecraft:obsidian":24,"minecraft:cod":8,"minecraft:cobblestone":386,"minecraft:pink_petals":3,"minecraft:cherry_planks":3,"minecraft:andesite":4,"minecraft:golden_leggings":10,"minecraft:lapis_lazuli":4,"minecraft:green_shulker_box":1,"minecraft:dirt":1221,"minecraft:stripped_birch_log":1,"minecraft:glass":1,"minecraft:bone":112,"minecraft:bow":25,"minecraft:wheat_seeds":567,"minecraft:bamboo":748,"minecraft:oak_planks":48,"minecraft:stone_hoe":2,"minecraft:cooked_porkchop":62,"minecraft:jungle_planks":1,"minecraft:black_stained_glass_pane":2,"minecraft:sand":46,"minecraft:light_blue_shulker_box":16,"minecraft:lily_of_the_valley":4,"minecraft:grass_block":623,"minecraft:cyan_bed":1,"minecraft:shulker_box":88,"minecraft:spruce_fence_gate":1,"minecraft:diamond":10,"minecraft:spruce_boat":1,"minecraft:netherite_helmet":1,"minecraft:bone_meal":813,"minecraft:spruce_sign":3,"minecraft:emerald":66,"minecraft:oak_sapling":25,"minecraft:netherrack":429,"minecraft:azure_bluet":50,"minecraft:chicken":13,"minecraft:ladder":389,"minecraft:brown_mushroom":2,"minecraft:cooked_rabbit":5,"minecraft:oak_trapdoor":1,"minecraft:moss_carpet":4,"minecraft:iron_axe":6,"minecraft:candle":4,"minecraft:oak_boat":1,"minecraft:player_head":79,"minecraft:light_gray_wool":3,"minecraft:lectern":5,"minecraft:sugar_cane":552,"minecraft:cherry_trapdoor":18,"minecraft:dark_oak_sapling":8,"minecraft:copper_ingot":1,"minecraft:flowering_azalea_leaves":18,"minecraft:quartz_pillar":2,"minecraft:dark_oak_planks":6,"minecraft:cherry_fence_gate":19,"minecraft:arrow":214,"minecraft:red_shulker_box":4,"minecraft:pumpkin_pie":17,"minecraft:golden_hoe":2,"minecraft:ward_armor_trim_smithing_template":4,"minecraft:netherite_boots":1,"minecraft:jungle_boat":5,"minecraft:basalt":1,"minecraft:golden_carrot":9,"minecraft:leather":8,"minecraft:birch_planks":56,"minecraft:chainmail_chestplate":1,"minecraft:gunpowder":932,"minecraft:yellow_bed":7,"minecraft:cobblestone_wall":1,"minecraft:cobblestone_stairs":53,"minecraft:cooked_mutton":85,"minecraft:rabbit_hide":4,"minecraft:iron_ingot":143,"minecraft:oak_slab":3,"minecraft:brush":1,"minecraft:quartz":199,"minecraft:dandelion":9,"minecraft:lava_bucket":4,"minecraft:white_bed":7,"minecraft:dark_oak_fence_gate":1,"minecraft:spider_eye":16,"minecraft:spruce_door":17,"minecraft:chainmail_leggings":12,"minecraft:iron_helmet":1,"minecraft:cherry_sapling":102,"minecraft:black_wool":9},"minecraft:crafted":{"minecraft:ender_chest":1,"minecraft:black_dye":5,"minecraft:chain":1,"minecraft:birch_slab":6,"minecraft:loom":1,"minecraft:shulker_box":11,"minecraft:cooked_mutton":9,"minecraft:glass":29,"minecraft:melon_seeds":3,"minecraft:birch_door":3,"minecraft:name_tag":5,"minecraft:cooked_rabbit":3,"minecraft:deepslate":4,"minecraft:emerald":11,"minecraft:jungle_boat":1,"minecraft:spruce_door":6,"minecraft:copper_ingot":1,"minecraft:campfire":1,"minecraft:golden_leggings":1,"minecraft:iron_pickaxe":1,"minecraft:light_blue_bed":1,"minecraft:gold_ingot":3,"minecraft:netherite_ingot":9,"minecraft:spruce_fence_gate":2,"minecraft:birch_stairs":24,"minecraft:stone_shovel":4,"minecraft:orange_shulker_box":1,"minecraft:iron_nugget":54,"minecraft:player_head":16,"minecraft:bone_meal":492,"minecraft:spruce_fence":42,"minecraft:pink_dye":2,"minecraft:white_carpet":1,"minecraft:cherry_trapdoor":12,"minecraft:lantern":7,"minecraft:diamond":63,"minecraft:dark_oak_fence":12,"minecraft:spruce_stairs":16,"minecraft:polished_diorite":47,"minecraft:ladder":54,"minecraft:spruce_slab":18,"minecraft:red_shulker_box":1,"minecraft:stone_pickaxe":1,"minecraft:spruce_boat":1,"minecraft:dark_oak_planks":28,"minecraft:golden_helmet":1,"minecraft:ward_armor_trim_smithing_template":8,"minecraft:light_blue_wool":51,"minecraft:enchanted_book":1,"minecraft:orange_dye":2,"minecraft:light_blue_carpet":7,"minecraft:oak_fence_gate":1,"minecraft:cobblestone":3,"minecraft:gray_shulker_box":1,"minecraft:birch_trapdoor":12,"minecraft:wooden_axe":1,"minecraft:oak_stairs":528,"minecraft:iron_leggings":1,"minecraft:brick":61,"minecraft:oak_planks":1695,"minecraft:barrel":10,"minecraft:spruce_hanging_sign":6,"minecraft:cooked_chicken":5,"minecraft:cobweb":30,"minecraft:cobblestone_stairs":88,"minecraft:snow":192,"minecraft:iron_boots":1,"minecraft:chest":17,"minecraft:netherite_upgrade_smithing_template":8,"minecraft:stone_hoe":1,"minecraft:oak_fence":66,"minecraft:cherry_fence":24,"minecraft:polished_diorite_slab":2,"minecraft:golden_boots":1,"minecraft:white_banner":1,"minecraft:oak_slab":54,"minecraft:crafting_table":7,"minecraft:spruce_planks":418,"minecraft:iron_helmet":1,"minecraft:baked_potato":8,"minecraft:wooden_pickaxe":1,"minecraft:brush":1,"minecraft:birch_planks":236,"minecraft:black_shulker_box":1,"minecraft:string":24,"minecraft:iron_chestplate":1,"minecraft:paper":393,"minecraft:charcoal":4,"minecraft:yellow_dye":2,"minecraft:shield":1,"minecraft:stick":430,"minecraft:light_blue_dye":268,"minecraft:iron_ingot":37,"minecraft:light_blue_shulker_box":10,"minecraft:stone_sword":1,"minecraft:snow_block":282,"minecraft:green_shulker_box":1,"minecraft:dark_oak_fence_gate":1,"minecraft:deepslate_bricks":29,"minecraft:shears":11,"minecraft:cherry_planks":64,"minecraft:oak_door":3,"minecraft:golden_chestplate":1,"minecraft:furnace":1,"minecraft:gray_dye":2,"minecraft:glass_pane":64,"minecraft:diamond_block":1,"minecraft:oak_trapdoor":12,"minecraft:netherite_chestplate":1,"minecraft:yellow_shulker_box":1,"minecraft:iron_axe":1,"minecraft:iron_hoe":1,"minecraft:cobblestone_wall":18,"minecraft:cherry_fence_gate":3,"minecraft:red_dye":3,"minecraft:diamond_sword":1,"minecraft:iron_trapdoor":1,"minecraft:bucket":1,"minecraft:stone_axe":2,"minecraft:bread":80,"minecraft:air":0,"minecraft:jungle_planks":12,"minecraft:oak_boat":1,"minecraft:white_wool":6,"minecraft:gold_nugget":1,"minecraft:white_dye":3,"minecraft:torch":32,"minecraft:firework_rocket":1236},"minecraft:mined":{"minecraft:red_shulker_box":4,"minecraft:white_bed":7,"minecraft:cherry_log":78,"minecraft:jungle_leaves":1,"minecraft:light_blue_carpet":13,"minecraft:obsidian":21,"minecraft:jungle_log":3,"minecraft:deepslate_bricks":3,"minecraft:fire":27,"minecraft:cobbled_deepslate":3,"minecraft:white_shulker_box":37,"minecraft:player_head":2,"minecraft:brown_mushroom":2,"minecraft:player_wall_head":1,"minecraft:torch":3,"minecraft:melon":12,"minecraft:dead_bush":1,"minecraft:glass":2,"minecraft:cyan_bed":3,"minecraft:sugar_cane":241,"minecraft:spruce_sign":2,"minecraft:cherry_fence":47,"minecraft:wheat":107,"minecraft:birch_door":2,"minecraft:dark_oak_sapling":1,"minecraft:loom":5,"minecraft:smooth_quartz":5,"minecraft:stonecutter":3,"minecraft:deepslate":94,"minecraft:deepslate_tiles":8,"minecraft:light_blue_wool":5,"minecraft:stripped_birch_log":1,"minecraft:cherry_sapling":3,"minecraft:dark_oak_log":7,"minecraft:shulker_box":87,"minecraft:spruce_fence":4,"minecraft:jungle_planks":1,"minecraft:orange_shulker_box":7,"minecraft:red_mushroom":1,"minecraft:snow":554,"minecraft:andesite":1,"minecraft:vine":2,"minecraft:bamboo":30,"minecraft:cherry_fence_gate":3,"minecraft:ender_chest":39,"minecraft:smithing_table":1,"minecraft:spruce_hanging_sign":1,"minecraft:glass_pane":1,"minecraft:cherry_planks":1,"minecraft:lily_of_the_valley":4,"minecraft:dandelion":6,"minecraft:cornflower":2,"minecraft:short_grass":126,"minecraft:emerald_ore":1,"minecraft:tall_grass":7,"minecraft:diorite":65,"minecraft:purple_bed":2,"minecraft:cobblestone_wall":1,"minecraft:spruce_log":285,"minecraft:birch_leaves":6,"minecraft:quartz_pillar":2,"minecraft:gravel":78,"minecraft:spruce_fence_gate":1,"minecraft:infested_stone":2,"minecraft:fern":11,"minecraft:black_shulker_box":3,"minecraft:spruce_planks":14,"minecraft:cobblestone_stairs":51,"minecraft:cherry_trapdoor":3,"minecraft:grass_block":613,"minecraft:polished_diorite":1,"minecraft:azure_bluet":9,"minecraft:flowering_azalea_leaves":18,"minecraft:iron_bars":2,"minecraft:azalea_leaves":57,"minecraft:spruce_slab":2,"minecraft:blackstone":33,"minecraft:poppy":6,"minecraft:chest":6,"minecraft:nether_quartz_ore":17,"minecraft:cobblestone":34,"minecraft:oak_planks":36,"minecraft:wall_torch":2,"minecraft:pink_petals":2,"minecraft:spruce_wall_hanging_sign":1,"minecraft:seagrass":1,"minecraft:birch_log":92,"minecraft:birch_trapdoor":5,"minecraft:oak_log":122,"minecraft:sand":40,"minecraft:dirt":559,"minecraft:netherrack":255,"minecraft:oak_leaves":46,"minecraft:nether_gold_ore":7,"minecraft:tuff":1,"minecraft:quartz_stairs":7,"minecraft:dark_oak_leaves":22,"minecraft:deepslate_diamond_ore":4,"minecraft:candle":1,"minecraft:stripped_cherry_log":2,"minecraft:gray_shulker_box":9,"minecraft:ladder":10,"minecraft:spruce_leaves":152,"minecraft:large_fern":16,"minecraft:oak_trapdoor":1,"minecraft:furnace":2,"minecraft:carrots":62,"minecraft:stripped_spruce_log":43,"minecraft:peony":1,"minecraft:lantern":1,"minecraft:stone":421,"minecraft:yellow_shulker_box":3,"minecraft:light_blue_shulker_box":16,"minecraft:basalt":155,"minecraft:spruce_door":6,"minecraft:oak_fence":2,"minecraft:crafting_table":14,"minecraft:lectern":3,"minecraft:blue_bed":4,"minecraft:spruce_stairs":7,"minecraft:birch_planks":56,"minecraft:lime_bed":1,"minecraft:green_shulker_box":1,"minecraft:sweet_berry_bush":21,"minecraft:yellow_bed":4,"minecraft:cherry_leaves":233},"minecraft:used":{"minecraft:spruce_slab":12,"minecraft:elytra":7,"minecraft:ladder":29,"minecraft:poppy":2,"minecraft:chest":12,"minecraft:stone":124,"minecraft:white_shulker_box":36,"minecraft:quartz_stairs":8,"minecraft:rotten_flesh":114,"minecraft:lily_of_the_valley":4,"minecraft:snowball":129,"minecraft:stripped_spruce_log":50,"minecraft:spruce_boat":2,"minecraft:quartz_pillar":2,"minecraft:grass_block":160,"minecraft:birch_sapling":1,"minecraft:orange_shulker_box":7,"minecraft:cherry_leaves":17,"minecraft:stone_brick_stairs":3,"minecraft:netherite_boots":1,"minecraft:snow":29,"minecraft:bow":460,"minecraft:sweet_berries":69,"minecraft:oak_sapling":7,"minecraft:furnace":2,"minecraft:egg":4,"minecraft:light_blue_carpet":18,"minecraft:emerald_ore":1,"minecraft:diorite":10,"minecraft:spruce_door":10,"minecraft:cactus":3,"minecraft:wooden_pickaxe":5,"minecraft:jungle_boat":3,"minecraft:sand":14,"minecraft:netherite_helmet":2,"minecraft:deepslate_tiles":88,"minecraft:lectern":3,"minecraft:flowering_azalea_leaves":8,"minecraft:diamond_sword":703,"minecraft:dark_oak_fence":12,"minecraft:birch_log":9,"minecraft:oak_boat":2,"minecraft:oak_trapdoor":1,"minecraft:iron_bars":2,"minecraft:stone_sword":117,"minecraft:netherrack":3,"minecraft:torch":36,"minecraft:oak_fence_gate":1,"minecraft:polished_diorite":101,"minecraft:red_shulker_box":4,"minecraft:iron_axe":251,"minecraft:smooth_quartz":8,"minecraft:cherry_fence_gate":3,"minecraft:totem_of_undying":10,"minecraft:barrel":1,"minecraft:melon_seeds":9,"minecraft:bamboo":5,"minecraft:diamond_chestplate":2,"minecraft:beef":1,"minecraft:cobbled_deepslate":4,"minecraft:cherry_fence":47,"minecraft:cherry_log":43,"minecraft:wheat_seeds":176,"minecraft:water_bucket":69,"minecraft:light_blue_shulker_box":25,"minecraft:rabbit":1,"minecraft:birch_planks":136,"minecraft:yellow_shulker_box":3,"minecraft:cherry_planks":1,"minecraft:spruce_fence_gate":2,"minecraft:deepslate_bricks":32,"minecraft:oak_slab":18,"minecraft:tnt":1,"minecraft:crafting_table":19,"minecraft:white_bed":6,"minecraft:dark_oak_fence_gate":1,"minecraft:spruce_log":107,"minecraft:oak_log":78,"minecraft:diamond_pickaxe":1365,"minecraft:cornflower":1,"minecraft:diamond_shovel":712,"minecraft:iron_pickaxe":140,"minecraft:leather_helmet":1,"minecraft:spruce_sapling":8,"minecraft:cobblestone":179,"minecraft:potion":1,"minecraft:azalea_leaves":8,"minecraft:purple_bed":2,"minecraft:cooked_porkchop":33,"minecraft:glass_pane":57,"minecraft:brush":28,"minecraft:dandelion":1,"minecraft:candle":4,"minecraft:diamond_leggings":3,"minecraft:cherry_sapling":6,"minecraft:iron_sword":133,"minecraft:bell":1,"minecraft:player_head":6,"minecraft:spruce_leaves":24,"minecraft:mutton":15,"minecraft:jungle_planks":4,"minecraft:carrot":198,"minecraft:axolotl_bucket":1,"minecraft:glass":21,"minecraft:lantern":8,"minecraft:light_blue_bed":1,"minecraft:spruce_hanging_sign":2,"minecraft:deepslate_diamond_ore":2,"minecraft:birch_trapdoor":6,"minecraft:written_book":37,"minecraft:dark_oak_sapling":8,"minecraft:golden_boots":1,"minecraft:diamond_boots":4,"minecraft:oak_planks":393,"minecraft:ender_pearl":3,"minecraft:chainmail_helmet":4,"minecraft:blue_bed":3,"minecraft:diamond_axe":628,"minecraft:sugar_cane":14,"minecraft:golden_hoe":4,"minecraft:netherite_leggings":3,"minecraft:loom":6,"minecraft:light_blue_wool":13,"minecraft:shears":315,"minecraft:firework_rocket":1181,"minecraft:gray_shulker_box":9,"minecraft:bread":75,"minecraft:cyan_bed":1,"minecraft:melon_slice":215,"minecraft:deepslate":11,"minecraft:gravel":3,"minecraft:chainmail_boots":6,"minecraft:cooked_rabbit":8,"minecraft:andesite":1,"minecraft:tropical_fish_bucket":1,"minecraft:bone_meal":349,"minecraft:oak_fence":68,"minecraft:flint_and_steel":60,"minecraft:stone_shovel":524,"minecraft:dried_kelp":9,"minecraft:spruce_planks":153,"minecraft:ender_chest":41,"minecraft:stone_hoe":79,"minecraft:cooked_chicken":5,"minecraft:dirt":483,"minecraft:spyglass":13,"minecraft:white_carpet":1,"minecraft:spruce_stairs":35,"minecraft:cobblestone_wall":15,"minecraft:diamond_helmet":3,"minecraft:shulker_box":85,"minecraft:golden_chestplate":5,"minecraft:spruce_fence":32,"minecraft:purple_banner":1,"minecraft:birch_door":3,"minecraft:iron_hoe":11,"minecraft:wooden_axe":59,"minecraft:oak_stairs":10,"minecraft:cherry_trapdoor":3,"minecraft:golden_carrot":3,"minecraft:cooked_mutton":44,"minecraft:cobblestone_stairs":116,"minecraft:netherite_chestplate":8,"minecraft:baked_potato":10,"minecraft:red_nether_bricks":12,"minecraft:black_shulker_box":3,"minecraft:brown_mushroom":2,"minecraft:stonecutter":2,"minecraft:lime_bed":1,"minecraft:apple":90,"minecraft:chicken":6,"minecraft:map":1,"minecraft:golden_leggings":6,"minecraft:stone_axe":124,"minecraft:pink_petals":3,"minecraft:green_shulker_box":1,"minecraft:red_banner":2,"minecraft:bucket":73,"minecraft:yellow_bed":4,"minecraft:pumpkin_pie":17,"minecraft:chainmail_leggings":3},"minecraft:custom":{"minecraft:interact_with_crafting_table":244,"minecraft:open_barrel":267,"minecraft:bell_ring":41,"minecraft:leave_game":126,"minecraft:time_since_death":169719,"minecraft:play_time":3080078,"minecraft:deaths":34,"minecraft:jump":27869,"minecraft:enchant_item":1,"minecraft:interact_with_furnace":62,"minecraft:traded_with_villager":29,"minecraft:sleep_in_bed":118,"minecraft:damage_dealt":29020,"minecraft:horse_one_cm":50422,"minecraft:interact_with_smithing_table":8,"minecraft:interact_with_anvil":37,"minecraft:inspect_hopper":131,"minecraft:sneak_time":212069,"minecraft:interact_with_blast_furnace":1,"minecraft:total_world_time":3080078,"minecraft:interact_with_stonecutter":23,"minecraft:time_since_rest":17648,"minecraft:swim_one_cm":199578,"minecraft:fly_one_cm":4349222,"minecraft:open_chest":1246,"minecraft:fall_one_cm":763965,"minecraft:animals_bred":12,"minecraft:open_shulker_box":741,"minecraft:sprint_one_cm":5077023,"minecraft:drop":1221,"minecraft:talked_to_villager":70,"minecraft:walk_on_water_one_cm":197203,"minecraft:interact_with_loom":1,"minecraft:open_enderchest":278,"minecraft:interact_with_beacon":2,"minecraft:player_kills":1,"minecraft:crouch_one_cm":475012,"minecraft:mob_kills":1161,"minecraft:climb_one_cm":324589,"minecraft:walk_one_cm":4486995,"minecraft:walk_under_water_one_cm":259405,"minecraft:boat_one_cm":521476,"minecraft:interact_with_grindstone":16,"minecraft:damage_taken":33533,"minecraft:damage_absorbed":110,"minecraft:aviate_one_cm":41754778},"minecraft:killed_by":{"minecraft:guardian":4,"minecraft:creeper":1,"minecraft:player":3,"minecraft:skeleton":2}},"DataVersion":3700}