{"stats":{"minecraft:broken":{"minecraft:iron_shovel":1,"minecraft:wooden_pickaxe":1,"minecraft:golden_leggings":1},"minecraft:killed":{"minecraft:spider":1,"minecraft:skeleton":3,"minecraft:chicken":4,"minecraft:pig":8,"minecraft:salmon":18,"minecraft:creeper":3,"minecraft:sheep":8,"minecraft:zombie":7,"minecraft:player":1},"minecraft:dropped":{"minecraft:iron_sword":1,"minecraft:porkchop":8,"minecraft:dark_oak_stairs":12,"minecraft:wheat_seeds":2,"minecraft:diamond":2,"minecraft:cobblestone":4,"minecraft:feather":2,"minecraft:glow_berries":1,"minecraft:jungle_planks":6,"minecraft:spruce_door":4,"minecraft:stick":3,"minecraft:melon_slice":3,"minecraft:iron_axe":1,"minecraft:iron_pickaxe":1,"minecraft:string":2,"minecraft:white_wool":1,"minecraft:stone_axe":1,"minecraft:player_head":3,"minecraft:golden_chestplate":1,"minecraft:stone_sword":1,"minecraft:yellow_wool":2,"minecraft:raw_iron":6,"minecraft:rotten_flesh":2,"minecraft:oak_planks":4,"minecraft:stripped_oak_log":2,"minecraft:spruce_planks":5,"minecraft:oak_sapling":1,"minecraft:arrow":1,"minecraft:wooden_pickaxe":1,"minecraft:stone_pickaxe":1,"minecraft:black_wool":2},"minecraft:picked_up":{"minecraft:crafting_table":15,"minecraft:iron_chestplate":2,"minecraft:chicken":4,"minecraft:ladder":9,"minecraft:yellow_wool":4,"minecraft:diamond_sword":2,"minecraft:wooden_pickaxe":1,"minecraft:shield":2,"minecraft:amethyst_block":134,"minecraft:string":18,"minecraft:cooked_salmon":1,"minecraft:raw_copper":2,"minecraft:iron_leggings":2,"minecraft:iron_shovel":1,"minecraft:cobbled_deepslate":490,"minecraft:spruce_planks":5,"minecraft:player_head":22,"minecraft:calcite":36,"minecraft:melon_slice":67,"minecraft:sugar_cane":42,"minecraft:chest":16,"minecraft:spruce_trapdoor":1,"minecraft:furnace":25,"minecraft:egg":1,"minecraft:stick":62,"minecraft:raw_iron":149,"minecraft:stone":298,"minecraft:oak_door":3,"minecraft:big_dripleaf":1,"minecraft:torch":26,"minecraft:porkchop":19,"minecraft:cherry_log":65,"minecraft:diorite":110,"minecraft:redstone":56,"minecraft:golden_chestplate":1,"minecraft:stone_sword":2,"minecraft:arrow":17,"minecraft:rotten_flesh":10,"minecraft:shears":2,"minecraft:glow_berries":2,"minecraft:obsidian":18,"minecraft:mutton":8,"minecraft:white_wool":7,"minecraft:cobblestone":589,"minecraft:stripped_oak_log":2,"minecraft:feather":8,"minecraft:salmon":17,"minecraft:water_bucket":3,"minecraft:jungle_log":8,"minecraft:golden_leggings":2,"minecraft:birch_planks":13,"minecraft:flint":9,"minecraft:tuff":25,"minecraft:oak_log":36,"minecraft:gunpowder":11,"minecraft:lapis_lazuli":63,"minecraft:dirt":451,"minecraft:leather_boots":1,"minecraft:bone":17,"minecraft:kelp":14,"minecraft:stonecutter":3,"minecraft:wheat_seeds":133,"minecraft:raw_gold":65,"minecraft:stone_pickaxe":2,"minecraft:iron_ingot":5,"minecraft:dark_oak_stairs":12,"minecraft:iron_sword":3,"minecraft:oak_planks":52,"minecraft:smooth_basalt":16,"minecraft:dark_oak_slab":20,"minecraft:sweet_berries":26,"minecraft:gravel":33,"minecraft:jungle_planks":36,"minecraft:sand":2,"minecraft:amethyst_shard":212,"minecraft:stripped_spruce_log":1,"minecraft:white_bed":4,"minecraft:shulker_box":3,"minecraft:spruce_door":4,"minecraft:diamond":25,"minecraft:stone_axe":4,"minecraft:granite":64,"minecraft:cherry_sapling":14,"minecraft:oak_sapling":36,"minecraft:black_wool":2,"minecraft:coal":181,"minecraft:hopper":1,"minecraft:diamond_pickaxe":2},"minecraft:crafted":{"minecraft:cherry_planks":56,"minecraft:oak_door":6,"minecraft:oak_planks":20,"minecraft:cobblestone_slab":4,"minecraft:cooked_chicken":4,"minecraft:furnace":2,"minecraft:shulker_box":1,"minecraft:cooked_mutton":2,"minecraft:hopper":4,"minecraft:stone_pickaxe":2,"minecraft:chest":15,"minecraft:diamond_sword":1,"minecraft:crafting_table":2,"minecraft:spruce_planks":108,"minecraft:wooden_pickaxe":2,"minecraft:cooked_salmon":7,"minecraft:birch_planks":152,"minecraft:bucket":1,"minecraft:stone_axe":3,"minecraft:air":0,"minecraft:jungle_planks":32,"minecraft:spruce_trapdoor":120,"minecraft:iron_chestplate":1,"minecraft:white_wool":4,"minecraft:diamond_pickaxe":1,"minecraft:shield":1,"minecraft:stick":32,"minecraft:iron_ingot":97,"minecraft:iron_pickaxe":2,"minecraft:stone_sword":2,"minecraft:iron_shovel":1,"minecraft:iron_leggings":1,"minecraft:anvil":1,"minecraft:white_bed":1,"minecraft:torch":28},"minecraft:mined":{"minecraft:tuff":27,"minecraft:white_bed":4,"minecraft:deepslate_diamond_ore":13,"minecraft:oak_door":1,"minecraft:cherry_log":28,"minecraft:spruce_trapdoor":2,"minecraft:cherry_sapling":1,"minecraft:cave_vines_plant":4,"minecraft:granite":4,"minecraft:shulker_box":3,"minecraft:obsidian":18,"minecraft:ladder":3,"minecraft:budding_amethyst":6,"minecraft:grass_block":162,"minecraft:jungle_log":8,"minecraft:spruce_leaves":3,"minecraft:hopper":1,"minecraft:kelp":1,"minecraft:moss_block":1,"minecraft:large_fern":13,"minecraft:tall_seagrass":4,"minecraft:furnace":15,"minecraft:iron_ore":104,"minecraft:cobbled_deepslate":7,"minecraft:andesite":4,"minecraft:deepslate_lapis_ore":3,"minecraft:cobblestone_slab":1,"minecraft:cave_vines":8,"minecraft:deepslate_iron_ore":8,"minecraft:vine":3,"minecraft:small_amethyst_bud":2,"minecraft:azalea":2,"minecraft:stone":254,"minecraft:player_head":1,"minecraft:deepslate_redstone_ore":10,"minecraft:kelp_plant":10,"minecraft:player_wall_head":1,"minecraft:dandelion":1,"minecraft:clay":1,"minecraft:oak_fence":1,"minecraft:crafting_table":11,"minecraft:short_grass":676,"minecraft:calcite":33,"minecraft:melon":15,"minecraft:chest":15,"minecraft:dead_bush":1,"minecraft:tall_grass":53,"minecraft:copper_ore":1,"minecraft:cobblestone":37,"minecraft:deepslate_gold_ore":10,"minecraft:oak_planks":4,"minecraft:sugar_cane":10,"minecraft:big_dripleaf":1,"minecraft:diorite":4,"minecraft:wall_torch":3,"minecraft:amethyst_block":49,"minecraft:seagrass":8,"minecraft:birch_planks":15,"minecraft:sweet_berry_bush":12,"minecraft:yellow_wool":1,"minecraft:oak_log":17,"minecraft:coal_ore":99,"minecraft:gravel":5,"minecraft:cherry_leaves":1,"minecraft:sand":1,"minecraft:dirt":87,"minecraft:cobweb":11,"minecraft:smooth_basalt":11,"minecraft:stonecutter":1,"minecraft:small_dripleaf":1,"minecraft:gold_ore":5,"minecraft:oak_leaves":4,"minecraft:deepslate":144,"minecraft:fern":77},"minecraft:used":{"minecraft:stone_sword":78,"minecraft:iron_shovel":217,"minecraft:chest":21,"minecraft:shield":41,"minecraft:stone":475,"minecraft:iron_sword":586,"minecraft:cooked_salmon":8,"minecraft:cooked_chicken":4,"minecraft:rotten_flesh":4,"minecraft:player_head":2,"minecraft:oak_door":5,"minecraft:torch":42,"minecraft:anvil":1,"minecraft:dirt":436,"minecraft:mutton":2,"minecraft:hopper":5,"minecraft:shulker_box":3,"minecraft:iron_axe":15,"minecraft:smooth_basalt":1,"minecraft:sweet_berries":14,"minecraft:furnace":14,"minecraft:egg":1,"minecraft:cobbled_deepslate":37,"minecraft:iron_leggings":1,"minecraft:cooked_mutton":2,"minecraft:water_bucket":63,"minecraft:diorite":2,"minecraft:amethyst_block":44,"minecraft:birch_planks":159,"minecraft:stone_pickaxe":124,"minecraft:ender_pearl":1,"minecraft:wooden_pickaxe":88,"minecraft:cherry_planks":18,"minecraft:stonecutter":1,"minecraft:cobblestone_slab":5,"minecraft:salmon":9,"minecraft:glow_berries":1,"minecraft:crafting_table":11,"minecraft:white_bed":4,"minecraft:diamond_pickaxe":182,"minecraft:melon_slice":39,"minecraft:bread":22,"minecraft:iron_pickaxe":522,"minecraft:spruce_trapdoor":66,"minecraft:golden_leggings":1,"minecraft:stone_axe":175,"minecraft:diamond_sword":24,"minecraft:cobblestone":352,"minecraft:porkchop":5,"minecraft:bucket":64},"minecraft:custom":{"minecraft:interact_with_anvil":1,"minecraft:mob_kills":57,"minecraft:interact_with_crafting_table":32,"minecraft:open_shulker_box":11,"minecraft:leave_game":4,"minecraft:time_since_death":99813,"minecraft:climb_one_cm":9154,"minecraft:sprint_one_cm":589925,"minecraft:walk_one_cm":292396,"minecraft:damage_blocked_by_shield":2460,"minecraft:drop":47,"minecraft:play_time":208155,"minecraft:sneak_time":60002,"minecraft:deaths":5,"minecraft:walk_under_water_one_cm":69319,"minecraft:jump":4149,"minecraft:walk_on_water_one_cm":68434,"minecraft:total_world_time":208155,"minecraft:interact_with_furnace":45,"minecraft:sleep_in_bed":8,"minecraft:time_since_rest":2464,"minecraft:damage_taken":3402,"minecraft:damage_dealt":5462,"minecraft:swim_one_cm":134264,"minecraft:player_kills":1,"minecraft:fly_one_cm":750392,"minecraft:open_chest":79,"minecraft:crouch_one_cm":217158,"minecraft:fall_one_cm":109429},"minecraft:killed_by":{"minecraft:skeleton":2,"minecraft:zombie":3}},"DataVersion":3700}