{"stats":{"minecraft:killed":{"minecraft:skeleton":7,"minecraft:chicken":3,"minecraft:magma_cube":4,"minecraft:salmon":11,"minecraft:iron_golem":2,"minecraft:pillager":7,"minecraft:zombie":17,"minecraft:cow":45,"minecraft:husk":1,"minecraft:rabbit":3,"minecraft:wandering_trader":3,"minecraft:spider":3,"minecraft:wolf":1,"minecraft:pig":16,"minecraft:creeper":7,"minecraft:sheep":45,"minecraft:trader_llama":5,"minecraft:drowned":1,"minecraft:squid":8,"minecraft:player":3},"minecraft:custom":{"minecraft:interact_with_crafting_table":239,"minecraft:bell_ring":21,"minecraft:leave_game":107,"minecraft:time_since_death":167350,"minecraft:play_time":2309932,"minecraft:deaths":20,"minecraft:jump":33040,"minecraft:interact_with_furnace":154,"minecraft:traded_with_villager":907,"minecraft:interact_with_cartography_table":7,"minecraft:sleep_in_bed":134,"minecraft:damage_dealt":21757,"minecraft:horse_one_cm":36171,"minecraft:interact_with_smithing_table":6,"minecraft:interact_with_anvil":3,"minecraft:sneak_time":218687,"minecraft:total_world_time":2309932,"minecraft:interact_with_stonecutter":27,"minecraft:time_since_rest":7811,"minecraft:swim_one_cm":864230,"minecraft:fly_one_cm":7401534,"minecraft:open_chest":1365,"minecraft:fall_one_cm":786089,"minecraft:animals_bred":3,"minecraft:open_shulker_box":285,"minecraft:sprint_one_cm":9884227,"minecraft:drop":299,"minecraft:talked_to_villager":610,"minecraft:walk_on_water_one_cm":184289,"minecraft:open_enderchest":96,"minecraft:interact_with_beacon":22,"minecraft:player_kills":3,"minecraft:crouch_one_cm":800938,"minecraft:mob_kills":197,"minecraft:climb_one_cm":12788,"minecraft:walk_one_cm":2801208,"minecraft:walk_under_water_one_cm":284926,"minecraft:boat_one_cm":1655473,"minecraft:pot_flower":1,"minecraft:interact_with_grindstone":1,"minecraft:damage_taken":10041,"minecraft:aviate_one_cm":25232332},"minecraft:dropped":{"minecraft:porkchop":5,"minecraft:emerald":125,"minecraft:dirt":316,"minecraft:sand":6,"minecraft:iron_pickaxe":2,"minecraft:bone":68,"minecraft:golden_chestplate":1,"minecraft:cobbled_deepslate":11,"minecraft:wheat":4,"minecraft:birch_sapling":11,"minecraft:rotten_flesh":2,"minecraft:oak_planks":8,"minecraft:salmon":7,"minecraft:coal_ore":64,"minecraft:white_dye":26,"minecraft:glass":1,"minecraft:beef":16,"minecraft:podzol":2,"minecraft:wheat_seeds":9,"minecraft:oak_fence":13,"minecraft:cobblestone":145,"minecraft:apple":64,"minecraft:granite":40,"minecraft:coal":26,"minecraft:golden_carrot":10,"minecraft:wooden_hoe":1,"minecraft:diamond_helmet":1,"minecraft:dead_bush":3,"minecraft:oak_stairs":1,"minecraft:smooth_sandstone_slab":2,"minecraft:smooth_stone":1,"minecraft:string":2,"minecraft:moss_carpet":4,"minecraft:player_head":4,"minecraft:netherite_ingot":6,"minecraft:stone_sword":1,"minecraft:smooth_stone_slab":1,"minecraft:spruce_fence":67,"minecraft:diamond_sword":1,"minecraft:hay_block":2,"minecraft:potato":6,"minecraft:stone":2165,"minecraft:peony":1,"minecraft:spruce_planks":32,"minecraft:wooden_shovel":1,"minecraft:stone_bricks":1,"minecraft:bamboo":129,"minecraft:stone_pressure_plate":3,"minecraft:sandstone":1,"minecraft:diamond_axe":1,"minecraft:leather":11,"minecraft:mutton":3,"minecraft:cut_sandstone":8,"minecraft:mangrove_roots":3,"minecraft:sandstone_wall":2,"minecraft:shulker_shell":4,"minecraft:gunpowder":11,"minecraft:azalea":3,"minecraft:quartz":83,"minecraft:netherrack":234,"minecraft:firework_rocket":1,"minecraft:water_bucket":1,"minecraft:bread":64,"minecraft:oak_slab":13,"minecraft:diamond_leggings":1,"minecraft:amethyst_block":19,"minecraft:spruce_stairs":1,"minecraft:grass_block":199,"minecraft:stick":33,"minecraft:iron_block":33,"minecraft:torch":60,"minecraft:fire_charge":2,"minecraft:flowering_azalea":2,"minecraft:iron_axe":2,"minecraft:dandelion":4,"minecraft:kelp":6,"minecraft:sweet_berries":62,"minecraft:oak_trapdoor":3,"minecraft:raw_copper":25,"minecraft:tuff":22,"minecraft:stripped_oak_log":13,"minecraft:totem_of_undying":12,"minecraft:shulker_box":1,"minecraft:glass_pane":16,"minecraft:netherite_leggings":1,"minecraft:copper_ore":8,"minecraft:filled_map":1,"minecraft:snow":51,"minecraft:diamond_chestplate":1,"minecraft:orange_terracotta":1,"minecraft:iron_chestplate":1,"minecraft:andesite":14,"minecraft:oak_sapling":6,"minecraft:diamond_boots":1,"minecraft:stone_pickaxe":2,"minecraft:wooden_pickaxe":1,"minecraft:light_blue_bed":1},"minecraft:mined":{"minecraft:white_bed":27,"minecraft:jungle_leaves":75,"minecraft:obsidian":56,"minecraft:potted_dead_bush":1,"minecraft:granite":121,"minecraft:acacia_log":9,"minecraft:deepslate_tile_stairs":1,"minecraft:bamboo_block":12,"minecraft:chiseled_stone_bricks":7,"minecraft:tall_seagrass":4,"minecraft:magma_block":94,"minecraft:cobbled_deepslate":24,"minecraft:fire":18,"minecraft:deepslate_lapis_ore":11,"minecraft:moss_carpet":1,"minecraft:fletching_table":4,"minecraft:oak_sign":1,"minecraft:dirt_path":5,"minecraft:oak_stairs":131,"minecraft:iron_block":380,"minecraft:player_head":7,"minecraft:orange_bed":9,"minecraft:jungle_trapdoor":8,"minecraft:cut_sandstone":16,"minecraft:red_bed":1,"minecraft:player_wall_head":3,"minecraft:deepslate_brick_wall":2,"minecraft:deepslate_tile_slab":61,"minecraft:torch":23,"minecraft:blast_furnace":2,"minecraft:melon":6,"minecraft:dead_bush":47,"minecraft:glass":20,"minecraft:cyan_bed":2,"minecraft:sugar_cane":178,"minecraft:damaged_anvil":2,"minecraft:bricks":4,"minecraft:smooth_sandstone_slab":1,"minecraft:spruce_sign":1,"minecraft:amethyst_block":30,"minecraft:mud":13,"minecraft:wheat":4,"minecraft:stone_brick_stairs":29,"minecraft:oak_fence_gate":1,"minecraft:sandstone_wall":2,"minecraft:mangrove_log":21,"minecraft:smooth_basalt":6,"minecraft:stonecutter":2,"minecraft:deepslate":2057,"minecraft:stripped_birch_log":56,"minecraft:shulker_box":56,"minecraft:spruce_fence":2,"minecraft:moss_block":9,"minecraft:cartography_table":6,"minecraft:redstone_ore":1,"minecraft:andesite":108,"minecraft:vine":2,"minecraft:cobblestone_slab":8,"minecraft:bamboo_sapling":1,"minecraft:bamboo":156,"minecraft:white_wool":4,"minecraft:ender_chest":9,"minecraft:smithing_table":3,"minecraft:oak_slab":65,"minecraft:birch_stairs":4,"minecraft:glass_pane":22,"minecraft:soul_sand":2,"minecraft:dandelion":3,"minecraft:smooth_sandstone":7,"minecraft:short_grass":256,"minecraft:copper_ore":13,"minecraft:tall_grass":46,"minecraft:deepslate_gold_ore":6,"minecraft:diorite":94,"minecraft:big_dripleaf":1,"minecraft:coarse_dirt":7,"minecraft:light_blue_bed":1,"minecraft:cobblestone_wall":11,"minecraft:white_carpet":7,"minecraft:spruce_log":229,"minecraft:birch_leaves":1,"minecraft:mangrove_leaves":36,"minecraft:gravel":425,"minecraft:acacia_door":20,"minecraft:stone_bricks":39,"minecraft:chipped_anvil":1,"minecraft:fern":11,"minecraft:spruce_planks":27,"minecraft:stone_pressure_plate":2,"minecraft:farmland":2,"minecraft:brewing_stand":1,"minecraft:budding_amethyst":1,"minecraft:grass_block":2263,"minecraft:polished_diorite":10,"minecraft:composter":72,"minecraft:frosted_ice":14,"minecraft:smooth_stone":1,"minecraft:iron_ore":105,"minecraft:azalea_leaves":1,"minecraft:azalea":1,"minecraft:polished_granite_stairs":1,"minecraft:spruce_slab":4,"minecraft:green_bed":1,"minecraft:deepslate_redstone_ore":5,"minecraft:blackstone":166,"minecraft:melon_stem":3,"minecraft:orange_terracotta":2,"minecraft:clay":94,"minecraft:calcite":13,"minecraft:poppy":1,"minecraft:beacon":5,"minecraft:chest":27,"minecraft:nether_quartz_ore":1167,"minecraft:cobblestone":156,"minecraft:grindstone":1,"minecraft:oak_planks":291,"minecraft:wall_torch":7,"minecraft:seagrass":1,"minecraft:birch_log":105,"minecraft:tnt":18,"minecraft:oak_log":856,"minecraft:beetroots":1,"minecraft:sand":3057,"minecraft:dirt":2068,"minecraft:ancient_debris":17,"minecraft:netherrack":14910,"minecraft:oak_leaves":218,"minecraft:nether_gold_ore":26,"minecraft:diamond_ore":3,"minecraft:tuff":106,"minecraft:deepslate_diamond_ore":23,"minecraft:oak_door":8,"minecraft:mangrove_roots":29,"minecraft:spruce_leaves":13,"minecraft:birch_slab":8,"minecraft:sandstone":412,"minecraft:mangrove_propagule":1,"minecraft:large_fern":3,"minecraft:hay_block":60,"minecraft:oak_trapdoor":62,"minecraft:furnace":5,"minecraft:chiseled_sandstone":2,"minecraft:acacia_stairs":4,"minecraft:stripped_spruce_log":4,"minecraft:peony":1,"minecraft:bookshelf":1,"minecraft:deepslate_iron_ore":8,"minecraft:lantern":3,"minecraft:stripped_acacia_log":28,"minecraft:stripped_oak_log":45,"minecraft:stone":11099,"minecraft:podzol":287,"minecraft:light_blue_shulker_box":8,"minecraft:acacia_leaves":6,"minecraft:scaffolding":31,"minecraft:flowering_azalea":3,"minecraft:basalt":20,"minecraft:crafting_table":20,"minecraft:oak_fence":33,"minecraft:gray_stained_glass":41,"minecraft:lectern":9,"minecraft:lapis_ore":4,"minecraft:spruce_stairs":14,"minecraft:lime_bed":13,"minecraft:birch_planks":168,"minecraft:cactus":11,"minecraft:coal_ore":341,"minecraft:cocoa":3},"minecraft:crafted":{"minecraft:black_dye":40,"minecraft:smooth_stone":7,"minecraft:oak_sign":3,"minecraft:birch_boat":2,"minecraft:birch_slab":96,"minecraft:diamond_shovel":1,"minecraft:bookshelf":1,"minecraft:shulker_box":2,"minecraft:glass":818,"minecraft:diamond_helmet":2,"minecraft:diamond_leggings":2,"minecraft:netherite_boots":1,"minecraft:gray_stained_glass":352,"minecraft:emerald":638,"minecraft:diamond_axe":1,"minecraft:smithing_table":1,"minecraft:fletching_table":1,"minecraft:cartography_table":2,"minecraft:lectern":1,"minecraft:iron_pickaxe":10,"minecraft:iron_block":35,"minecraft:acacia_door":3,"minecraft:gold_ingot":9,"minecraft:netherite_ingot":4,"minecraft:composter":4,"minecraft:birch_stairs":24,"minecraft:golden_carrot":117,"minecraft:stone_shovel":4,"minecraft:spruce_fence":195,"minecraft:white_carpet":3,"minecraft:lantern":2,"minecraft:diamond":36,"minecraft:spruce_stairs":160,"minecraft:spruce_slab":96,"minecraft:stone_pickaxe":6,"minecraft:diamond_boots":1,"minecraft:wheat":522,"minecraft:crossbow":7,"minecraft:enchanted_book":3,"minecraft:oak_fence_gate":9,"minecraft:oak_stairs":56,"minecraft:iron_shovel":8,"minecraft:iron_leggings":1,"minecraft:deepslate_tile_stairs":4,"minecraft:armor_stand":1,"minecraft:white_bed":9,"minecraft:brick":20,"minecraft:oak_planks":3412,"minecraft:stone":10,"minecraft:bamboo_block":34,"minecraft:hopper":1,"minecraft:bow":3,"minecraft:iron_boots":1,"minecraft:chest":29,"minecraft:netherite_helmet":1,"minecraft:netherite_upgrade_smithing_template":10,"minecraft:bricks":20,"minecraft:stone_hoe":12,"minecraft:oak_fence":102,"minecraft:oak_slab":198,"minecraft:map":12,"minecraft:crafting_table":16,"minecraft:spruce_planks":716,"minecraft:iron_helmet":6,"minecraft:wooden_pickaxe":1,"minecraft:birch_planks":332,"minecraft:book":6,"minecraft:iron_chestplate":1,"minecraft:paper":288,"minecraft:charcoal":29,"minecraft:diamond_pickaxe":2,"minecraft:stick":5795,"minecraft:iron_ingot":485,"minecraft:light_blue_shulker_box":1,"minecraft:shears":1,"minecraft:deepslate_tile_slab":64,"minecraft:wooden_sword":1,"minecraft:oak_door":18,"minecraft:furnace":5,"minecraft:blast_furnace":1,"minecraft:gray_dye":58,"minecraft:glass_pane":480,"minecraft:flint_and_steel":1,"minecraft:netherite_leggings":1,"minecraft:leather":3,"minecraft:iron_axe":4,"minecraft:netherite_scrap":19,"minecraft:cooked_beef":31,"minecraft:iron_sword":1,"minecraft:golden_shovel":1,"minecraft:bucket":6,"minecraft:stone_axe":7,"minecraft:bread":231,"minecraft:air":0,"minecraft:oak_boat":9,"minecraft:white_wool":16,"minecraft:white_dye":55,"minecraft:stonecutter":4,"minecraft:acacia_planks":36,"minecraft:torch":212,"minecraft:firework_rocket":768,"minecraft:diamond_chestplate":1},"minecraft:picked_up":{"minecraft:birch_door":2,"minecraft:iron_chestplate":3,"minecraft:flower_pot":1,"minecraft:smithing_table":3,"minecraft:lead":11,"minecraft:diamond_sword":2,"minecraft:oak_stairs":101,"minecraft:enchanted_book":1,"minecraft:brewing_stand":1,"minecraft:amethyst_block":30,"minecraft:string":4,"minecraft:diamond_leggings":2,"minecraft:cobbled_deepslate":2033,"minecraft:spruce_planks":162,"minecraft:netherite_upgrade_smithing_template":4,"minecraft:melon_slice":34,"minecraft:mangrove_log":20,"minecraft:golden_helmet":1,"minecraft:composter":72,"minecraft:big_dripleaf":2,"minecraft:green_bed":1,"minecraft:acacia_log":9,"minecraft:sandstone_wall":2,"minecraft:deepslate_tile_stairs":1,"minecraft:end_crystal":16,"minecraft:orange_bed":9,"minecraft:bamboo_block":12,"minecraft:iron_block":516,"minecraft:netherite_chestplate":2,"minecraft:birch_log":104,"minecraft:magma_block":80,"minecraft:cooked_beef":25,"minecraft:feather":1,"minecraft:birch_slab":12,"minecraft:water_bucket":5,"minecraft:brown_wool":4,"minecraft:flint":13,"minecraft:netherite_leggings":2,"minecraft:lantern":5,"minecraft:chipped_anvil":2,"minecraft:stonecutter":2,"minecraft:diamond_helmet":1,"minecraft:rabbit":3,"minecraft:moss_block":9,"minecraft:stripped_spruce_log":3,"minecraft:ink_sac":21,"minecraft:acacia_stairs":4,"minecraft:stripped_acacia_log":28,"minecraft:granite":112,"minecraft:bread":37,"minecraft:bricks":4,"minecraft:diamond_pickaxe":3,"minecraft:mud":13,"minecraft:coarse_dirt":2,"minecraft:crafting_table":27,"minecraft:clay_ball":280,"minecraft:golden_pickaxe":1,"minecraft:leather_leggings":1,"minecraft:jungle_trapdoor":8,"minecraft:red_bed":1,"minecraft:elytra":2,"minecraft:acacia_door":21,"minecraft:flint_and_steel":1,"minecraft:snow":51,"minecraft:white_carpet":10,"minecraft:iron_shovel":2,"minecraft:glass_pane":22,"minecraft:cartography_table":6,"minecraft:beef":149,"minecraft:jungle_sapling":1,"minecraft:poppy":5,"minecraft:spruce_slab":94,"minecraft:chest":29,"minecraft:birch_sapling":33,"minecraft:egg":3,"minecraft:copper_ore":8,"minecraft:sandstone":410,"minecraft:stone":6873,"minecraft:oak_door":13,"minecraft:spruce_fence":68,"minecraft:white_dye":52,"minecraft:carrot":1,"minecraft:redstone":26,"minecraft:netherite_pickaxe":2,"minecraft:tnt":16,"minecraft:polished_granite_stairs":1,"minecraft:diamond_chestplate":2,"minecraft:peony":1,"minecraft:diamond_boots":2,"minecraft:hay_block":60,"minecraft:totem_of_undying":17,"minecraft:mutton":56,"minecraft:white_wool":41,"minecraft:stripped_oak_log":15,"minecraft:lime_bed":12,"minecraft:filled_map":3,"minecraft:oak_log":1054,"minecraft:ancient_debris":17,"minecraft:golden_boots":6,"minecraft:paper":38,"minecraft:white_banner":1,"minecraft:apple":27,"minecraft:stone_bricks":34,"minecraft:kelp":6,"minecraft:oak_fence_gate":1,"minecraft:iron_ore":10,"minecraft:iron_sword":1,"minecraft:flowering_azalea":4,"minecraft:smooth_basalt":6,"minecraft:gravel":317,"minecraft:birch_stairs":4,"minecraft:spruce_sapling":17,"minecraft:spruce_log":328,"minecraft:firework_rocket":158,"minecraft:diamond_shovel":2,"minecraft:coal_ore":168,"minecraft:stone_axe":2,"minecraft:polished_diorite":10,"minecraft:diamond_axe":5,"minecraft:gray_wool":2,"minecraft:mangrove_propagule":8,"minecraft:shulker_shell":4,"minecraft:wheat":1,"minecraft:ender_chest":10,"minecraft:stone_brick_stairs":87,"minecraft:raw_copper":50,"minecraft:oak_sign":1,"minecraft:smooth_stone":2,"minecraft:cobblestone_slab":13,"minecraft:calcite":13,"minecraft:azalea":6,"minecraft:iron_pickaxe":4,"minecraft:furnace":5,"minecraft:stick":187,"minecraft:deepslate_brick_wall":2,"minecraft:oak_fence":57,"minecraft:torch":162,"minecraft:spruce_stairs":80,"minecraft:porkchop":33,"minecraft:diorite":68,"minecraft:cactus":32,"minecraft:rotten_flesh":43,"minecraft:mangrove_roots":25,"minecraft:obsidian":102,"minecraft:cobblestone":1201,"minecraft:andesite":47,"minecraft:golden_leggings":3,"minecraft:beacon":7,"minecraft:tuff":105,"minecraft:lapis_lazuli":104,"minecraft:dirt":2252,"minecraft:stripped_birch_log":56,"minecraft:glass":13,"minecraft:bone":11,"minecraft:bow":2,"minecraft:wheat_seeds":72,"minecraft:raw_gold":6,"minecraft:grindstone":1,"minecraft:fletching_table":4,"minecraft:bamboo":1336,"minecraft:oak_planks":371,"minecraft:gray_stained_glass":41,"minecraft:sand":2986,"minecraft:light_blue_shulker_box":8,"minecraft:dead_bush":3,"minecraft:grass_block":853,"minecraft:cyan_bed":2,"minecraft:diamond_block":4,"minecraft:chiseled_sandstone":1,"minecraft:shulker_box":56,"minecraft:clay":6,"minecraft:diamond":26,"minecraft:netherite_helmet":1,"minecraft:crossbow":6,"minecraft:golden_apple":1,"minecraft:spruce_sign":1,"minecraft:emerald":144,"minecraft:oak_sapling":190,"minecraft:netherrack":1342,"minecraft:oak_leaves":17,"minecraft:cocoa_beans":9,"minecraft:chicken":5,"minecraft:gold_block":1,"minecraft:oak_trapdoor":3,"minecraft:moss_carpet":13,"minecraft:iron_axe":4,"minecraft:blackstone":75,"minecraft:oak_boat":44,"minecraft:player_head":29,"minecraft:light_gray_wool":3,"minecraft:lectern":9,"minecraft:sugar_cane":435,"minecraft:raw_iron":112,"minecraft:copper_ingot":3,"minecraft:gray_dye":26,"minecraft:light_blue_bed":1,"minecraft:stone_pressure_plate":3,"minecraft:smooth_sandstone_slab":3,"minecraft:arrow":77,"minecraft:netherite_boots":1,"minecraft:golden_carrot":59,"minecraft:salmon":17,"minecraft:leather":68,"minecraft:cut_sandstone":11,"minecraft:birch_planks":200,"minecraft:gunpowder":4,"minecraft:cobblestone_wall":11,"minecraft:deepslate_tile_slab":58,"minecraft:orange_terracotta":2,"minecraft:podzol":266,"minecraft:smooth_sandstone":7,"minecraft:rabbit_hide":1,"minecraft:iron_ingot":332,"minecraft:book":3,"minecraft:scaffolding":32,"minecraft:oak_slab":82,"minecraft:nether_quartz_ore":18,"minecraft:birch_boat":4,"minecraft:chiseled_stone_bricks":7,"minecraft:quartz":902,"minecraft:dandelion":3,"minecraft:lava_bucket":1,"minecraft:blast_furnace":2,"minecraft:white_bed":28,"minecraft:iron_helmet":2,"minecraft:damaged_anvil":2,"minecraft:coal":241},"minecraft:broken":{"minecraft:golden_sword":1,"minecraft:wooden_sword":1,"minecraft:iron_sword":1,"minecraft:iron_axe":1,"minecraft:iron_pickaxe":7,"minecraft:golden_helmet":1,"minecraft:iron_shovel":3,"minecraft:stone_pickaxe":5,"minecraft:stone_axe":4,"minecraft:stone_shovel":3},"minecraft:used":{"minecraft:polished_granite_stairs":53,"minecraft:spruce_slab":10,"minecraft:elytra":48,"minecraft:chest":52,"minecraft:stone":426,"minecraft:rotten_flesh":2,"minecraft:soul_sand":1,"minecraft:stripped_spruce_log":24,"minecraft:jungle_sapling":1,"minecraft:lava_bucket":144,"minecraft:grass_block":179,"minecraft:stone_brick_stairs":211,"minecraft:bow":3,"minecraft:sweet_berries":5,"minecraft:oak_sapling":13,"minecraft:furnace":7,"minecraft:egg":2,"minecraft:deepslate_brick_wall":65,"minecraft:diorite":10,"minecraft:damaged_anvil":2,"minecraft:cactus":6,"minecraft:blackstone":1,"minecraft:wooden_pickaxe":5,"minecraft:composter":72,"minecraft:oak_leaves":9,"minecraft:sand":303,"minecraft:blast_furnace":2,"minecraft:deepslate_tiles":8,"minecraft:birch_slab":102,"minecraft:lectern":10,"minecraft:diamond_sword":197,"minecraft:wooden_sword":30,"minecraft:smithing_table":3,"minecraft:birch_log":4,"minecraft:oak_boat":47,"minecraft:gray_stained_glass":391,"minecraft:armor_stand":1,"minecraft:netherrack":531,"minecraft:orange_bed":9,"minecraft:torch":107,"minecraft:nether_quartz_ore":18,"minecraft:golden_shovel":18,"minecraft:jungle_trapdoor":7,"minecraft:oak_fence_gate":10,"minecraft:polished_diorite":60,"minecraft:iron_axe":529,"minecraft:iron_block":569,"minecraft:bamboo":53,"minecraft:diamond_chestplate":6,"minecraft:beef":19,"minecraft:podzol":264,"minecraft:cobbled_deepslate":186,"minecraft:wheat_seeds":42,"minecraft:water_bucket":190,"minecraft:light_blue_shulker_box":8,"minecraft:rabbit":3,"minecraft:birch_planks":232,"minecraft:cartography_table":6,"minecraft:fletching_table":5,"minecraft:salmon":10,"minecraft:oak_slab":133,"minecraft:crafting_table":28,"minecraft:red_bed":1,"minecraft:white_bed":32,"minecraft:spruce_log":127,"minecraft:oak_log":186,"minecraft:mud":9,"minecraft:diamond_pickaxe":15447,"minecraft:diamond_shovel":6220,"minecraft:mangrove_propagule":1,"minecraft:iron_pickaxe":2041,"minecraft:chiseled_stone_bricks":163,"minecraft:cobblestone":382,"minecraft:porkchop":26,"minecraft:diamond_leggings":2,"minecraft:moss_carpet":10,"minecraft:iron_shovel":1368,"minecraft:oak_sign":3,"minecraft:iron_sword":242,"minecraft:player_head":10,"minecraft:iron_chestplate":3,"minecraft:mutton":31,"minecraft:deepslate_tile_slab":271,"minecraft:tuff":66,"minecraft:obsidian":43,"minecraft:glass":357,"minecraft:mangrove_log":2,"minecraft:bricks":20,"minecraft:coal_ore":24,"minecraft:lantern":7,"minecraft:iron_helmet":4,"minecraft:stone_bricks":258,"minecraft:golden_sword":44,"minecraft:magma_block":22,"minecraft:scaffolding":32,"minecraft:golden_boots":3,"minecraft:diamond_boots":3,"minecraft:stone_pickaxe":799,"minecraft:oak_planks":398,"minecraft:sandstone":150,"minecraft:diamond_axe":1515,"minecraft:sugar_cane":51,"minecraft:white_wool":5,"minecraft:netherite_leggings":1,"minecraft:crossbow":54,"minecraft:shears":17,"minecraft:firework_rocket":564,"minecraft:acacia_door":21,"minecraft:melon_slice":9,"minecraft:bread":147,"minecraft:cyan_bed":2,"minecraft:gravel":26,"minecraft:golden_helmet":1,"minecraft:andesite":14,"minecraft:azalea":6,"minecraft:oak_fence":155,"minecraft:flint_and_steel":5,"minecraft:stone_shovel":403,"minecraft:spruce_planks":2,"minecraft:ender_chest":9,"minecraft:stone_hoe":46,"minecraft:oak_door":13,"minecraft:dirt":761,"minecraft:white_carpet":11,"minecraft:spruce_stairs":80,"minecraft:cobblestone_wall":37,"minecraft:diamond_helmet":2,"minecraft:shulker_box":54,"minecraft:golden_chestplate":1,"minecraft:spruce_fence":1,"minecraft:granite":63,"minecraft:oak_stairs":70,"minecraft:smooth_sandstone":2,"minecraft:golden_carrot":151,"minecraft:deepslate_tile_stairs":9,"minecraft:netherite_pickaxe":13986,"minecraft:cooked_beef":11,"minecraft:iron_leggings":2,"minecraft:netherite_chestplate":42,"minecraft:birch_boat":4,"minecraft:cut_sandstone":1,"minecraft:spruce_sign":1,"minecraft:beacon":7,"minecraft:stonecutter":6,"minecraft:green_bed":1,"minecraft:cobblestone_slab":123,"minecraft:lime_bed":12,"minecraft:bamboo_block":46,"minecraft:flower_pot":1,"minecraft:apple":3,"minecraft:chicken":3,"minecraft:map":2,"minecraft:golden_leggings":4,"minecraft:stone_axe":705,"minecraft:fishing_rod":28,"minecraft:white_banner":1,"minecraft:bucket":340,"minecraft:gray_wool":1,"minecraft:smooth_stone":1,"minecraft:birch_stairs":20},"minecraft:killed_by":{"minecraft:zombie":2,"minecraft:creeper":2,"minecraft:drowned":1,"minecraft:player":4,"minecraft:iron_golem":1,"minecraft:skeleton":3}},"DataVersion":3700}