{"stats":{"minecraft:killed":{"minecraft:guardian":7,"minecraft:salmon":1,"minecraft:iron_golem":7,"minecraft:pillager":268,"minecraft:donkey":3,"minecraft:zombie":2085,"minecraft:evoker":51,"minecraft:vindicator":222,"minecraft:endermite":1,"minecraft:polar_bear":1,"minecraft:zombified_piglin":8,"minecraft:witch":90,"minecraft:spider":51,"minecraft:wither":1,"minecraft:silverfish":3,"minecraft:zombie_villager":37,"minecraft:sheep":44,"minecraft:trader_llama":12,"minecraft:slime":14,"minecraft:drowned":43,"minecraft:squid":3,"minecraft:player":8,"minecraft:shulker":3,"minecraft:skeleton":2083,"minecraft:chicken":8,"minecraft:magma_cube":16,"minecraft:cow":4,"minecraft:horse":1,"minecraft:wandering_trader":7,"minecraft:enderman":499,"minecraft:wolf":2,"minecraft:pig":7,"minecraft:creeper":2104,"minecraft:phantom":2,"minecraft:bat":11},"minecraft:custom":{"minecraft:interact_with_crafting_table":2604,"minecraft:play_time":11915241,"minecraft:deaths":19,"minecraft:jump":92090,"minecraft:interact_with_cartography_table":2,"minecraft:inspect_dispenser":2,"minecraft:horse_one_cm":45707,"minecraft:interact_with_anvil":93,"minecraft:inspect_hopper":894,"minecraft:time_since_rest":52898,"minecraft:swim_one_cm":1936605,"minecraft:open_chest":10591,"minecraft:open_shulker_box":7197,"minecraft:damage_resisted":31,"minecraft:talked_to_villager":815,"minecraft:interact_with_brewingstand":21,"minecraft:interact_with_beacon":18,"minecraft:interact_with_campfire":15,"minecraft:raid_win":2,"minecraft:boat_one_cm":584990,"minecraft:damage_taken":63865,"minecraft:aviate_one_cm":65241626,"minecraft:open_barrel":47,"minecraft:bell_ring":77,"minecraft:leave_game":263,"minecraft:time_since_death":2799877,"minecraft:enchant_item":53,"minecraft:interact_with_furnace":1306,"minecraft:traded_with_villager":2440,"minecraft:sleep_in_bed":651,"minecraft:damage_dealt":203034,"minecraft:interact_with_smithing_table":71,"minecraft:sneak_time":839868,"minecraft:interact_with_blast_furnace":1,"minecraft:total_world_time":11915241,"minecraft:interact_with_stonecutter":93,"minecraft:fly_one_cm":13631871,"minecraft:fall_one_cm":1701960,"minecraft:sprint_one_cm":15221887,"minecraft:drop":5448,"minecraft:walk_on_water_one_cm":1653856,"minecraft:open_enderchest":492,"minecraft:player_kills":8,"minecraft:crouch_one_cm":2152668,"minecraft:mob_kills":7771,"minecraft:climb_one_cm":546360,"minecraft:walk_one_cm":22555280,"minecraft:walk_under_water_one_cm":3485726,"minecraft:raid_trigger":9,"minecraft:pot_flower":2,"minecraft:interact_with_grindstone":82,"minecraft:damage_absorbed":667,"minecraft:minecart_one_cm":552981},"minecraft:dropped":{"minecraft:iron_sword":2,"minecraft:lapis_lazuli":13,"minecraft:glass_bottle":19,"minecraft:diamond":189,"minecraft:cooked_porkchop":12,"minecraft:quartz_pillar":2,"minecraft:emerald":150,"minecraft:dark_oak_fence":1,"minecraft:black_stained_glass_pane":1,"minecraft:cherry_leaves":1,"minecraft:gold_nugget":5,"minecraft:sand":1927,"minecraft:dark_oak_planks":3,"minecraft:white_wool":1,"minecraft:stone_axe":3,"minecraft:ancient_debris":4,"minecraft:lever":5,"minecraft:iron_nugget":1854,"minecraft:cobbled_deepslate":2534,"minecraft:wheat":96,"minecraft:netherite_sword":2,"minecraft:obsidian":11,"minecraft:rotten_flesh":1086,"minecraft:oak_planks":945,"minecraft:azure_bluet":5,"minecraft:coal_ore":72,"minecraft:quartz_block":3,"minecraft:leather_boots":27,"minecraft:leather_leggings":42,"minecraft:beef":2,"minecraft:stone_brick_stairs":1,"minecraft:golden_boots":26,"minecraft:wheat_seeds":282,"minecraft:deepslate_redstone_ore":32,"minecraft:dripstone_block":3,"minecraft:lava_bucket":7,"minecraft:ink_sac":2,"minecraft:cherry_planks":2,"minecraft:potion":7,"minecraft:oak_stairs":2,"minecraft:golden_hoe":1,"minecraft:white_banner":14,"minecraft:mud":5,"minecraft:smooth_stone":6,"minecraft:chainmail_leggings":6,"minecraft:smooth_sandstone":2,"minecraft:lily_pad":3,"minecraft:acacia_planks":19,"minecraft:stone_brick_slab":4,"minecraft:bricks":524,"minecraft:player_head":20,"minecraft:stone_shovel":1,"minecraft:clay_ball":247,"minecraft:iron_boots":7,"minecraft:cherry_slab":20,"minecraft:cobbled_deepslate_slab":64,"minecraft:oak_sign":1,"minecraft:shears":1,"minecraft:diamond_sword":3,"minecraft:spruce_boat":2,"minecraft:spruce_planks":184,"minecraft:diamond_pickaxe":16,"minecraft:redstone_torch":1,"minecraft:stone_bricks":11,"minecraft:bamboo":82,"minecraft:sandstone":185,"minecraft:bow":300,"minecraft:magma_block":20,"minecraft:cyan_bed":5,"minecraft:moss_block":4,"minecraft:oak_log":4775,"minecraft:dark_oak_sapling":4,"minecraft:leather":8,"minecraft:jungle_planks":3,"minecraft:cobblestone_stairs":64,"minecraft:ice":2,"minecraft:snowball":69,"minecraft:jungle_sign":1,"minecraft:wet_sponge":1,"minecraft:gold_ingot":18,"minecraft:pointed_dripstone":5,"minecraft:cooked_mutton":48,"minecraft:ward_armor_trim_smithing_template":2,"minecraft:leather_chestplate":35,"minecraft:iron_ore":16,"minecraft:iron_bars":120,"minecraft:scaffolding":529,"minecraft:stone_hoe":1,"minecraft:bread":553,"minecraft:golden_helmet":18,"minecraft:cherry_log":15,"minecraft:netherite_axe":2,"minecraft:spruce_stairs":1,"minecraft:cherry_fence_gate":1,"minecraft:iron_block":22,"minecraft:melon_slice":22,"minecraft:white_concrete":39,"minecraft:light_gray_shulker_box":1,"minecraft:fire_charge":1,"minecraft:redstone_block":8,"minecraft:kelp":10,"minecraft:sweet_berries":18,"minecraft:oak_trapdoor":22,"minecraft:wild_armor_trim_smithing_template":1,"minecraft:totem_of_undying":4,"minecraft:shulker_box":7,"minecraft:netherite_leggings":1,"minecraft:flint_and_steel":2,"minecraft:deepslate_bricks":992,"minecraft:copper_ore":26,"minecraft:andesite":2037,"minecraft:golden_leggings":28,"minecraft:oak_sapling":204,"minecraft:birch_sign":2,"minecraft:spruce_log":496,"minecraft:brick":2,"minecraft:clay":8,"minecraft:piston":1,"minecraft:short_grass":1,"minecraft:elytra":1,"minecraft:rail":4,"minecraft:leather_helmet":19,"minecraft:dirt":1086,"minecraft:bone_meal":1148,"minecraft:bone":589,"minecraft:emerald_block":4,"minecraft:sugar_cane":8,"minecraft:golden_chestplate":40,"minecraft:pink_dye":2,"minecraft:birch_sapling":5,"minecraft:white_bed":1,"minecraft:dark_oak_fence_gate":1,"minecraft:salmon":1,"minecraft:lime_bed":2,"minecraft:brick_stairs":1,"minecraft:charcoal":785,"minecraft:hopper":1,"minecraft:ladder":1,"minecraft:white_dye":2,"minecraft:spruce_slab":78,"minecraft:end_stone_bricks":6,"minecraft:cherry_fence":1,"minecraft:egg":2,"minecraft:iron_ingot":322,"minecraft:netherite_pickaxe":2,"minecraft:birch_leaves":1,"minecraft:cobbled_deepslate_stairs":2,"minecraft:copper_block":7,"minecraft:tnt":29,"minecraft:feather":11,"minecraft:purpur_slab":2,"minecraft:cobblestone":9009,"minecraft:iron_helmet":1,"minecraft:apple":88,"minecraft:granite":207,"minecraft:spruce_button":5,"minecraft:spruce_door":9,"minecraft:chainmail_helmet":12,"minecraft:coal":3,"minecraft:golden_carrot":48,"minecraft:sponge":84,"minecraft:rose_bush":118,"minecraft:diamond_helmet":4,"minecraft:dried_kelp":8,"minecraft:iron_shovel":6,"minecraft:paper":32,"minecraft:string":77,"minecraft:oxidized_copper":1,"minecraft:spruce_sapling":55,"minecraft:furnace":1,"minecraft:moss_carpet":1,"minecraft:cobblestone_wall":3,"minecraft:deepslate":73,"minecraft:smooth_stone_slab":6,"minecraft:bowl":2,"minecraft:chicken":3,"minecraft:polished_deepslate_slab":2,"minecraft:stone_slab":31,"minecraft:magenta_concrete":2,"minecraft:pumpkin_seeds":7,"minecraft:cobblestone_slab":1,"minecraft:potato":2,"minecraft:stone":5518,"minecraft:spider_eye":15,"minecraft:spruce_sign":3,"minecraft:crimson_nylium":2,"minecraft:brown_mushroom":1,"minecraft:birch_planks":1,"minecraft:diamond_axe":5,"minecraft:baked_potato":3,"minecraft:netherite_upgrade_smithing_template":3,"minecraft:lantern":2,"minecraft:flint":979,"minecraft:spruce_leaves":1,"minecraft:netherite_scrap":2,"minecraft:cornflower":31,"minecraft:pumpkin_pie":17,"minecraft:gravel":1432,"minecraft:blackstone":17,"minecraft:cherry_sapling":23,"minecraft:diamond_shovel":7,"minecraft:stone_stairs":1,"minecraft:carrot":5,"minecraft:chainmail_chestplate":17,"minecraft:chiseled_stone_bricks":172,"minecraft:gunpowder":466,"minecraft:melon_seeds":2,"minecraft:chainmail_boots":7,"minecraft:chest":2,"minecraft:arrow":770,"minecraft:basalt":16,"minecraft:powered_rail":41,"minecraft:quartz":33,"minecraft:written_book":1,"minecraft:oak_leaves":2,"minecraft:netherrack":1278,"minecraft:firework_rocket":346,"minecraft:water_bucket":8,"minecraft:oak_slab":428,"minecraft:minecart":1,"minecraft:diamond_leggings":7,"minecraft:prismarine_shard":12,"minecraft:copper_ingot":314,"minecraft:grass_block":197,"minecraft:stick":343,"minecraft:deepslate_brick_stairs":129,"minecraft:diorite":634,"minecraft:nether_gold_ore":8,"minecraft:torch":72,"minecraft:iron_leggings":3,"minecraft:pink_petals":12,"minecraft:bucket":20,"minecraft:dandelion":12,"minecraft:redstone":129,"minecraft:smooth_basalt":6,"minecraft:anvil":1,"minecraft:ender_chest":2,"minecraft:blaze_rod":1,"minecraft:nether_wart":1,"minecraft:raw_copper":306,"minecraft:tuff":382,"minecraft:raw_iron":32,"minecraft:glass_pane":12,"minecraft:filled_map":3,"minecraft:snow":2272,"minecraft:diamond_chestplate":4,"minecraft:iron_chestplate":2,"minecraft:oak_boat":1,"minecraft:diamond_boots":4,"minecraft:slime_ball":44,"minecraft:stone_pickaxe":4,"minecraft:raw_gold":14,"minecraft:nether_quartz_ore":25,"minecraft:calcite":9,"minecraft:white_stained_glass":2},"minecraft:picked_up":{"minecraft:stone_slab":515,"minecraft:smithing_table":5,"minecraft:lead":39,"minecraft:enchanted_book":22,"minecraft:blue_concrete":106,"minecraft:polished_deepslate":76,"minecraft:string":162,"minecraft:pufferfish":1,"minecraft:sculk_shrieker":1,"minecraft:diamond_leggings":11,"minecraft:diamond_ore":4,"minecraft:big_dripleaf":4,"minecraft:acacia_log":49,"minecraft:golden_chestplate":28,"minecraft:cauldron":2,"minecraft:yellow_banner":6,"minecraft:stone_sword":4,"minecraft:lime_carpet":9,"minecraft:carved_pumpkin":1,"minecraft:glowstone":17,"minecraft:bookshelf":75,"minecraft:end_rod":22,"minecraft:blaze_rod":1,"minecraft:iron_bars":116,"minecraft:snowball":179,"minecraft:sponge":271,"minecraft:furnace_minecart":5,"minecraft:feather":7,"minecraft:cooked_beef":13,"minecraft:water_bucket":17,"minecraft:brown_wool":2,"minecraft:dark_oak_boat":3,"minecraft:copper_block":10,"minecraft:flint":359,"minecraft:cherry_fence":18,"minecraft:lantern":210,"minecraft:stonecutter":10,"minecraft:diamond_helmet":9,"minecraft:stripped_crimson_stem":9,"minecraft:stripped_spruce_log":14,"minecraft:acacia_stairs":1,"minecraft:netherite_block":1,"minecraft:iron_hoe":1,"minecraft:polished_andesite":29,"minecraft:deepslate":2920,"minecraft:lever":66,"minecraft:granite":2756,"minecraft:spruce_button":12,"minecraft:golden_horse_armor":1,"minecraft:blue_banner":4,"minecraft:rooted_dirt":204,"minecraft:light_blue_candle":2,"minecraft:diamond_pickaxe":38,"minecraft:mud":6,"minecraft:clay_ball":2772,"minecraft:leather_leggings":22,"minecraft:stripped_cherry_log":3,"minecraft:dragon_head":1,"minecraft:acacia_button":1,"minecraft:yellow_candle":6,"minecraft:cornflower":56,"minecraft:elytra":6,"minecraft:flint_and_steel":8,"minecraft:white_carpet":7,"minecraft:white_stained_glass":6,"minecraft:iron_shovel":4,"minecraft:glass_pane":158,"minecraft:netherite_sword":2,"minecraft:jungle_sapling":5,"minecraft:poppy":33,"minecraft:spruce_slab":1530,"minecraft:minecart":5,"minecraft:birch_sapling":27,"minecraft:piston":16,"minecraft:copper_ore":288,"minecraft:black_stained_glass":40,"minecraft:stone":32397,"minecraft:fire_charge":1,"minecraft:white_dye":4,"minecraft:netherite_pickaxe":2,"minecraft:jungle_sign":7,"minecraft:diamond_chestplate":9,"minecraft:stone_shovel":8,"minecraft:hay_block":35,"minecraft:totem_of_undying":11,"minecraft:polished_blackstone":152,"minecraft:mutton":3,"minecraft:rail":100,"minecraft:bone_block":13,"minecraft:emerald_ore":10,"minecraft:oxeye_daisy":1,"minecraft:lime_bed":15,"minecraft:birch_leaves":1,"minecraft:tripwire_hook":5,"minecraft:yellow_dye":1,"minecraft:lily_pad":190,"minecraft:paper":159,"minecraft:apple":88,"minecraft:wild_armor_trim_smithing_template":3,"minecraft:stone_pickaxe":10,"minecraft:iron_ore":52,"minecraft:smooth_basalt":6,"minecraft:sweet_berries":83,"minecraft:weathered_copper":1,"minecraft:crying_obsidian":2,"minecraft:leather_helmet":10,"minecraft:diamond_shovel":14,"minecraft:coal_ore":285,"minecraft:slime_ball":36,"minecraft:short_grass":7,"minecraft:painting":7,"minecraft:deepslate_redstone_ore":90,"minecraft:birch_sign":2,"minecraft:red_nether_brick_slab":1,"minecraft:baked_potato":2,"minecraft:hopper":128,"minecraft:ender_chest":19,"minecraft:sentry_armor_trim_smithing_template":1,"minecraft:stone_brick_stairs":188,"minecraft:lapis_block":51,"minecraft:deepslate_lapis_ore":7,"minecraft:purple_banner":1,"minecraft:experience_bottle":49,"minecraft:smooth_stone":143,"minecraft:comparator":5,"minecraft:bucket":21,"minecraft:eye_armor_trim_smithing_template":2,"minecraft:rose_bush":167,"minecraft:cobblestone_slab":18,"minecraft:azalea":14,"minecraft:iron_pickaxe":3,"minecraft:smooth_quartz":325,"minecraft:smooth_quartz_stairs":100,"minecraft:deepslate_iron_ore":4,"minecraft:tipped_arrow":1,"minecraft:polished_deepslate_stairs":71,"minecraft:spruce_stairs":86,"minecraft:diorite":1823,"minecraft:vine":4,"minecraft:rotten_flesh":1050,"minecraft:deepslate_brick_stairs":687,"minecraft:obsidian":455,"minecraft:blaze_powder":3,"minecraft:cobblestone":13740,"minecraft:enchanting_table":8,"minecraft:pink_petals":227,"minecraft:leather_chestplate":19,"minecraft:lilac":1,"minecraft:cherry_planks":10,"minecraft:andesite":1009,"minecraft:orange_carpet":1,"minecraft:golden_leggings":15,"minecraft:beacon":6,"minecraft:potato":19,"minecraft:prismarine_bricks":13,"minecraft:dirt":12226,"minecraft:stripped_birch_log":181,"minecraft:name_tag":1,"minecraft:glass":111,"minecraft:bone":447,"minecraft:acacia_planks":19,"minecraft:bow":181,"minecraft:wheat_seeds":509,"minecraft:orange_tulip":1,"minecraft:small_dripleaf":1,"minecraft:grindstone":11,"minecraft:netherite_axe":2,"minecraft:fletching_table":1,"minecraft:bamboo":5541,"minecraft:prismarine":16,"minecraft:black_stained_glass_pane":4,"minecraft:grass_block":9219,"minecraft:diamond_block":1,"minecraft:mossy_cobblestone":1,"minecraft:jungle_leaves":2,"minecraft:sugar":10,"minecraft:yellow_carpet":3,"minecraft:netherite_helmet":4,"minecraft:soul_lantern":1,"minecraft:cherry_wood":1,"minecraft:crossbow":7,"minecraft:bone_meal":1302,"minecraft:golden_apple":3,"minecraft:spruce_sign":20,"minecraft:emerald":208,"minecraft:netherrack":4343,"minecraft:chorus_fruit":19,"minecraft:oak_leaves":103,"minecraft:azure_bluet":7,"minecraft:splash_potion":4,"minecraft:ladder":162,"minecraft:packed_ice":33,"minecraft:brown_mushroom":3,"minecraft:stone_brick_wall":4,"minecraft:brick":131,"minecraft:oak_trapdoor":76,"minecraft:moss_carpet":42,"minecraft:birch_fence":3,"minecraft:blackstone":252,"minecraft:end_stone":61,"minecraft:cookie":5,"minecraft:trident":1,"minecraft:blue_concrete_powder":4,"minecraft:red_shulker_box":2,"minecraft:pumpkin_pie":3,"minecraft:stripped_dark_oak_wood":21,"minecraft:ward_armor_trim_smithing_template":2,"minecraft:black_banner":2,"minecraft:brick_stairs":25,"minecraft:netherite_boots":3,"minecraft:purple_dye":11,"minecraft:jungle_boat":6,"minecraft:basalt":874,"minecraft:golden_carrot":111,"minecraft:magenta_banner":1,"minecraft:leather":41,"minecraft:ice":157,"minecraft:granite_stairs":6,"minecraft:chainmail_chestplate":11,"minecraft:gunpowder":705,"minecraft:cobbled_deepslate_stairs":44,"minecraft:yellow_bed":7,"minecraft:cobblestone_wall":1,"minecraft:cooked_mutton":58,"minecraft:red_carpet":12,"minecraft:gray_carpet":21,"minecraft:acacia_trapdoor":5,"minecraft:spruce_wood":8,"minecraft:iron_ingot":933,"minecraft:cooked_chicken":2,"minecraft:nether_quartz_ore":98,"minecraft:emerald_block":16,"minecraft:stone_brick_slab":33,"minecraft:quartz":658,"minecraft:dandelion":21,"minecraft:lava_bucket":41,"minecraft:amethyst_shard":312,"minecraft:red_banner":2,"minecraft:spruce_door":15,"minecraft:brick_slab":16,"minecraft:sculk_sensor":1,"minecraft:white_concrete_powder":8,"minecraft:chainmail_leggings":8,"minecraft:cherry_sapling":73,"minecraft:terracotta":66,"minecraft:damaged_anvil":1,"minecraft:dark_oak_wood":3,"minecraft:iron_chestplate":4,"minecraft:chainmail_boots":6,"minecraft:flower_pot":1,"minecraft:anvil":6,"minecraft:prismarine_shard":41,"minecraft:diamond_sword":8,"minecraft:oak_stairs":47,"minecraft:brewing_stand":11,"minecraft:amethyst_block":12,"minecraft:soul_soil":22,"minecraft:cooked_salmon":2,"minecraft:gold_nugget":677,"minecraft:cobbled_deepslate":7958,"minecraft:black_glazed_terracotta":19,"minecraft:spruce_planks":727,"minecraft:netherite_upgrade_smithing_template":3,"minecraft:melon_slice":441,"minecraft:coal_block":2,"minecraft:golden_helmet":9,"minecraft:beehive":10,"minecraft:composter":4,"minecraft:bamboo_slab":16,"minecraft:cherry_log":84,"minecraft:deepslate_tile_stairs":34,"minecraft:black_dye":5,"minecraft:bamboo_block":3,"minecraft:tropical_fish":1,"minecraft:blue_dye":62,"minecraft:iron_block":965,"minecraft:birch_log":104,"minecraft:magma_block":29,"minecraft:oxidized_copper":10,"minecraft:birch_slab":326,"minecraft:cherry_leaves":4,"minecraft:jungle_log":70,"minecraft:acacia_leaves":3,"minecraft:stripped_spruce_wood":6,"minecraft:map":2,"minecraft:netherite_leggings":2,"minecraft:gray_concrete":188,"minecraft:stripped_bamboo_block":7,"minecraft:chipped_anvil":1,"minecraft:glowstone_dust":24,"minecraft:moss_block":148,"minecraft:ink_sac":70,"minecraft:loom":1,"minecraft:dark_oak_log":79,"minecraft:red_terracotta":21,"minecraft:barrel":137,"minecraft:dispenser":2,"minecraft:writable_book":1,"minecraft:deepslate_gold_ore":14,"minecraft:blue_ice":29,"minecraft:bread":244,"minecraft:chainmail_helmet":8,"minecraft:cherry_slab":26,"minecraft:dark_oak_fence":1,"minecraft:bricks":809,"minecraft:spruce_leaves":33,"minecraft:coarse_dirt":84,"minecraft:crafting_table":47,"minecraft:nether_wart":138,"minecraft:snow":2941,"minecraft:netherite_scrap":5,"minecraft:cartography_table":2,"minecraft:deepslate_diamond_ore":43,"minecraft:music_disc_otherside":2,"minecraft:beef":4,"minecraft:iron_nugget":273,"minecraft:chest":244,"minecraft:quartz_stairs":39,"minecraft:raw_copper_block":2,"minecraft:egg":35,"minecraft:sandstone":212,"minecraft:polished_deepslate_slab":23,"minecraft:amethyst_cluster":19,"minecraft:spruce_fence":9,"minecraft:carrot":69,"minecraft:redstone":1151,"minecraft:prismarine_crystals":8,"minecraft:tnt":17,"minecraft:beetroot_seeds":21,"minecraft:peony":12,"minecraft:deepslate_bricks":1758,"minecraft:shears":2,"minecraft:diamond_boots":10,"minecraft:gold_ingot":84,"minecraft:glow_berries":8,"minecraft:white_wool":53,"minecraft:lapis_ore":23,"minecraft:stripped_oak_log":4,"minecraft:bamboo_stairs":4,"minecraft:chiseled_bookshelf":1,"minecraft:red_mushroom":1,"minecraft:filled_map":6,"minecraft:oak_log":1443,"minecraft:ancient_debris":18,"minecraft:golden_boots":16,"minecraft:blue_bed":9,"minecraft:white_banner":37,"minecraft:kelp":333,"minecraft:stone_bricks":401,"minecraft:glass_bottle":15,"minecraft:iron_sword":7,"minecraft:flowering_azalea":7,"minecraft:white_stained_glass_pane":15,"minecraft:yellow_concrete":11,"minecraft:gravel":2100,"minecraft:birch_stairs":2,"minecraft:spruce_sapling":537,"minecraft:spruce_log":2895,"minecraft:orange_candle":6,"minecraft:firework_rocket":392,"minecraft:purple_bed":10,"minecraft:bamboo_trapdoor":3,"minecraft:stone_axe":8,"minecraft:polished_diorite":11,"minecraft:light_blue_carpet":7,"minecraft:redstone_ore":5,"minecraft:diamond_axe":8,"minecraft:gray_wool":3,"minecraft:oak_button":4,"minecraft:melon_seeds":20,"minecraft:warped_nylium":1,"minecraft:stripped_dark_oak_log":94,"minecraft:crimson_nylium":2,"minecraft:mangrove_propagule":6,"minecraft:pink_dye":2,"minecraft:ender_pearl":103,"minecraft:shulker_shell":6,"minecraft:wheat":177,"minecraft:exposed_copper":10,"minecraft:redstone_block":139,"minecraft:iron_trapdoor":10,"minecraft:light_gray_shulker_box":1,"minecraft:potion":7,"minecraft:nether_brick":52,"minecraft:raw_copper":1243,"minecraft:smooth_stone_slab":187,"minecraft:iron_leggings":11,"minecraft:oak_sign":1,"minecraft:deepslate_tiles":79,"minecraft:redstone_torch":4,"minecraft:calcite":9,"minecraft:iron_boots":14,"minecraft:furnace":40,"minecraft:stick":868,"minecraft:orange_shulker_box":20,"minecraft:oak_fence":16,"minecraft:torch":372,"minecraft:porkchop":4,"minecraft:dried_kelp":23,"minecraft:pointed_dripstone":11,"minecraft:quartz_block":72,"minecraft:nether_gold_ore":41,"minecraft:cactus":56,"minecraft:stripped_birch_wood":5,"minecraft:cod":1,"minecraft:nautilus_shell":4,"minecraft:magma_cream":1,"minecraft:magenta_dye":12,"minecraft:tuff":1213,"minecraft:wither_skeleton_skull":3,"minecraft:lapis_lazuli":573,"minecraft:polished_granite":51,"minecraft:leather_boots":15,"minecraft:deepslate_brick_slab":20,"minecraft:raw_gold":172,"minecraft:cobbled_deepslate_slab":82,"minecraft:bell":4,"minecraft:light_blue_dye":1,"minecraft:cyan_candle":4,"minecraft:powered_rail":51,"minecraft:oak_planks":1720,"minecraft:stone_hoe":9,"minecraft:cooked_porkchop":13,"minecraft:jungle_planks":3,"minecraft:sand":4812,"minecraft:cyan_bed":163,"minecraft:chiseled_sandstone":246,"minecraft:shulker_box":524,"minecraft:light_gray_concrete":171,"minecraft:clay":257,"minecraft:spruce_boat":17,"minecraft:diamond":342,"minecraft:black_concrete":40,"minecraft:white_concrete":71,"minecraft:oak_sapling":265,"minecraft:nether_star":1,"minecraft:charcoal":578,"minecraft:cocoa_beans":20,"minecraft:chicken":1,"minecraft:wooden_pickaxe":1,"minecraft:gold_block":20,"minecraft:stone_stairs":24,"minecraft:item_frame":77,"minecraft:candle":15,"minecraft:andesite_stairs":5,"minecraft:oak_boat":9,"minecraft:player_head":119,"minecraft:observer":24,"minecraft:light_gray_wool":4,"minecraft:lectern":5,"minecraft:tinted_glass":6,"minecraft:sugar_cane":1190,"minecraft:spruce_trapdoor":21,"minecraft:dark_oak_sapling":8,"minecraft:raw_iron":225,"minecraft:copper_ingot":798,"minecraft:bowl":2,"minecraft:gray_dye":2,"minecraft:quartz_pillar":34,"minecraft:stone_button":2,"minecraft:arrow":520,"minecraft:light_blue_stained_glass_pane":1,"minecraft:golden_hoe":1,"minecraft:saddle":2,"minecraft:wet_sponge":177,"minecraft:crimson_stem":13,"minecraft:salmon":1,"minecraft:birch_planks":12,"minecraft:cobblestone_stairs":117,"minecraft:deepslate_tile_slab":21,"minecraft:wooden_hoe":1,"minecraft:podzol":153,"minecraft:smooth_sandstone":165,"minecraft:red_nether_brick_stairs":20,"minecraft:soul_sand":78,"minecraft:acacia_sapling":10,"minecraft:book":73,"minecraft:oak_slab":1916,"minecraft:scaffolding":930,"minecraft:pumpkin":18,"minecraft:red_concrete_powder":3,"minecraft:bamboo_planks":46,"minecraft:chiseled_stone_bricks":368,"minecraft:dripstone_block":19,"minecraft:blast_furnace":2,"minecraft:white_bed":10,"minecraft:dark_oak_fence_gate":1,"minecraft:green_carpet":12,"minecraft:mossy_stone_brick_slab":1,"minecraft:spider_eye":17,"minecraft:dried_kelp_block":128,"minecraft:campfire":5,"minecraft:iron_helmet":4,"minecraft:magenta_concrete":61,"minecraft:red_concrete":31,"minecraft:coal":1300},"minecraft:mined":{"minecraft:red_shulker_box":2,"minecraft:white_bed":9,"minecraft:granite":4104,"minecraft:acacia_log":50,"minecraft:bamboo_block":3,"minecraft:nether_wart":32,"minecraft:polished_blackstone_bricks":1,"minecraft:magma_block":51,"minecraft:barrel":10,"minecraft:cobbled_deepslate":435,"minecraft:fire":59,"minecraft:fletching_table":1,"minecraft:deepslate_lapis_ore":34,"minecraft:spruce_wood":8,"minecraft:player_head":17,"minecraft:tripwire":7,"minecraft:bamboo_slab":14,"minecraft:blue_concrete_powder":4,"minecraft:kelp_plant":60,"minecraft:crimson_nylium":2,"minecraft:deepslate_tile_slab":8,"minecraft:torch":104,"minecraft:dark_oak_wood":3,"minecraft:melon":53,"minecraft:oxidized_copper":7,"minecraft:white_stained_glass_pane":15,"minecraft:dead_bush":1,"minecraft:spruce_wall_sign":5,"minecraft:sugar_cane":553,"minecraft:bricks":176,"minecraft:amethyst_block":16,"minecraft:bamboo_planks":39,"minecraft:mud":1,"minecraft:tinted_glass":6,"minecraft:smooth_quartz":50,"minecraft:smooth_basalt":4,"minecraft:deepslate":7299,"minecraft:deepslate_tiles":1,"minecraft:mossy_cobblestone":1,"minecraft:cherry_sapling":5,"minecraft:dark_oak_log":78,"minecraft:sea_lantern":2,"minecraft:end_stone":45,"minecraft:dark_oak_fence":1,"minecraft:spruce_fence":6,"minecraft:acacia_button":1,"minecraft:redstone_wire":49,"minecraft:cartography_table":1,"minecraft:redstone_ore":5,"minecraft:acacia_trapdoor":5,"minecraft:andesite":1091,"minecraft:big_dripleaf_stem":1,"minecraft:vine":14,"minecraft:cobblestone_slab":12,"minecraft:rail":28,"minecraft:bone_block":13,"minecraft:ender_chest":12,"minecraft:oak_slab":1745,"minecraft:birch_stairs":2,"minecraft:redstone_block":14,"minecraft:glass_pane":37,"minecraft:soul_sand":31,"minecraft:dandelion":13,"minecraft:cornflower":3,"minecraft:campfire":5,"minecraft:tall_grass":50,"minecraft:copper_ore":576,"minecraft:deepslate_gold_ore":100,"minecraft:diorite":3593,"minecraft:orange_carpet":1,"minecraft:black_stained_glass":3,"minecraft:red_terracotta":21,"minecraft:coarse_dirt":21,"minecraft:stripped_spruce_wood":4,"minecraft:gravel":2169,"minecraft:cobweb":19,"minecraft:birch_sign":1,"minecraft:oak_button":1,"minecraft:polished_blackstone":152,"minecraft:stone_bricks":147,"minecraft:chipped_anvil":1,"minecraft:iron_trapdoor":5,"minecraft:fern":39,"minecraft:oak_sapling":3,"minecraft:farmland":15,"minecraft:mossy_stone_brick_slab":2,"minecraft:andesite_stairs":3,"minecraft:brewing_stand":11,"minecraft:spruce_trapdoor":5,"minecraft:budding_amethyst":3,"minecraft:cracked_polished_blackstone_bricks":1,"minecraft:white_concrete":32,"minecraft:composter":4,"minecraft:pointed_dripstone":6,"minecraft:iron_bars":43,"minecraft:azalea":9,"minecraft:granite_stairs":3,"minecraft:spruce_slab":1288,"minecraft:deepslate_redstone_ore":280,"minecraft:quartz_block":69,"minecraft:exposed_copper":5,"minecraft:bamboo_stairs":1,"minecraft:purpur_stairs":7,"minecraft:end_stone_brick_slab":1,"minecraft:beacon":6,"minecraft:nether_quartz_ore":210,"minecraft:oak_planks":695,"minecraft:wall_torch":38,"minecraft:cauldron":1,"minecraft:stone_stairs":24,"minecraft:warped_nylium":1,"minecraft:powered_rail":15,"minecraft:blue_ice":28,"minecraft:tnt":21,"minecraft:smooth_stone_slab":160,"minecraft:oak_log":257,"minecraft:beetroots":10,"minecraft:dirt":15644,"minecraft:dispenser":2,"minecraft:ancient_debris":13,"minecraft:crying_obsidian":1,"minecraft:quartz_stairs":39,"minecraft:dark_oak_leaves":2,"minecraft:ladder":1,"minecraft:lever":25,"minecraft:glow_lichen":1,"minecraft:chiseled_bookshelf":2,"minecraft:stone_button":2,"minecraft:weathered_copper":1,"minecraft:birch_slab":235,"minecraft:spruce_leaves":287,"minecraft:crimson_stem":13,"minecraft:hay_block":36,"minecraft:gold_block":19,"minecraft:bookshelf":51,"minecraft:deepslate_iron_ore":52,"minecraft:stripped_oak_log":4,"minecraft:wet_sponge":176,"minecraft:scaffolding":247,"minecraft:acacia_leaves":5,"minecraft:stripped_dark_oak_log":1,"minecraft:basalt":2469,"minecraft:polished_granite":39,"minecraft:oak_fence":14,"minecraft:stone_slab":55,"minecraft:red_concrete":30,"minecraft:prismarine_bricks":13,"minecraft:birch_planks":11,"minecraft:bamboo_trapdoor":4,"minecraft:black_wall_banner":2,"minecraft:ice":264,"minecraft:cocoa":2,"minecraft:cherry_leaves":18,"minecraft:flower_pot":1,"minecraft:cracked_stone_bricks":1,"minecraft:small_dripleaf":1,"minecraft:jungle_wall_sign":3,"minecraft:cherry_log":110,"minecraft:jungle_leaves":10,"minecraft:obsidian":382,"minecraft:stone_brick_wall":4,"minecraft:yellow_carpet":3,"minecraft:jungle_log":69,"minecraft:deepslate_bricks":83,"minecraft:coal_block":2,"minecraft:deepslate_tile_stairs":10,"minecraft:hopper":134,"minecraft:oxeye_daisy":1,"minecraft:chiseled_stone_bricks":108,"minecraft:weeping_vines_plant":1,"minecraft:tall_seagrass":24,"minecraft:pumpkin":16,"minecraft:moss_carpet":24,"minecraft:stripped_dark_oak_wood":11,"minecraft:enchanting_table":7,"minecraft:sculk_shrieker":1,"minecraft:cave_vines":4,"minecraft:polished_deepslate_slab":7,"minecraft:dirt_path":225,"minecraft:oak_stairs":55,"minecraft:small_amethyst_bud":1,"minecraft:deepslate_brick_stairs":87,"minecraft:stripped_bamboo_block":7,"minecraft:iron_block":544,"minecraft:piston_head":1,"minecraft:brown_mushroom":3,"minecraft:player_wall_head":13,"minecraft:soul_fire":2,"minecraft:amethyst_cluster":58,"minecraft:glass":2,"minecraft:cyan_bed":156,"minecraft:spruce_sign":1,"minecraft:cherry_fence":1,"minecraft:wheat":132,"minecraft:stone_brick_stairs":86,"minecraft:copper_block":3,"minecraft:stonecutter":9,"minecraft:piston":13,"minecraft:infested_deepslate":2,"minecraft:light_blue_stained_glass_pane":1,"minecraft:stripped_birch_log":30,"minecraft:shulker_box":511,"minecraft:cobbled_deepslate_slab":9,"minecraft:jungle_planks":3,"minecraft:crimson_roots":1,"minecraft:orange_shulker_box":19,"minecraft:cherry_wood":1,"minecraft:moss_block":150,"minecraft:kelp":9,"minecraft:black_stained_glass_pane":3,"minecraft:snow":2114,"minecraft:potatoes":5,"minecraft:smooth_quartz_stairs":66,"minecraft:bamboo":519,"minecraft:white_wool":12,"minecraft:smithing_table":5,"minecraft:comparator":5,"minecraft:stone_brick_slab":14,"minecraft:observer":23,"minecraft:smooth_sandstone":2,"minecraft:short_grass":322,"minecraft:spruce_button":7,"minecraft:emerald_ore":12,"minecraft:sponge":126,"minecraft:big_dripleaf":2,"minecraft:purple_bed":8,"minecraft:white_carpet":1,"minecraft:spruce_log":1631,"minecraft:birch_leaves":6,"minecraft:quartz_pillar":32,"minecraft:dripstone_block":10,"minecraft:spruce_planks":97,"minecraft:attached_melon_stem":1,"minecraft:cobbled_deepslate_stairs":6,"minecraft:cobblestone_stairs":109,"minecraft:cave_vines_plant":3,"minecraft:grass_block":11744,"minecraft:blue_concrete":106,"minecraft:soul_soil":7,"minecraft:smooth_stone":17,"minecraft:glowstone":19,"minecraft:red_nether_brick_stairs":4,"minecraft:iron_ore":124,"minecraft:anvil":6,"minecraft:azure_bluet":2,"minecraft:blackstone":267,"minecraft:melon_stem":4,"minecraft:clay":910,"minecraft:calcite":9,"minecraft:poppy":15,"minecraft:chest":247,"minecraft:cobblestone":871,"minecraft:grindstone":8,"minecraft:prismarine":16,"minecraft:pink_petals":93,"minecraft:seagrass":4,"minecraft:nether_wart_block":2,"minecraft:lapis_block":2,"minecraft:birch_log":118,"minecraft:light_gray_wool":1,"minecraft:acacia_fence":3,"minecraft:sand":2281,"minecraft:netherrack":6576,"minecraft:oak_leaves":198,"minecraft:emerald_block":4,"minecraft:nether_gold_ore":44,"minecraft:diamond_ore":4,"minecraft:tuff":625,"minecraft:red_carpet":1,"minecraft:deepslate_diamond_ore":117,"minecraft:stripped_cherry_log":1,"minecraft:brick_stairs":27,"minecraft:mangrove_propagule":4,"minecraft:sandstone":105,"minecraft:rooted_dirt":212,"minecraft:large_fern":24,"minecraft:deepslate_brick_slab":10,"minecraft:oak_trapdoor":4,"minecraft:furnace":65,"minecraft:carrots":17,"minecraft:red_concrete_powder":3,"minecraft:acacia_stairs":1,"minecraft:stripped_spruce_log":8,"minecraft:bell":3,"minecraft:lantern":39,"minecraft:packed_ice":34,"minecraft:stone":62286,"minecraft:podzol":155,"minecraft:flowering_azalea":4,"minecraft:spruce_door":9,"minecraft:crafting_table":44,"minecraft:rose_bush":2,"minecraft:sculk_sensor":1,"minecraft:lectern":1,"minecraft:lapis_ore":34,"minecraft:lily_pad":7,"minecraft:blue_bed":9,"minecraft:spruce_stairs":6,"minecraft:brick_slab":16,"minecraft:cactus":8,"minecraft:lime_bed":10,"minecraft:acacia_fence_gate":1,"minecraft:beehive":2,"minecraft:sweet_berry_bush":27,"minecraft:yellow_bed":7,"minecraft:coal_ore":965,"minecraft:end_rod":11,"minecraft:terracotta":50,"minecraft:polished_andesite":21,"minecraft:birch_fence":3},"minecraft:crafted":{"minecraft:black_dye":2,"minecraft:oak_sign":3,"minecraft:red_sand":20,"minecraft:chain":1,"minecraft:diamond_shovel":3,"minecraft:shulker_box":33,"minecraft:granite":39,"minecraft:diamond_helmet":3,"minecraft:magenta_concrete_powder":80,"minecraft:beacon":1,"minecraft:stone_pressure_plate":8,"minecraft:dried_kelp_block":3,"minecraft:jungle_boat":1,"minecraft:acacia_slab":6,"minecraft:chest_minecart":2,"minecraft:raw_gold_block":5,"minecraft:smithing_table":4,"minecraft:mossy_cobblestone":1,"minecraft:red_nether_bricks":41,"minecraft:fletching_table":2,"minecraft:polished_deepslate_slab":34,"minecraft:cartography_table":1,"minecraft:stone_brick_stairs":984,"minecraft:lectern":1,"minecraft:wooden_hoe":1,"minecraft:stone_slab":2202,"minecraft:red_nether_brick_stairs":32,"minecraft:iron_pickaxe":2,"minecraft:acacia_door":3,"minecraft:sandstone":159,"minecraft:netherite_ingot":12,"minecraft:composter":5,"minecraft:jungle_sign":3,"minecraft:golden_carrot":441,"minecraft:iron_nugget":2152,"minecraft:diamond_hoe":1,"minecraft:cobbled_deepslate":193,"minecraft:brick_stairs":280,"minecraft:acacia_fence_gate":1,"minecraft:spruce_fence":3,"minecraft:stone_stairs":24,"minecraft:terracotta":182,"minecraft:lantern":16,"minecraft:spruce_stairs":104,"minecraft:polished_diorite":8,"minecraft:stripped_birch_wood":8,"minecraft:stone_pickaxe":22,"minecraft:spruce_boat":2,"minecraft:brick_slab":34,"minecraft:chainmail_leggings":12,"minecraft:ward_armor_trim_smithing_template":6,"minecraft:enchanting_table":3,"minecraft:acacia_trapdoor":36,"minecraft:dark_oak_button":4,"minecraft:acacia_stairs":8,"minecraft:red_carpet":12,"minecraft:deepslate_tiles":46,"minecraft:enchanted_book":7,"minecraft:oak_fence_gate":8,"minecraft:black_stained_glass_pane":88,"minecraft:iron_shovel":2,"minecraft:grindstone":1,"minecraft:cobblestone_slab":262,"minecraft:barrel":327,"minecraft:cherry_slab":12,"minecraft:stone":793,"minecraft:quartz_pillar":71,"minecraft:stone_brick_slab":66,"minecraft:bow":11,"minecraft:comparator":9,"minecraft:chest":620,"minecraft:netherite_helmet":1,"minecraft:oak_button":5,"minecraft:yellow_terracotta":16,"minecraft:copper_block":254,"minecraft:rail":96,"minecraft:blue_concrete_powder":96,"minecraft:bricks":3457,"minecraft:red_nether_brick_slab":2,"minecraft:oak_fence":33,"minecraft:stone_bricks":2467,"minecraft:polished_diorite_slab":4,"minecraft:granite_stairs":8,"minecraft:iron_helmet":11,"minecraft:red_wool":2,"minecraft:acacia_button":1,"minecraft:white_stained_glass_pane":64,"minecraft:dispenser":2,"minecraft:apple":168,"minecraft:tnt":276,"minecraft:spruce_trapdoor":24,"minecraft:yellow_dye":2,"minecraft:stick":8593,"minecraft:iron_ingot":3016,"minecraft:andesite_stairs":9,"minecraft:light_blue_stained_glass":32,"minecraft:deepslate_bricks":212,"minecraft:deepslate_tile_slab":54,"minecraft:oak_door":9,"minecraft:stone_brick_wall":6,"minecraft:tripwire_hook":4,"minecraft:netherite_sword":1,"minecraft:spruce_button":3,"minecraft:furnace":80,"minecraft:blast_furnace":1,"minecraft:piston":20,"minecraft:bamboo_sign":3,"minecraft:polished_andesite_slab":2,"minecraft:raw_copper_block":60,"minecraft:smooth_quartz_stairs":305,"minecraft:oak_trapdoor":288,"minecraft:flint_and_steel":6,"minecraft:scaffolding":84,"minecraft:netherite_chestplate":2,"minecraft:white_concrete_powder":32,"minecraft:chiseled_bookshelf":2,"minecraft:cobblestone_wall":18,"minecraft:light_blue_stained_glass_pane":64,"minecraft:iron_sword":3,"minecraft:ice":18,"minecraft:jungle_planks":260,"minecraft:white_dye":18,"minecraft:netherite_shovel":1,"minecraft:stonecutter":6,"minecraft:anvil":5,"minecraft:andesite":321,"minecraft:torch":396,"minecraft:bamboo_trapdoor":12,"minecraft:diamond_chestplate":1,"minecraft:smooth_stone":730,"minecraft:dark_oak_wood":12,"minecraft:birch_slab":24,"minecraft:slime_block":12,"minecraft:lever":27,"minecraft:bookshelf":21,"minecraft:iron_bars":256,"minecraft:red_concrete_powder":24,"minecraft:deepslate_brick_stairs":172,"minecraft:quartz_block":350,"minecraft:glass":277,"minecraft:repeater":8,"minecraft:diamond_leggings":2,"minecraft:netherite_boots":2,"minecraft:polished_blackstone":284,"minecraft:acacia_fence":3,"minecraft:magenta_dye":9,"minecraft:furnace_minecart":2,"minecraft:deepslate":1,"minecraft:emerald":2803,"minecraft:smooth_quartz":190,"minecraft:diamond_axe":1,"minecraft:gravel":352,"minecraft:spruce_door":21,"minecraft:copper_ingot":1834,"minecraft:campfire":2,"minecraft:bamboo_planks":332,"minecraft:compass":5,"minecraft:iron_block":118,"minecraft:gold_ingot":230,"minecraft:birch_stairs":8,"minecraft:packed_ice":18,"minecraft:stone_shovel":15,"minecraft:smooth_stone_slab":2060,"minecraft:player_head":8,"minecraft:polished_deepslate_stairs":112,"minecraft:tinted_glass":64,"minecraft:red_terracotta":48,"minecraft:bone_meal":2911,"minecraft:white_carpet":48,"minecraft:bamboo_stairs":8,"minecraft:diamond":378,"minecraft:ladder":276,"minecraft:spruce_slab":8794,"minecraft:diamond_boots":4,"minecraft:cobbled_deepslate_stairs":80,"minecraft:redstone_block":330,"minecraft:dark_oak_planks":44,"minecraft:golden_helmet":1,"minecraft:wheat":315,"minecraft:coal_block":73,"minecraft:netherite_pickaxe":1,"minecraft:dried_kelp":9,"minecraft:deepslate_brick_slab":34,"minecraft:polished_granite":180,"minecraft:glowstone":1,"minecraft:white_stained_glass":16,"minecraft:bamboo_slab":18,"minecraft:cobblestone":237,"minecraft:blackstone":60,"minecraft:oak_stairs":96,"minecraft:iron_leggings":3,"minecraft:deepslate_tile_stairs":80,"minecraft:brick":3343,"minecraft:oak_planks":10759,"minecraft:dark_oak_boat":1,"minecraft:cobblestone_stairs":552,"minecraft:suspicious_stew":2,"minecraft:bamboo_block":187,"minecraft:hopper":241,"minecraft:iron_boots":3,"minecraft:raw_copper":90,"minecraft:netherite_upgrade_smithing_template":24,"minecraft:chiseled_stone_bricks":108,"minecraft:stone_hoe":1,"minecraft:raw_iron_block":1,"minecraft:quartz_stairs":56,"minecraft:item_frame":18,"minecraft:oak_slab":4542,"minecraft:map":6,"minecraft:crafting_table":92,"minecraft:spruce_planks":7486,"minecraft:wooden_pickaxe":2,"minecraft:hopper_minecart":1,"minecraft:gold_block":7,"minecraft:birch_planks":285,"minecraft:pumpkin_seeds":60,"minecraft:diorite":258,"minecraft:diamond_pickaxe":3,"minecraft:string":52,"minecraft:book":56,"minecraft:iron_chestplate":3,"minecraft:paper":1080,"minecraft:charcoal":36,"minecraft:emerald_block":152,"minecraft:light_blue_dye":6,"minecraft:stone_sword":2,"minecraft:redstone_torch":54,"minecraft:light_gray_carpet":3,"minecraft:shears":8,"minecraft:sandstone_stairs":16,"minecraft:polished_andesite":201,"minecraft:cherry_planks":28,"minecraft:coarse_dirt":256,"minecraft:cookie":162,"minecraft:cobbled_deepslate_slab":340,"minecraft:raw_iron":9,"minecraft:mangrove_propagule":1,"minecraft:redstone":2186,"minecraft:coal":675,"minecraft:stone_button":8,"minecraft:dark_oak_trapdoor":12,"minecraft:diamond_block":58,"minecraft:glass_pane":480,"minecraft:blue_ice":2,"minecraft:netherite_leggings":1,"minecraft:leather":64,"minecraft:polished_deepslate":231,"minecraft:spruce_wood":8,"minecraft:slime_ball":133,"minecraft:lime_dye":154,"minecraft:filled_map":2,"minecraft:netherite_scrap":9,"minecraft:minecart":5,"minecraft:observer":16,"minecraft:cherry_fence_gate":2,"minecraft:red_dye":10,"minecraft:crimson_planks":52,"minecraft:bone_block":261,"minecraft:diamond_sword":3,"minecraft:spruce_sign":6,"minecraft:powered_rail":229,"minecraft:bucket":20,"minecraft:wild_armor_trim_smithing_template":2,"minecraft:stone_axe":5,"minecraft:bread":821,"minecraft:air":0,"minecraft:black_stained_glass":8,"minecraft:blue_dye":13,"minecraft:oak_boat":2,"minecraft:magenta_terracotta":7,"minecraft:white_wool":19,"minecraft:gold_nugget":99,"minecraft:pumpkin_pie":348,"minecraft:acacia_planks":38,"minecraft:lapis_lazuli":828,"minecraft:clay":48,"minecraft:lapis_block":138,"minecraft:firework_rocket":1761},"minecraft:broken":{"minecraft:shears":6,"minecraft:wooden_pickaxe":1,"minecraft:iron_pickaxe":1,"minecraft:iron_shovel":1,"minecraft:stone_pickaxe":19,"minecraft:stone_axe":5,"minecraft:stone_shovel":14,"minecraft:iron_sword":3,"minecraft:stone_sword":1,"minecraft:flint_and_steel":2},"minecraft:used":{"minecraft:moss_block":42,"minecraft:dispenser":3,"minecraft:poppy":6,"minecraft:stone":9317,"minecraft:red_nether_brick_stairs":16,"minecraft:quartz_stairs":79,"minecraft:rotten_flesh":3,"minecraft:soul_sand":28,"minecraft:deepslate_brick_slab":136,"minecraft:spruce_boat":11,"minecraft:polished_blackstone_slab":9,"minecraft:packed_ice":8,"minecraft:lava_bucket":145,"minecraft:stripped_dark_oak_wood":1,"minecraft:quartz_pillar":102,"minecraft:quartz_block":137,"minecraft:netherite_boots":4,"minecraft:bow":275,"minecraft:oak_sapling":29,"minecraft:acacia_fence":3,"minecraft:prismarine":5,"minecraft:cactus":5,"minecraft:blackstone":13,"minecraft:wooden_pickaxe":76,"minecraft:composter":9,"minecraft:clay":32,"minecraft:jungle_boat":5,"minecraft:golden_apple":2,"minecraft:glow_berries":8,"minecraft:blast_furnace":1,"minecraft:acacia_leaves":3,"minecraft:deepslate_brick_stairs":2061,"minecraft:birch_fence":3,"minecraft:deepslate_iron_ore":2,"minecraft:diamond_sword":5135,"minecraft:coal_block":12,"minecraft:smithing_table":9,"minecraft:oak_boat":6,"minecraft:diorite_stairs":2,"minecraft:oak_trapdoor":284,"minecraft:enchanting_table":11,"minecraft:light_gray_carpet":3,"minecraft:tinted_glass":68,"minecraft:torch":609,"minecraft:brewing_stand":10,"minecraft:nether_quartz_ore":52,"minecraft:yellow_carpet":3,"minecraft:oak_fence_gate":8,"minecraft:fern":2,"minecraft:chipped_anvil":1,"minecraft:iron_block":667,"minecraft:jungle_log":4,"minecraft:barrel":2,"minecraft:bamboo":33,"minecraft:diamond_chestplate":1,"minecraft:basalt":3134,"minecraft:podzol":2,"minecraft:wheat_seeds":174,"minecraft:chiseled_bookshelf":3,"minecraft:birch_planks":269,"minecraft:blue_concrete_powder":43,"minecraft:glow_ink_sac":4,"minecraft:deepslate_bricks":240,"minecraft:polished_deepslate_slab":132,"minecraft:rail":288,"minecraft:campfire":6,"minecraft:white_bed":5,"minecraft:spruce_log":168,"minecraft:diamond_pickaxe":86441,"minecraft:diamond_shovel":22806,"minecraft:oak_button":8,"minecraft:suspicious_stew":2,"minecraft:spruce_trapdoor":40,"minecraft:bamboo_slab":18,"minecraft:spruce_sapling":8,"minecraft:enchanted_book":2,"minecraft:potion":2,"minecraft:purple_bed":9,"minecraft:porkchop":3,"minecraft:cooked_porkchop":1,"minecraft:andesite_stairs":6,"minecraft:stripped_oak_log":28,"minecraft:dandelion":3,"minecraft:diamond_leggings":7,"minecraft:cherry_sapling":5,"minecraft:moss_carpet":16,"minecraft:polished_deepslate":1,"minecraft:bone_block":233,"minecraft:nether_wart":46,"minecraft:spruce_leaves":10,"minecraft:mutton":3,"minecraft:furnace_minecart":8,"minecraft:beehive":2,"minecraft:obsidian":304,"minecraft:big_dripleaf":4,"minecraft:bricks":2958,"minecraft:spruce_wood":12,"minecraft:lantern":123,"minecraft:item_frame":88,"minecraft:deepslate_diamond_ore":44,"minecraft:golden_sword":21,"minecraft:written_book":158,"minecraft:gold_block":14,"minecraft:dark_oak_sapling":4,"minecraft:bamboo_trapdoor":4,"minecraft:end_rod":22,"minecraft:diamond_boots":14,"minecraft:wither_skeleton_skull":3,"minecraft:stone_pickaxe":2616,"minecraft:oak_planks":1255,"minecraft:polished_diorite_slab":1,"minecraft:sandstone":75,"minecraft:chainmail_helmet":1,"minecraft:diamond_axe":2719,"minecraft:sugar_cane":163,"minecraft:bamboo_stairs":7,"minecraft:white_wool":2,"minecraft:golden_hoe":28,"minecraft:netherite_leggings":5,"minecraft:deepslate_lapis_ore":5,"minecraft:end_stone":7,"minecraft:lever":116,"minecraft:acacia_door":2,"minecraft:bread":410,"minecraft:barrier":8,"minecraft:deepslate":1689,"minecraft:chain":4,"minecraft:smooth_stone_slab":2074,"minecraft:stripped_cherry_log":1,"minecraft:coarse_dirt":277,"minecraft:bone_meal":968,"minecraft:netherite_sword":976,"minecraft:rose_bush":3,"minecraft:cherry_wood":1,"minecraft:granite_stairs":4,"minecraft:flint_and_steel":209,"minecraft:redstone":135,"minecraft:ender_chest":13,"minecraft:deepslate_gold_ore":16,"minecraft:stripped_birch_wood":72,"minecraft:stone_hoe":11,"minecraft:dirt":7347,"minecraft:red_nether_brick_slab":3,"minecraft:prismarine_bricks":1,"minecraft:golden_chestplate":1,"minecraft:oak_stairs":93,"minecraft:iron_boots":1,"minecraft:black_stained_glass":83,"minecraft:soul_soil":8,"minecraft:deepslate_tile_stairs":110,"minecraft:netherite_pickaxe":6564,"minecraft:minecart":3,"minecraft:cooked_beef":6,"minecraft:pumpkin":1,"minecraft:bamboo_planks":51,"minecraft:iron_leggings":2,"minecraft:cobblestone_stairs":246,"minecraft:red_nether_bricks":2,"minecraft:brown_mushroom":2,"minecraft:spruce_sign":15,"minecraft:bamboo_block":10,"minecraft:piston":28,"minecraft:wooden_hoe":1,"minecraft:flower_pot":1,"minecraft:lapis_ore":5,"minecraft:magenta_concrete":79,"minecraft:stone_slab":524,"minecraft:stone_axe":687,"minecraft:pink_petals":7,"minecraft:cobbled_deepslate_slab":193,"minecraft:lapis_block":2,"minecraft:pumpkin_pie":316,"minecraft:birch_stairs":33,"minecraft:peony":1,"minecraft:spruce_slab":8477,"minecraft:polished_blackstone":479,"minecraft:bamboo_sign":3,"minecraft:elytra":3,"minecraft:ladder":272,"minecraft:chest":641,"minecraft:brick_slab":24,"minecraft:acacia_button":1,"minecraft:stripped_spruce_log":13,"minecraft:netherite_shovel":10333,"minecraft:black_stained_glass_pane":89,"minecraft:grass_block":5236,"minecraft:polished_andesite_stairs":1,"minecraft:orange_shulker_box":20,"minecraft:copper_ore":104,"minecraft:wet_sponge":176,"minecraft:dark_oak_button":4,"minecraft:stone_brick_stairs":631,"minecraft:snow":114,"minecraft:dark_oak_boat":3,"minecraft:sweet_berries":38,"minecraft:furnace":135,"minecraft:egg":1,"minecraft:potato":1,"minecraft:dragon_head":1,"minecraft:short_grass":6,"minecraft:emerald_ore":6,"minecraft:diorite":293,"minecraft:spruce_door":15,"minecraft:stripped_birch_log":16,"minecraft:acacia_trapdoor":29,"minecraft:powered_rail":151,"minecraft:oak_leaves":30,"minecraft:smooth_quartz_stairs":325,"minecraft:cookie":2,"minecraft:dark_oak_trapdoor":2,"minecraft:sand":817,"minecraft:blue_ice":5,"minecraft:netherite_helmet":6,"minecraft:pumpkin_seeds":60,"minecraft:deepslate_tiles":1,"minecraft:stone_button":10,"minecraft:verdant_froglight":85,"minecraft:lectern":1,"minecraft:red_terracotta":61,"minecraft:polished_granite":244,"minecraft:diamond_ore":2,"minecraft:polished_andesite_slab":1,"minecraft:ice":12,"minecraft:oak_hanging_sign":6,"minecraft:iron_bars":202,"minecraft:stone_sword":155,"minecraft:red_concrete":26,"minecraft:netherrack":982,"minecraft:anvil":11,"minecraft:stone_stairs":40,"minecraft:blue_concrete":109,"minecraft:polished_diorite":4,"minecraft:small_dripleaf":1,"minecraft:shroomlight":64,"minecraft:red_shulker_box":2,"minecraft:flowering_azalea":3,"minecraft:rooted_dirt":1,"minecraft:brick_stairs":272,"minecraft:spruce_button":18,"minecraft:smooth_quartz":268,"minecraft:totem_of_undying":25,"minecraft:cherry_fence_gate":1,"minecraft:tripwire_hook":3,"minecraft:glowstone":12,"minecraft:beef":4,"minecraft:iron_trapdoor":11,"minecraft:cobbled_deepslate":2798,"minecraft:observer":38,"minecraft:water_bucket":2442,"minecraft:sandstone_stairs":16,"minecraft:cartography_table":1,"minecraft:fletching_table":3,"minecraft:orange_carpet":1,"minecraft:comparator":13,"minecraft:vine":2,"minecraft:oak_slab":3018,"minecraft:tnt":240,"minecraft:crafting_table":57,"minecraft:oak_log":158,"minecraft:cornflower":25,"minecraft:oxeye_daisy":1,"minecraft:iron_pickaxe":319,"minecraft:chiseled_stone_bricks":108,"minecraft:cobblestone":8181,"minecraft:red_concrete_powder":19,"minecraft:glass_pane":54,"minecraft:kelp":4,"minecraft:light_blue_stained_glass_pane":31,"minecraft:iron_shovel":463,"minecraft:diamond_hoe":397,"minecraft:oak_sign":3,"minecraft:white_concrete_powder":40,"minecraft:iron_sword":476,"minecraft:bell":4,"minecraft:player_head":71,"minecraft:iron_chestplate":1,"minecraft:carrot":22,"minecraft:deepslate_tile_slab":182,"minecraft:tuff":287,"minecraft:polished_deepslate_stairs":15,"minecraft:glass":4,"minecraft:coal_ore":127,"minecraft:iron_helmet":2,"minecraft:dark_oak_wood":13,"minecraft:hopper_minecart":1,"minecraft:stone_bricks":1565,"minecraft:bedrock":31,"minecraft:red_carpet":8,"minecraft:repeater":8,"minecraft:magma_block":2,"minecraft:scaffolding":213,"minecraft:beetroot_seeds":9,"minecraft:polished_blackstone_stairs":10,"minecraft:large_fern":1,"minecraft:stripped_spruce_wood":2,"minecraft:golden_boots":10,"minecraft:ender_pearl":3,"minecraft:redstone_block":3,"minecraft:blue_bed":9,"minecraft:yellow_terracotta":12,"minecraft:deepslate_redstone_ore":42,"minecraft:sponge":187,"minecraft:dripstone_block":7,"minecraft:stone_brick_wall":10,"minecraft:shears":1547,"minecraft:cobbled_deepslate_stairs":32,"minecraft:redstone_torch":12,"minecraft:firework_rocket":1665,"minecraft:cyan_bed":161,"minecraft:melon_slice":225,"minecraft:string":54,"minecraft:gravel":1201,"minecraft:golden_helmet":5,"minecraft:jungle_sign":5,"minecraft:grindstone":8,"minecraft:andesite":306,"minecraft:chest_minecart":4,"minecraft:white_concrete":24,"minecraft:experience_bottle":49,"minecraft:azalea":3,"minecraft:oak_fence":36,"minecraft:jungle_leaves":2,"minecraft:stone_shovel":1949,"minecraft:spruce_planks":50,"minecraft:spyglass":5,"minecraft:white_carpet":36,"minecraft:hopper":374,"minecraft:spruce_stairs":91,"minecraft:cobblestone_wall":16,"minecraft:diamond_helmet":4,"minecraft:shulker_box":550,"minecraft:granite":360,"minecraft:stone_brick_slab":68,"minecraft:bookshelf":70,"minecraft:acacia_slab":1,"minecraft:light_gray_wool":1,"minecraft:golden_carrot":439,"minecraft:emerald_block":5,"minecraft:white_stained_glass_pane":79,"minecraft:stone_pressure_plate":2,"minecraft:cooked_mutton":1,"minecraft:iron_ore":16,"minecraft:amethyst_block":1,"minecraft:glass_bottle":1,"minecraft:polished_andesite":215,"minecraft:netherite_chestplate":1,"minecraft:copper_block":10,"minecraft:white_dye":4,"minecraft:beacon":9,"minecraft:stonecutter":14,"minecraft:cobblestone_slab":280,"minecraft:terracotta":230,"minecraft:lime_bed":10,"minecraft:book":10,"minecraft:nether_gold_ore":17,"minecraft:acacia_stairs":9,"minecraft:apple":462,"minecraft:map":2,"minecraft:netherite_axe":4384,"minecraft:acacia_fence_gate":1,"minecraft:bucket":2687,"minecraft:yellow_bed":8,"minecraft:smooth_stone":944,"minecraft:splash_potion":1},"minecraft:killed_by":{"minecraft:zombie_villager":1,"minecraft:skeleton":1,"minecraft:guardian":1,"minecraft:player":9}},"DataVersion":3700}