{"stats":{"minecraft:crafted":{"minecraft:golden_carrot":1,"minecraft:oak_door":3,"minecraft:oak_planks":616,"minecraft:oak_sign":3,"minecraft:furnace":2,"minecraft:stone":47,"minecraft:cobblestone_stairs":70,"minecraft:lever":1,"minecraft:bone_meal":42,"minecraft:spruce_fence":42,"minecraft:cooked_mutton":12,"minecraft:glass_pane":32,"minecraft:glass":92,"minecraft:stone_brick_slab":40,"minecraft:bow":1,"minecraft:ladder":21,"minecraft:chest":6,"minecraft:bundle":1,"minecraft:chiseled_stone_bricks":3,"minecraft:stone_hoe":1,"minecraft:stone_bricks":169,"minecraft:oak_fence":129,"minecraft:cooked_beef":3,"minecraft:oak_slab":318,"minecraft:diamond_sword":1,"minecraft:cooked_porkchop":10,"minecraft:crafting_table":2,"minecraft:spruce_planks":176,"minecraft:spruce_door":3,"minecraft:bucket":2,"minecraft:bread":46,"minecraft:oak_fence_gate":2,"minecraft:stone_brick_stairs":146,"minecraft:charcoal":32,"minecraft:gold_nugget":9,"minecraft:shield":2,"minecraft:stick":178,"minecraft:iron_ingot":23,"minecraft:oak_stairs":8,"minecraft:iron_block":1,"minecraft:gold_ingot":3,"minecraft:stonecutter":1,"minecraft:spruce_fence_gate":1,"minecraft:torch":200,"minecraft:polished_andesite":4},"minecraft:broken":{"minecraft:stone_hoe":1},"minecraft:killed":{"minecraft:witch":1,"minecraft:spider":14,"minecraft:horse":5,"minecraft:skeleton":16,"minecraft:chicken":1,"minecraft:pig":7,"minecraft:wandering_trader":2,"minecraft:creeper":1,"minecraft:sheep":12,"minecraft:trader_llama":4,"minecraft:pillager":9,"minecraft:zombie":51,"minecraft:player":2,"minecraft:enderman":1,"minecraft:cow":3},"minecraft:dropped":{"minecraft:iron_ingot":7,"minecraft:oak_slab":4,"minecraft:wheat_seeds":9,"minecraft:diamond_axe":1,"minecraft:cooked_beef":3,"minecraft:cooked_porkchop":4,"minecraft:cobblestone":151,"minecraft:apple":9,"minecraft:granite":26,"minecraft:stick":1,"minecraft:dirt":178,"minecraft:golden_carrot":10,"minecraft:gold_nugget":2,"minecraft:white_wool":1,"minecraft:spruce_sapling":1,"minecraft:gold_ingot":1,"minecraft:bone":2,"minecraft:gravel":4,"minecraft:cobbled_deepslate":14,"minecraft:wheat":34,"minecraft:birch_sapling":4,"minecraft:raw_iron":21,"minecraft:rotten_flesh":1,"minecraft:oak_planks":2,"minecraft:diamond_shovel":1,"minecraft:white_bed":1,"minecraft:carrot":1,"minecraft:totem_of_undying":1,"minecraft:oak_sign":1,"minecraft:diamond_sword":5,"minecraft:spruce_planks":25,"minecraft:diamond_pickaxe":1,"minecraft:bamboo":11,"minecraft:spruce_log":1,"minecraft:calcite":2,"minecraft:stone_brick_stairs":34,"minecraft:egg":3},"minecraft:killed_by":{"minecraft:player":1},"minecraft:mined":{"minecraft:tuff":20,"minecraft:spruce_planks":49,"minecraft:white_bed":4,"minecraft:farmland":2,"minecraft:deepslate_diamond_ore":1,"minecraft:oak_door":2,"minecraft:cobblestone_stairs":23,"minecraft:ladder":1,"minecraft:granite":26,"minecraft:grass_block":898,"minecraft:spruce_fence":1,"minecraft:spruce_leaves":14,"minecraft:oxeye_daisy":1,"minecraft:carrots":6,"minecraft:iron_ore":44,"minecraft:andesite":85,"minecraft:stripped_spruce_log":8,"minecraft:pumpkin":7,"minecraft:deepslate_lapis_ore":1,"minecraft:azure_bluet":1,"minecraft:pointed_dripstone":16,"minecraft:stone":776,"minecraft:white_wool":6,"minecraft:deepslate_redstone_ore":5,"minecraft:oak_slab":11,"minecraft:glass_pane":2,"minecraft:player_wall_head":2,"minecraft:stone_brick_slab":4,"minecraft:dandelion":6,"minecraft:oak_fence":22,"minecraft:crafting_table":7,"minecraft:cornflower":2,"minecraft:torch":38,"minecraft:short_grass":324,"minecraft:calcite":13,"minecraft:glass":4,"minecraft:copper_ore":31,"minecraft:tall_grass":29,"minecraft:cobblestone":11,"minecraft:oak_planks":57,"minecraft:sugar_cane":4,"minecraft:sculk":10,"minecraft:diorite":27,"minecraft:wall_torch":10,"minecraft:gray_wool":7,"minecraft:birch_log":34,"minecraft:wheat":174,"minecraft:sweet_berry_bush":3,"minecraft:spruce_log":134,"minecraft:birch_leaves":2,"minecraft:white_wall_banner":1,"minecraft:stone_brick_stairs":8,"minecraft:oak_log":355,"minecraft:coal_ore":52,"minecraft:oak_fence_gate":2,"minecraft:sand":92,"minecraft:gravel":11,"minecraft:dripstone_block":9,"minecraft:dirt":1353,"minecraft:stone_bricks":33,"minecraft:gold_ore":5,"minecraft:fern":1,"minecraft:oak_leaves":95,"minecraft:deepslate":305},"minecraft:picked_up":{"minecraft:crafting_table":7,"minecraft:wheat":171,"minecraft:ladder":1,"minecraft:chicken":1,"minecraft:lead":13,"minecraft:diamond_sword":5,"minecraft:stone_brick_stairs":42,"minecraft:cornflower":1,"minecraft:string":15,"minecraft:raw_copper":120,"minecraft:diamond_leggings":1,"minecraft:gold_nugget":2,"minecraft:cobbled_deepslate":78,"minecraft:spruce_planks":70,"minecraft:beef":8,"minecraft:player_head":6,"minecraft:calcite":11,"minecraft:sugar_cane":6,"minecraft:birch_sapling":9,"minecraft:egg":4,"minecraft:raw_iron":65,"minecraft:stick":86,"minecraft:stone":448,"minecraft:oak_door":2,"minecraft:oak_fence":22,"minecraft:torch":38,"minecraft:spruce_fence":1,"minecraft:porkchop":10,"minecraft:pointed_dripstone":7,"minecraft:diorite":12,"minecraft:carrot":13,"minecraft:redstone":23,"minecraft:arrow":26,"minecraft:rotten_flesh":69,"minecraft:diamond_chestplate":1,"minecraft:diamond_boots":1,"minecraft:gold_ingot":2,"minecraft:totem_of_undying":9,"minecraft:mutton":15,"minecraft:white_wool":17,"minecraft:cobblestone":840,"minecraft:oxeye_daisy":1,"minecraft:birch_log":33,"minecraft:cooked_beef":3,"minecraft:golden_carrot":20,"minecraft:andesite":68,"minecraft:leather":16,"minecraft:potato":1,"minecraft:oak_log":346,"minecraft:gunpowder":2,"minecraft:cobblestone_stairs":23,"minecraft:lapis_lazuli":9,"minecraft:dirt":1985,"minecraft:white_banner":3,"minecraft:leather_boots":1,"minecraft:bone":19,"minecraft:apple":21,"minecraft:stone_bricks":33,"minecraft:wheat_seeds":529,"minecraft:raw_gold":5,"minecraft:iron_ingot":4,"minecraft:oak_fence_gate":2,"minecraft:diamond_helmet":1,"minecraft:bamboo":11,"minecraft:oak_planks":58,"minecraft:oak_slab":13,"minecraft:cooked_porkchop":4,"minecraft:pumpkin":7,"minecraft:stone_brick_slab":4,"minecraft:dandelion":5,"minecraft:dripstone_block":5,"minecraft:gravel":10,"minecraft:sand":92,"minecraft:stripped_spruce_log":8,"minecraft:spruce_sapling":12,"minecraft:white_bed":5,"minecraft:spruce_log":134,"minecraft:leather_helmet":1,"minecraft:diamond_shovel":2,"minecraft:diamond":3,"minecraft:diamond_axe":2,"minecraft:granite":52,"minecraft:gray_wool":7,"minecraft:bread":70,"minecraft:oak_sapling":124,"minecraft:coal":52,"minecraft:diamond_pickaxe":2},"minecraft:custom":{"minecraft:interact_with_anvil":1,"minecraft:mob_kills":138,"minecraft:animals_bred":2,"minecraft:interact_with_crafting_table":132,"minecraft:leave_game":32,"minecraft:time_since_death":790376,"minecraft:climb_one_cm":166631,"minecraft:sprint_one_cm":1643403,"minecraft:walk_one_cm":1775392,"minecraft:damage_blocked_by_shield":210,"minecraft:drop":122,"minecraft:talked_to_villager":2,"minecraft:play_time":790880,"minecraft:deaths":1,"minecraft:sneak_time":30521,"minecraft:walk_under_water_one_cm":86642,"minecraft:jump":10670,"minecraft:walk_on_water_one_cm":86861,"minecraft:total_world_time":790880,"minecraft:interact_with_furnace":75,"minecraft:raid_trigger":1,"minecraft:interact_with_stonecutter":13,"minecraft:sleep_in_bed":39,"minecraft:time_since_rest":6446,"minecraft:damage_taken":4741,"minecraft:damage_absorbed":205,"minecraft:damage_dealt":22460,"minecraft:swim_one_cm":63465,"minecraft:fly_one_cm":1735255,"minecraft:player_kills":2,"minecraft:open_chest":159,"minecraft:crouch_one_cm":111747,"minecraft:fall_one_cm":308218},"minecraft:used":{"minecraft:oak_fence":134,"minecraft:ladder":21,"minecraft:oak_sign":2,"minecraft:chest":6,"minecraft:spruce_planks":51,"minecraft:shield":6,"minecraft:stone":102,"minecraft:player_head":6,"minecraft:stone_hoe":137,"minecraft:rotten_flesh":8,"minecraft:oak_door":2,"minecraft:torch":252,"minecraft:dirt":859,"minecraft:carrot":11,"minecraft:spruce_fence":26,"minecraft:stripped_spruce_log":8,"minecraft:oak_fence_gate":2,"minecraft:glass":77,"minecraft:stone_brick_slab":31,"minecraft:oak_stairs":2,"minecraft:totem_of_undying":3,"minecraft:stone_brick_stairs":112,"minecraft:stone_bricks":135,"minecraft:diamond_chestplate":1,"minecraft:golden_carrot":11,"minecraft:bow":19,"minecraft:furnace":2,"minecraft:cooked_beef":3,"minecraft:potato":1,"minecraft:cobbled_deepslate":14,"minecraft:calcite":9,"minecraft:wheat_seeds":264,"minecraft:cooked_mutton":9,"minecraft:water_bucket":166,"minecraft:diorite":10,"minecraft:diamond_boots":1,"minecraft:cobblestone_stairs":57,"minecraft:spruce_door":2,"minecraft:bundle":2,"minecraft:oak_planks":174,"minecraft:stonecutter":1,"minecraft:spruce_fence_gate":1,"minecraft:diamond_axe":944,"minecraft:white_wool":8,"minecraft:oak_slab":323,"minecraft:crafting_table":9,"minecraft:white_bed":4,"minecraft:spruce_log":50,"minecraft:oak_log":129,"minecraft:apple":11,"minecraft:diamond_pickaxe":1689,"minecraft:diamond_shovel":2296,"minecraft:bread":91,"minecraft:spruce_sapling":8,"minecraft:chiseled_stone_bricks":2,"minecraft:diamond_sword":834,"minecraft:cobblestone":238,"minecraft:white_banner":2,"minecraft:cooked_porkchop":10,"minecraft:bucket":167,"minecraft:andesite":20,"minecraft:glass_pane":20,"minecraft:gray_wool":7,"minecraft:bone_meal":36,"minecraft:diamond_leggings":1}},"DataVersion":3700}