{"stats":{"minecraft:killed":{"minecraft:cod":4,"minecraft:guardian":3,"minecraft:skeleton_horse":1,"minecraft:tropical_fish":1,"minecraft:parrot":1,"minecraft:elder_guardian":10,"minecraft:salmon":45,"minecraft:iron_golem":26,"minecraft:ender_dragon":2,"minecraft:pillager":2043,"minecraft:donkey":2,"minecraft:zombie":937,"minecraft:evoker":322,"minecraft:vindicator":1502,"minecraft:endermite":1,"minecraft:warden":6,"minecraft:husk":1,"minecraft:sniffer":1,"minecraft:rabbit":14,"minecraft:frog":1,"minecraft:ravager":10,"minecraft:zombified_piglin":29,"minecraft:witch":455,"minecraft:spider":123,"minecraft:wither":11,"minecraft:bee":3,"minecraft:silverfish":17,"minecraft:piglin_brute":11,"minecraft:piglin":70,"minecraft:zombie_villager":8,"minecraft:sheep":33,"minecraft:trader_llama":6,"minecraft:ghast":62,"minecraft:vex":24,"minecraft:slime":111,"minecraft:drowned":25,"minecraft:hoglin":2,"minecraft:squid":3,"minecraft:wither_skeleton":694,"minecraft:player":28,"minecraft:villager":30,"minecraft:cave_spider":1,"minecraft:shulker":27,"minecraft:pufferfish":1,"minecraft:skeleton":362,"minecraft:chicken":14,"minecraft:cat":12,"minecraft:magma_cube":148,"minecraft:glow_squid":1,"minecraft:cow":76,"minecraft:zoglin":1,"minecraft:horse":7,"minecraft:ocelot":1,"minecraft:wandering_trader":4,"minecraft:enderman":1524,"minecraft:turtle":6,"minecraft:wolf":3,"minecraft:pig":69,"minecraft:creeper":232,"minecraft:stray":1,"minecraft:blaze":219,"minecraft:phantom":71,"minecraft:bat":3},"minecraft:custom":{"minecraft:interact_with_crafting_table":1073,"minecraft:damage_blocked_by_shield":30230,"minecraft:play_time":15527153,"minecraft:deaths":17,"minecraft:jump":140448,"minecraft:play_record":1,"minecraft:interact_with_cartography_table":2,"minecraft:horse_one_cm":72561,"minecraft:inspect_dispenser":93,"minecraft:inspect_dropper":10,"minecraft:interact_with_anvil":314,"minecraft:inspect_hopper":384,"minecraft:time_since_rest":285648,"minecraft:swim_one_cm":2825700,"minecraft:open_chest":8844,"minecraft:open_shulker_box":6959,"minecraft:damage_resisted":2954,"minecraft:talked_to_villager":3131,"minecraft:interact_with_brewingstand":261,"minecraft:interact_with_beacon":20,"minecraft:raid_win":35,"minecraft:boat_one_cm":2997274,"minecraft:damage_taken":209550,"minecraft:aviate_one_cm":250131218,"minecraft:open_barrel":452,"minecraft:bell_ring":44,"minecraft:leave_game":688,"minecraft:time_since_death":834597,"minecraft:enchant_item":139,"minecraft:interact_with_furnace":640,"minecraft:traded_with_villager":10907,"minecraft:sleep_in_bed":207,"minecraft:damage_dealt":787120,"minecraft:interact_with_smithing_table":163,"minecraft:target_hit":12,"minecraft:sneak_time":1295415,"minecraft:interact_with_blast_furnace":4,"minecraft:total_world_time":15527153,"minecraft:interact_with_stonecutter":15,"minecraft:fly_one_cm":35901509,"minecraft:fish_caught":1,"minecraft:fall_one_cm":5014284,"minecraft:animals_bred":18,"minecraft:sprint_one_cm":40731703,"minecraft:drop":10116,"minecraft:walk_on_water_one_cm":1461209,"minecraft:open_enderchest":2103,"minecraft:player_kills":38,"minecraft:crouch_one_cm":4786634,"minecraft:mob_kills":9817,"minecraft:climb_one_cm":495938,"minecraft:walk_one_cm":16854936,"minecraft:strider_one_cm":92670,"minecraft:walk_under_water_one_cm":3451684,"minecraft:raid_trigger":88,"minecraft:pot_flower":1,"minecraft:interact_with_grindstone":117,"minecraft:damage_absorbed":2745,"minecraft:trigger_trapped_chest":3,"minecraft:minecart_one_cm":171450},"minecraft:dropped":{"minecraft:iron_sword":5,"minecraft:porkchop":11,"minecraft:lapis_lazuli":293,"minecraft:glow_ink_sac":4,"minecraft:chorus_fruit":5,"minecraft:glass_bottle":543,"minecraft:diamond":156,"minecraft:crafting_table":8,"minecraft:lime_stained_glass":8,"minecraft:cooked_porkchop":72,"minecraft:dark_oak_slab":16,"minecraft:weeping_vines":4,"minecraft:glow_berries":7,"minecraft:warped_roots":1,"minecraft:cracked_stone_bricks":2,"minecraft:sheaf_pottery_sherd":1,"minecraft:cherry_pressure_plate":1,"minecraft:red_mushroom":3,"minecraft:emerald":194,"minecraft:gold_block":14,"minecraft:dark_oak_fence":3,"minecraft:netherite_boots":6,"minecraft:gold_nugget":525,"minecraft:writable_book":1,"minecraft:sand":1202,"minecraft:white_wool":28,"minecraft:birch_stairs":1,"minecraft:dark_oak_planks":7,"minecraft:fishing_rod":5,"minecraft:stone_axe":35,"minecraft:compass":8,"minecraft:goat_horn":1,"minecraft:ancient_debris":17,"minecraft:lever":7,"minecraft:diamond_block":226,"minecraft:iron_nugget":760,"minecraft:cooked_chicken":6,"minecraft:cobbled_deepslate":1174,"minecraft:netherite_sword":14,"minecraft:wheat":107,"minecraft:obsidian":122,"minecraft:music_disc_5":1,"minecraft:rotten_flesh":11516,"minecraft:oak_planks":650,"minecraft:glowstone_dust":299,"minecraft:golden_shovel":1,"minecraft:nether_brick_fence":3,"minecraft:azure_bluet":34,"minecraft:rabbit_foot":1,"minecraft:echo_shard":3,"minecraft:coal_ore":63,"minecraft:jungle_log":11,"minecraft:leather_boots":6,"minecraft:acacia_sapling":2,"minecraft:leather_leggings":9,"minecraft:painting":3,"minecraft:glass":931,"minecraft:beef":8,"minecraft:purple_stained_glass_pane":1,"minecraft:golden_boots":5,"minecraft:orange_shulker_box":3,"minecraft:wheat_seeds":322,"minecraft:clock":22,"minecraft:deepslate_redstone_ore":26,"minecraft:dripstone_block":44,"minecraft:netherite_chestplate":2,"minecraft:book":67,"minecraft:prismarine_crystals":8,"minecraft:yellow_carpet":3,"minecraft:golden_apple":16,"minecraft:coal_block":1,"minecraft:lava_bucket":4,"minecraft:diamond_horse_armor":5,"minecraft:gray_wool":46,"minecraft:ink_sac":23,"minecraft:cherry_planks":47,"minecraft:cooked_salmon":1,"minecraft:lapis_ore":2,"minecraft:potion":79,"minecraft:oak_stairs":160,"minecraft:golden_hoe":1,"minecraft:white_banner":786,"minecraft:chipped_anvil":3,"minecraft:smooth_stone":6,"minecraft:chainmail_leggings":25,"minecraft:smooth_sandstone":5,"minecraft:lily_pad":3,"minecraft:acacia_planks":1,"minecraft:stone_brick_slab":25,"minecraft:soul_soil":86,"minecraft:netherite_hoe":1,"minecraft:player_head":533,"minecraft:cocoa_beans":8,"minecraft:stone_shovel":25,"minecraft:experience_bottle":141,"minecraft:white_carpet":85,"minecraft:clay_ball":32,"minecraft:iron_boots":29,"minecraft:shears":4,"minecraft:torchflower_seeds":2,"minecraft:name_tag":10,"minecraft:cherry_slab":7,"minecraft:damaged_anvil":1,"minecraft:white_shulker_box":9,"minecraft:polished_deepslate_stairs":98,"minecraft:oak_sign":5,"minecraft:white_terracotta":36,"minecraft:deepslate_lapis_ore":5,"minecraft:suspicious_stew":9,"minecraft:diamond_sword":17,"minecraft:spruce_boat":17,"minecraft:flower_pot":1,"minecraft:spruce_trapdoor":67,"minecraft:spruce_planks":1023,"minecraft:diamond_pickaxe":16,"minecraft:redstone_torch":18,"minecraft:stone_pressure_plate":3,"minecraft:barrel":5,"minecraft:stone_bricks":51,"minecraft:bamboo":57,"minecraft:sandstone":239,"minecraft:bow":24,"minecraft:magma_block":32,"minecraft:cyan_bed":1,"minecraft:cooked_rabbit":2,"minecraft:terracotta":2,"minecraft:nether_brick_stairs":1,"minecraft:acacia_boat":1,"minecraft:soul_sand":412,"minecraft:moss_block":4,"minecraft:oak_log":331,"minecraft:ender_pearl":730,"minecraft:leather":375,"minecraft:birch_slab":2,"minecraft:cod":4,"minecraft:music_disc_13":2,"minecraft:cobblestone_stairs":32,"minecraft:cracked_polished_blackstone_bricks":21,"minecraft:redstone_lamp":10,"minecraft:dark_oak_log":4,"minecraft:packed_ice":10,"minecraft:ice":8,"minecraft:mutton":2,"minecraft:snowball":21,"minecraft:wet_sponge":146,"minecraft:gold_ingot":761,"minecraft:red_glazed_terracotta":1,"minecraft:purpur_block":27,"minecraft:magenta_stained_glass":3,"minecraft:music_disc_otherside":3,"minecraft:andesite_slab":5,"minecraft:soul_lantern":2,"minecraft:pointed_dripstone":36,"minecraft:ward_armor_trim_smithing_template":2,"minecraft:leather_chestplate":6,"minecraft:beetroot_seeds":7,"minecraft:iron_ore":15,"minecraft:iron_bars":34,"minecraft:scaffolding":48,"minecraft:polished_granite":32,"minecraft:splash_potion":10,"minecraft:stone_hoe":4,"minecraft:bread":2173,"minecraft:golden_helmet":6,"minecraft:cherry_log":16,"minecraft:netherite_axe":3,"minecraft:golden_axe":2,"minecraft:activator_rail":4,"minecraft:spruce_stairs":128,"minecraft:acacia_log":2,"minecraft:spruce_fence_gate":10,"minecraft:iron_block":488,"minecraft:milk_bucket":3,"minecraft:repeater":3,"minecraft:nether_wart_block":14,"minecraft:melon_slice":16,"minecraft:yellow_shulker_box":1,"minecraft:fire_charge":71,"minecraft:crimson_sign":26,"minecraft:jungle_leaves":1,"minecraft:polished_blackstone_brick_slab":6,"minecraft:stonecutter":2,"minecraft:polished_basalt":1,"minecraft:cactus":2,"minecraft:redstone_block":1,"minecraft:chiseled_sandstone":2,"minecraft:polished_deepslate":16,"minecraft:kelp":28,"minecraft:sweet_berries":1,"minecraft:oak_trapdoor":17,"minecraft:sculk_sensor":3,"minecraft:magenta_stained_glass_pane":1,"minecraft:comparator":3,"minecraft:stripped_oak_log":27,"minecraft:totem_of_undying":336,"minecraft:shulker_box":26,"minecraft:netherite_leggings":3,"minecraft:flint_and_steel":3,"minecraft:copper_ore":31,"minecraft:deepslate_bricks":764,"minecraft:end_stone_brick_stairs":6,"minecraft:oak_button":1,"minecraft:netherite_block":4,"minecraft:andesite":344,"minecraft:golden_leggings":2,"minecraft:oak_sapling":42,"minecraft:spruce_log":266,"minecraft:wooden_pickaxe":1,"minecraft:magma_cream":18,"minecraft:brick":1,"minecraft:crimson_stem":8,"minecraft:clay":2,"minecraft:cooked_beef":4,"minecraft:crossbow":300,"minecraft:cookie":567,"minecraft:fletching_table":2,"minecraft:saddle":7,"minecraft:red_carpet":12,"minecraft:elytra":9,"minecraft:leather_helmet":7,"minecraft:rail":213,"minecraft:dragon_breath":98,"minecraft:sentry_armor_trim_smithing_template":2,"minecraft:item_frame":17,"minecraft:dirt":3094,"minecraft:stone_button":2,"minecraft:chain":1,"minecraft:bone_block":23,"minecraft:bone_meal":304,"minecraft:phantom_membrane":25,"minecraft:sugar":190,"minecraft:iron_pickaxe":6,"minecraft:green_stained_glass_pane":17,"minecraft:blue_bed":1,"minecraft:end_crystal":24,"minecraft:bone":30652,"minecraft:oak_door":8,"minecraft:cherry_boat":3,"minecraft:emerald_block":64,"minecraft:sugar_cane":189,"minecraft:golden_chestplate":6,"minecraft:nether_brick":404,"minecraft:birch_sapling":12,"minecraft:deepslate_brick_slab":75,"minecraft:enchanted_golden_apple":2,"minecraft:netherite_shovel":4,"minecraft:end_stone":118,"minecraft:blaze_powder":15,"minecraft:salmon":9,"minecraft:deepslate_tiles":1,"minecraft:charcoal":68,"minecraft:hopper":1,"minecraft:ladder":30,"minecraft:spruce_slab":706,"minecraft:white_dye":25,"minecraft:end_stone_bricks":5,"minecraft:campfire":2,"minecraft:crying_obsidian":138,"minecraft:ghast_tear":4,"minecraft:lectern":3,"minecraft:egg":23,"minecraft:enchanted_book":84,"minecraft:iron_ingot":1187,"minecraft:blue_stained_glass_pane":4,"minecraft:netherite_pickaxe":6,"minecraft:birch_leaves":6,"minecraft:tnt":14,"minecraft:polished_blackstone":1,"minecraft:deepslate_brick_wall":49,"minecraft:golden_horse_armor":3,"minecraft:deepslate_diamond_ore":4,"minecraft:netherite_helmet":2,"minecraft:oak_fence":2,"minecraft:feather":18,"minecraft:iron_helmet":18,"minecraft:cobblestone":13430,"minecraft:light_gray_glazed_terracotta":1,"minecraft:apple":213,"minecraft:granite":369,"minecraft:spruce_button":6,"minecraft:burn_pottery_sherd":1,"minecraft:spruce_door":17,"minecraft:disc_fragment_5":6,"minecraft:chainmail_helmet":6,"minecraft:coal":346,"minecraft:polished_andesite":12,"minecraft:jungle_slab":1,"minecraft:spruce_hanging_sign":11,"minecraft:sculk":3,"minecraft:golden_carrot":16,"minecraft:sponge":90,"minecraft:rose_bush":1,"minecraft:diamond_helmet":13,"minecraft:iron_shovel":7,"minecraft:paper":150,"minecraft:string":4307,"minecraft:oxidized_copper":1,"minecraft:spruce_sapling":191,"minecraft:bamboo_planks":8,"minecraft:purpur_pillar":6,"minecraft:furnace":7,"minecraft:moss_carpet":4,"minecraft:soul_torch":1,"minecraft:netherite_ingot":23,"minecraft:stone_sword":34,"minecraft:cobblestone_wall":4,"minecraft:deepslate":3866,"minecraft:smooth_stone_slab":20,"minecraft:bowl":23,"minecraft:diamond_hoe":3,"minecraft:chicken":5,"minecraft:polished_deepslate_slab":1,"minecraft:slime_block":32,"minecraft:stone_slab":4,"minecraft:diamond_ore":1,"minecraft:nether_bricks":190,"minecraft:spruce_fence":30,"minecraft:pumpkin_seeds":6,"minecraft:potato":6,"minecraft:cobblestone_slab":17,"minecraft:hay_block":35,"minecraft:stone":6445,"minecraft:spider_eye":364,"minecraft:light_gray_dye":2,"minecraft:dark_prismarine":3,"minecraft:black_wool":4,"minecraft:crimson_nylium":9,"minecraft:spruce_sign":23,"minecraft:brown_mushroom":11,"minecraft:birch_planks":16,"minecraft:dark_oak_stairs":1,"minecraft:diamond_axe":4,"minecraft:baked_potato":9,"minecraft:netherite_upgrade_smithing_template":11,"minecraft:tide_armor_trim_smithing_template":4,"minecraft:lantern":108,"minecraft:lime_stained_glass_pane":38,"minecraft:flint":325,"minecraft:spruce_leaves":98,"minecraft:netherite_scrap":7,"minecraft:brush":1,"minecraft:dispenser":3,"minecraft:cherry_trapdoor":32,"minecraft:cornflower":3,"minecraft:crimson_roots":12,"minecraft:coast_armor_trim_smithing_template":2,"minecraft:cooked_cod":5,"minecraft:cut_sandstone":17,"minecraft:gilded_blackstone":1,"minecraft:pumpkin_pie":2,"minecraft:amethyst_shard":2,"minecraft:polished_blackstone_bricks":12,"minecraft:armor_stand":3,"minecraft:gravel":747,"minecraft:crimson_fungus":1,"minecraft:blackstone":834,"minecraft:cherry_sapling":18,"minecraft:diamond_shovel":2,"minecraft:prismarine":20,"minecraft:carrot":434,"minecraft:chainmail_chestplate":6,"minecraft:shulker_shell":20,"minecraft:poppy":13,"minecraft:rabbit_hide":6,"minecraft:gunpowder":13949,"minecraft:melon_seeds":8,"minecraft:chest":49,"minecraft:glowstone":102,"minecraft:spruce_pressure_plate":309,"minecraft:azalea":1,"minecraft:bee_nest":4,"minecraft:spruce_wood":8,"minecraft:basalt":1767,"minecraft:arrow":2314,"minecraft:powered_rail":68,"minecraft:prismarine_bricks":23,"minecraft:torchflower":4,"minecraft:netherrack":12020,"minecraft:quartz":887,"minecraft:oak_leaves":10,"minecraft:firework_rocket":124,"minecraft:water_bucket":4,"minecraft:written_book":2,"minecraft:stripped_spruce_log":17,"minecraft:oak_slab":61,"minecraft:deepslate_iron_ore":36,"minecraft:mossy_cobblestone":49,"minecraft:smithing_table":1,"minecraft:minecart":13,"minecraft:bookshelf":8,"minecraft:diamond_leggings":11,"minecraft:poisonous_potato":5,"minecraft:prismarine_shard":14,"minecraft:lead":7,"minecraft:sculk_vein":1,"minecraft:spectral_arrow":374,"minecraft:copper_ingot":10,"minecraft:stick":1215,"minecraft:grass_block":107,"minecraft:deepslate_brick_stairs":7,"minecraft:nether_gold_ore":41,"minecraft:diorite":393,"minecraft:torch":378,"minecraft:sculk_catalyst":2,"minecraft:map":12,"minecraft:iron_leggings":6,"minecraft:iron_axe":222,"minecraft:pink_petals":60,"minecraft:bucket":66,"minecraft:music_disc_cat":2,"minecraft:redstone":174,"minecraft:dandelion":26,"minecraft:lapis_block":46,"minecraft:smooth_basalt":4,"minecraft:cherry_wood":6,"minecraft:anvil":4,"minecraft:warped_nylium":2,"minecraft:coarse_dirt":4,"minecraft:blaze_rod":53,"minecraft:ender_chest":22,"minecraft:nether_wart":36,"minecraft:raw_copper":47,"minecraft:jukebox":1,"minecraft:tuff":656,"minecraft:composter":3,"minecraft:raw_iron":11,"minecraft:wither_skeleton_skull":11,"minecraft:light_gray_wool":1,"minecraft:iron_hoe":2,"minecraft:smoker":1,"minecraft:ender_eye":2,"minecraft:glass_pane":98,"minecraft:filled_map":18,"minecraft:snow":17,"minecraft:shield":4,"minecraft:orange_terracotta":1,"minecraft:diamond_chestplate":12,"minecraft:iron_chestplate":9,"minecraft:mossy_stone_bricks":2,"minecraft:oak_boat":6,"minecraft:golden_sword":15,"minecraft:diamond_boots":13,"minecraft:slime_ball":8,"minecraft:beacon":2,"minecraft:stone_pickaxe":30,"minecraft:nether_quartz_ore":59,"minecraft:raw_gold":14,"minecraft:cracked_deepslate_bricks":2,"minecraft:white_stained_glass":6,"minecraft:light_blue_shulker_box":1},"minecraft:picked_up":{"minecraft:suspicious_stew":1,"minecraft:stone_slab":1,"minecraft:smithing_table":19,"minecraft:lead":11,"minecraft:enchanted_book":67,"minecraft:purple_shulker_box":38,"minecraft:polished_deepslate":38,"minecraft:music_disc_cat":1,"minecraft:polished_blackstone_brick_stairs":7,"minecraft:string":8826,"minecraft:wayfinder_armor_trim_smithing_template":1,"minecraft:pufferfish":1,"minecraft:cherry_boat":7,"minecraft:diamond_leggings":10,"minecraft:crimson_sign":13,"minecraft:diamond_ore":18,"minecraft:spruce_pressure_plate":310,"minecraft:polished_blackstone_stairs":2,"minecraft:jukebox":4,"minecraft:acacia_log":3,"minecraft:purpur_pillar":11,"minecraft:golden_axe":3,"minecraft:golden_chestplate":5,"minecraft:orange_bed":3,"minecraft:stone_sword":34,"minecraft:polished_basalt":15,"minecraft:carved_pumpkin":1,"minecraft:glowstone":67,"minecraft:bookshelf":153,"minecraft:white_terracotta":37,"minecraft:blaze_rod":293,"minecraft:iron_bars":99,"minecraft:snowball":31,"minecraft:sponge":607,"minecraft:furnace_minecart":2,"minecraft:feather":23,"minecraft:cooked_beef":69,"minecraft:water_bucket":13,"minecraft:flint":445,"minecraft:lantern":126,"minecraft:stonecutter":8,"minecraft:diamond_helmet":13,"minecraft:rabbit":1,"minecraft:honeycomb":3,"minecraft:chiseled_polished_blackstone":12,"minecraft:stripped_spruce_log":195,"minecraft:netherite_block":7,"minecraft:iron_hoe":5,"minecraft:polished_andesite":2,"minecraft:snout_armor_trim_smithing_template":1,"minecraft:deepslate":7541,"minecraft:lever":42,"minecraft:granite":703,"minecraft:spruce_button":4,"minecraft:golden_horse_armor":3,"minecraft:deepslate_coal_ore":2,"minecraft:crimson_roots":13,"minecraft:diamond_pickaxe":18,"minecraft:bee_nest":27,"minecraft:clay_ball":93,"minecraft:golden_pickaxe":1,"minecraft:leather_leggings":6,"minecraft:dragon_head":6,"minecraft:purpur_block":26,"minecraft:cornflower":3,"minecraft:elytra":13,"minecraft:flint_and_steel":5,"minecraft:white_carpet":35,"minecraft:white_stained_glass":6,"minecraft:iron_shovel":8,"minecraft:glass_pane":183,"minecraft:netherite_sword":18,"minecraft:poppy":32,"minecraft:spruce_slab":172,"minecraft:minecart":115,"minecraft:birch_sapling":12,"minecraft:piston":110,"minecraft:diamond_hoe":2,"minecraft:copper_ore":84,"minecraft:lime_shulker_box":33,"minecraft:stone":12735,"minecraft:fire_charge":72,"minecraft:white_dye":16,"minecraft:netherite_pickaxe":12,"minecraft:diamond_chestplate":14,"minecraft:stone_shovel":15,"minecraft:decorated_pot":2,"minecraft:purpur_slab":1,"minecraft:hay_block":277,"minecraft:cracked_deepslate_bricks":2,"minecraft:totem_of_undying":186,"minecraft:polished_blackstone":31,"minecraft:mutton":18,"minecraft:heartbreak_pottery_sherd":2,"minecraft:rail":742,"minecraft:bone_block":88,"minecraft:emerald_ore":13,"minecraft:oxeye_daisy":2,"minecraft:lime_bed":15,"minecraft:birch_leaves":6,"minecraft:yellow_shulker_box":66,"minecraft:clock":29,"minecraft:red_glazed_terracotta":1,"minecraft:torchflower":2,"minecraft:purpur_stairs":5,"minecraft:lily_pad":40,"minecraft:sculk_vein":1,"minecraft:paper":110,"minecraft:apple":15,"minecraft:oak_fence_gate":2,"minecraft:stone_pickaxe":14,"minecraft:iron_ore":28,"minecraft:magenta_stained_glass":1,"minecraft:gray_bed":3,"minecraft:dark_oak_stairs":6,"minecraft:smooth_basalt":6,"minecraft:milk_bucket":5,"minecraft:sweet_berries":12,"minecraft:crying_obsidian":157,"minecraft:leather_helmet":6,"minecraft:diamond_shovel":4,"minecraft:coal_ore":136,"minecraft:slime_ball":201,"minecraft:tide_armor_trim_smithing_template":1,"minecraft:deepslate_redstone_ore":144,"minecraft:painting":3,"minecraft:birch_sign":2,"minecraft:lodestone":2,"minecraft:baked_potato":99,"minecraft:hopper":85,"minecraft:ender_chest":460,"minecraft:nether_brick_fence":6,"minecraft:yellow_wool":6,"minecraft:gilded_blackstone":3,"minecraft:lapis_block":92,"minecraft:deepslate_lapis_ore":9,"minecraft:cherry_pressure_plate":8,"minecraft:experience_bottle":96,"minecraft:smooth_stone":6,"minecraft:comparator":4,"minecraft:bucket":48,"minecraft:rose_bush":7,"minecraft:cobblestone_slab":17,"minecraft:ender_eye":2,"minecraft:azalea":1,"minecraft:iron_pickaxe":8,"minecraft:smooth_quartz":1,"minecraft:smooth_quartz_stairs":1,"minecraft:deepslate_iron_ore":36,"minecraft:polished_deepslate_stairs":120,"minecraft:spruce_stairs":123,"minecraft:netherite_shovel":8,"minecraft:diorite":760,"minecraft:goat_horn":1,"minecraft:sniffer_egg":2,"minecraft:rotten_flesh":14686,"minecraft:deepslate_brick_stairs":54,"minecraft:obsidian":747,"minecraft:blaze_powder":9,"minecraft:cobblestone":30989,"minecraft:enchanting_table":7,"minecraft:pink_petals":93,"minecraft:leather_chestplate":4,"minecraft:raiser_armor_trim_smithing_template":1,"minecraft:repeater":29,"minecraft:cherry_planks":233,"minecraft:andesite":717,"minecraft:golden_leggings":2,"minecraft:beacon":16,"minecraft:potato":24,"minecraft:prismarine_bricks":27,"minecraft:silence_armor_trim_smithing_template":2,"minecraft:dirt":15785,"minecraft:name_tag":8,"minecraft:glass":566,"minecraft:bone":32637,"minecraft:acacia_planks":31,"minecraft:bow":31,"minecraft:wheat_seeds":638,"minecraft:grindstone":19,"minecraft:netherite_axe":8,"minecraft:purple_stained_glass_pane":1,"minecraft:mossy_stone_bricks":2,"minecraft:fletching_table":46,"minecraft:bamboo":2526,"minecraft:prismarine":40,"minecraft:light_blue_shulker_box":122,"minecraft:melon":2,"minecraft:nether_brick_stairs":1,"minecraft:grass_block":191,"minecraft:diamond_block":792,"minecraft:spectral_arrow":533,"minecraft:jungle_slab":1,"minecraft:mossy_cobblestone":49,"minecraft:jungle_leaves":1,"minecraft:sugar":108,"minecraft:yellow_carpet":9,"minecraft:netherite_helmet":10,"minecraft:soul_lantern":6,"minecraft:cherry_wood":5,"minecraft:cracked_polished_blackstone_bricks":38,"minecraft:crossbow":153,"minecraft:bone_meal":1256,"minecraft:golden_apple":13,"minecraft:spruce_sign":13,"minecraft:emerald":1586,"minecraft:netherrack":23517,"minecraft:chorus_fruit":6,"minecraft:andesite_slab":1,"minecraft:oak_leaves":142,"minecraft:azure_bluet":40,"minecraft:splash_potion":10,"minecraft:ladder":22,"minecraft:packed_ice":16,"minecraft:brown_mushroom":43,"minecraft:chain":3,"minecraft:shield":9,"minecraft:oak_trapdoor":10,"minecraft:moss_carpet":5,"minecraft:blackstone":2162,"minecraft:end_stone":293,"minecraft:cherry_stairs":54,"minecraft:polished_blackstone_bricks":221,"minecraft:cookie":8,"minecraft:stone_pressure_plate":80,"minecraft:weeping_vines":5,"minecraft:pumpkin_pie":2,"minecraft:nether_bricks":267,"minecraft:ward_armor_trim_smithing_template":1,"minecraft:black_banner":1,"minecraft:netherite_boots":11,"minecraft:basalt":2035,"minecraft:golden_carrot":2,"minecraft:leather":437,"minecraft:ice":197,"minecraft:crimson_fungus":2,"minecraft:chainmail_chestplate":3,"minecraft:gunpowder":16679,"minecraft:yellow_bed":28,"minecraft:cobblestone_wall":4,"minecraft:heart_pottery_sherd":1,"minecraft:orange_terracotta":1,"minecraft:cooked_mutton":17,"minecraft:red_carpet":4,"minecraft:gray_carpet":3,"minecraft:acacia_trapdoor":12,"minecraft:deepslate_emerald_ore":2,"minecraft:rabbit_hide":13,"minecraft:spruce_wood":37,"minecraft:iron_ingot":902,"minecraft:cooked_chicken":9,"minecraft:sculk_catalyst":8,"minecraft:warped_fungus":11,"minecraft:nether_quartz_ore":242,"minecraft:emerald_block":41,"minecraft:stone_brick_slab":1264,"minecraft:quartz":1598,"minecraft:dandelion":77,"minecraft:lava_bucket":3,"minecraft:amethyst_shard":95,"minecraft:soul_torch":24,"minecraft:spruce_door":65,"minecraft:pumpkin_seeds":6,"minecraft:sculk_sensor":6,"minecraft:chainmail_leggings":14,"minecraft:cherry_sapling":38,"minecraft:terracotta":2,"minecraft:damaged_anvil":13,"minecraft:netherite_hoe":6,"minecraft:seagrass":24,"minecraft:iron_chestplate":7,"minecraft:chainmail_boots":1,"minecraft:flower_pot":1,"minecraft:anvil":32,"minecraft:prismarine_shard":22,"minecraft:diamond_sword":16,"minecraft:oak_stairs":196,"minecraft:brewing_stand":19,"minecraft:golden_sword":16,"minecraft:dark_oak_trapdoor":8,"minecraft:soul_soil":165,"minecraft:beetroot":7,"minecraft:gold_nugget":584,"minecraft:cobbled_deepslate":7681,"minecraft:spruce_planks":1445,"minecraft:written_book":3,"minecraft:netherite_upgrade_smithing_template":7,"minecraft:enchanted_golden_apple":4,"minecraft:melon_slice":21,"minecraft:coal_block":1,"minecraft:golden_helmet":6,"minecraft:sheaf_pottery_sherd":1,"minecraft:composter":38,"minecraft:green_bed":3,"minecraft:cherry_log":47,"minecraft:rabbit_foot":3,"minecraft:bamboo_block":2,"minecraft:tropical_fish":1,"minecraft:iron_block":629,"minecraft:netherite_chestplate":10,"minecraft:host_armor_trim_smithing_template":2,"minecraft:birch_log":40,"minecraft:magma_block":3759,"minecraft:oxidized_copper":1,"minecraft:birch_slab":2,"minecraft:jungle_log":11,"minecraft:smoker":1,"minecraft:stripped_spruce_wood":3,"minecraft:netherite_leggings":10,"minecraft:cherry_door":6,"minecraft:disc_fragment_5":3,"minecraft:chipped_anvil":7,"minecraft:glowstone_dust":314,"minecraft:moss_block":6,"minecraft:pitcher_pod":2,"minecraft:ink_sac":24,"minecraft:dark_oak_log":14,"minecraft:barrel":8,"minecraft:dispenser":4,"minecraft:polished_granite_slab":16,"minecraft:writable_book":1,"minecraft:deepslate_gold_ore":17,"minecraft:blue_ice":12,"minecraft:bread":790,"minecraft:chainmail_helmet":6,"minecraft:plenty_pottery_sherd":1,"minecraft:cherry_slab":27,"minecraft:dark_oak_fence":4,"minecraft:music_disc_5":1,"minecraft:spruce_leaves":50,"minecraft:lime_stained_glass_pane":38,"minecraft:coarse_dirt":4,"minecraft:crafting_table":128,"minecraft:nether_wart":80,"minecraft:red_bed":2,"minecraft:snow":168,"minecraft:netherite_scrap":5,"minecraft:compass":5,"minecraft:cracked_stone_bricks":3,"minecraft:cartography_table":1,"minecraft:respawn_anchor":1,"minecraft:deepslate_diamond_ore":749,"minecraft:music_disc_otherside":3,"minecraft:beef":94,"minecraft:iron_nugget":727,"minecraft:chest":121,"minecraft:egg":50,"minecraft:sandstone":253,"minecraft:polished_deepslate_slab":4,"minecraft:oak_door":6,"minecraft:spruce_fence":95,"minecraft:carrot":1104,"minecraft:redstone":1352,"minecraft:prismarine_crystals":16,"minecraft:tnt":149,"minecraft:polished_granite_stairs":17,"minecraft:cooked_cod":6,"minecraft:beetroot_seeds":42,"minecraft:peony":1,"minecraft:deepslate_bricks":1335,"minecraft:shears":1,"minecraft:diamond_boots":14,"minecraft:gold_ingot":450,"minecraft:white_shulker_box":49,"minecraft:glow_berries":8,"minecraft:white_wool":205,"minecraft:lapis_ore":7,"minecraft:stripped_oak_log":230,"minecraft:red_mushroom":5,"minecraft:filled_map":5,"minecraft:oak_log":409,"minecraft:ancient_debris":123,"minecraft:golden_boots":6,"minecraft:blue_bed":5,"minecraft:white_banner":414,"minecraft:birch_pressure_plate":2,"minecraft:stone_bricks":535,"minecraft:kelp":258,"minecraft:cobweb":54,"minecraft:glass_bottle":272,"minecraft:iron_sword":4,"minecraft:dark_oak_slab":28,"minecraft:sculk":4,"minecraft:torchflower_seeds":7,"minecraft:gravel":922,"minecraft:birch_stairs":1,"minecraft:spruce_sapling":467,"minecraft:spruce_log":2929,"minecraft:firework_rocket":817,"minecraft:stone_axe":17,"minecraft:polished_diorite":6,"minecraft:diamond_axe":7,"minecraft:gray_wool":1412,"minecraft:warped_roots":1,"minecraft:oak_button":1,"minecraft:melon_seeds":6,"minecraft:warped_nylium":2,"minecraft:crimson_nylium":19,"minecraft:ender_pearl":989,"minecraft:shulker_shell":82,"minecraft:chiseled_deepslate":4,"minecraft:wheat":147,"minecraft:exposed_copper":1,"minecraft:redstone_block":27,"minecraft:light_gray_shulker_box":61,"minecraft:green_stained_glass_pane":17,"minecraft:turtle_egg":6,"minecraft:potion":78,"minecraft:nether_brick":404,"minecraft:raw_copper":264,"minecraft:smooth_stone_slab":3,"minecraft:iron_leggings":6,"minecraft:armor_stand":3,"minecraft:netherite_ingot":28,"minecraft:pink_shulker_box":20,"minecraft:oak_sign":13,"minecraft:activator_rail":1,"minecraft:deepslate_tiles":12,"minecraft:black_shulker_box":75,"minecraft:redstone_torch":22,"minecraft:iron_boots":27,"minecraft:furnace":15,"minecraft:stick":1099,"minecraft:orange_shulker_box":13,"minecraft:deepslate_brick_wall":5,"minecraft:oak_fence":35,"minecraft:torch":574,"minecraft:porkchop":58,"minecraft:pointed_dripstone":43,"minecraft:jungle_chest_boat":7,"minecraft:nether_gold_ore":41,"minecraft:cactus":7,"minecraft:spruce_hanging_sign":11,"minecraft:cod":10,"minecraft:magma_cream":82,"minecraft:tuff":1098,"minecraft:light_gray_dye":1,"minecraft:danger_pottery_sherd":1,"minecraft:wither_skeleton_skull":52,"minecraft:acacia_boat":1,"minecraft:lapis_lazuli":877,"minecraft:polished_granite":59,"minecraft:leather_boots":5,"minecraft:deepslate_brick_slab":127,"minecraft:raw_gold":171,"minecraft:bell":1,"minecraft:powered_rail":91,"minecraft:oak_planks":734,"minecraft:stone_hoe":2,"minecraft:ghast_tear":73,"minecraft:cooked_porkchop":813,"minecraft:music_disc_13":2,"minecraft:poisonous_potato":6,"minecraft:polished_blackstone_slab":4,"minecraft:sand":12794,"minecraft:cyan_bed":2,"minecraft:chiseled_sandstone":2,"minecraft:shulker_box":601,"minecraft:dark_prismarine":3,"minecraft:spruce_fence_gate":36,"minecraft:clay":1,"minecraft:diamond":2276,"minecraft:spruce_boat":91,"minecraft:oak_sapling":115,"minecraft:nether_star":12,"minecraft:charcoal":59,"minecraft:end_stone_bricks":11,"minecraft:fishing_rod":1,"minecraft:cocoa_beans":15,"minecraft:end_stone_brick_stairs":5,"minecraft:chicken":3,"minecraft:wooden_pickaxe":2,"minecraft:cooked_rabbit":13,"minecraft:gold_block":78,"minecraft:diamond_horse_armor":3,"minecraft:dragon_breath":97,"minecraft:stone_stairs":6,"minecraft:iron_axe":96,"minecraft:item_frame":7,"minecraft:echo_shard":3,"minecraft:oak_boat":81,"minecraft:player_head":495,"minecraft:observer":61,"minecraft:light_gray_wool":1,"minecraft:lectern":545,"minecraft:blue_shulker_box":49,"minecraft:sugar_cane":915,"minecraft:cherry_trapdoor":26,"minecraft:spruce_trapdoor":146,"minecraft:phantom_membrane":80,"minecraft:raw_iron":154,"minecraft:music_disc_relic":2,"minecraft:copper_ingot":37,"minecraft:bowl":3,"minecraft:stone_button":3,"minecraft:dark_oak_planks":4,"minecraft:howl_pottery_sherd":1,"minecraft:arrow":6609,"minecraft:golden_hoe":3,"minecraft:saddle":11,"minecraft:lime_stained_glass":8,"minecraft:wet_sponge":568,"minecraft:cracked_deepslate_tiles":1,"minecraft:crimson_stem":9,"minecraft:burn_pottery_sherd":1,"minecraft:glow_ink_sac":14,"minecraft:salmon":60,"minecraft:cut_sandstone":21,"minecraft:birch_planks":2,"minecraft:nether_wart_block":22,"minecraft:cobblestone_stairs":138,"minecraft:deepslate_tile_slab":2,"minecraft:smooth_sandstone":13,"minecraft:acacia_sapling":2,"minecraft:soul_sand":546,"minecraft:book":753,"minecraft:scaffolding":420,"minecraft:oak_slab":80,"minecraft:bamboo_planks":7,"minecraft:pumpkin":2,"minecraft:chiseled_stone_bricks":1,"minecraft:brush":1,"minecraft:raw_iron_block":1,"minecraft:dripstone_block":56,"minecraft:magenta_stained_glass_pane":1,"minecraft:blast_furnace":1,"minecraft:white_bed":90,"minecraft:spider_eye":218,"minecraft:campfire":4,"minecraft:honey_block":5,"minecraft:iron_helmet":7,"minecraft:black_wool":6,"minecraft:coal":1287},"minecraft:crafted":{"minecraft:black_dye":1,"minecraft:oak_sign":6,"minecraft:blaze_powder":110,"minecraft:chain":4,"minecraft:diamond_shovel":5,"minecraft:shulker_box":74,"minecraft:diamond_helmet":15,"minecraft:beacon":6,"minecraft:decorated_pot":2,"minecraft:stone_pressure_plate":64,"minecraft:name_tag":1,"minecraft:white_shulker_box":15,"minecraft:soul_campfire":6,"minecraft:smithing_table":7,"minecraft:fletching_table":5,"minecraft:polished_deepslate_slab":390,"minecraft:cartography_table":1,"minecraft:lectern":13,"minecraft:stone_slab":12,"minecraft:iron_pickaxe":19,"minecraft:netherite_ingot":96,"minecraft:composter":9,"minecraft:polished_blackstone_bricks":553,"minecraft:golden_carrot":259,"minecraft:jukebox":1,"minecraft:orange_shulker_box":6,"minecraft:iron_nugget":29,"minecraft:spyglass":1,"minecraft:diamond_hoe":3,"minecraft:experience_bottle":2710,"minecraft:blue_shulker_box":1,"minecraft:spruce_fence":201,"minecraft:rib_armor_trim_smithing_template":2,"minecraft:terracotta":1,"minecraft:lantern":46,"minecraft:spruce_stairs":920,"minecraft:light_gray_shulker_box":1,"minecraft:vex_armor_trim_smithing_template":2,"minecraft:stone_pickaxe":14,"minecraft:eye_armor_trim_smithing_template":6,"minecraft:spruce_boat":32,"minecraft:bundle":1,"minecraft:lead":4,"minecraft:chainmail_leggings":12,"minecraft:enchanting_table":1,"minecraft:polished_blackstone_stairs":208,"minecraft:red_carpet":64,"minecraft:deepslate_tiles":20,"minecraft:enchanted_book":211,"minecraft:orange_dye":14,"minecraft:warped_fungus_on_a_stick":1,"minecraft:fermented_spider_eye":29,"minecraft:iron_shovel":5,"minecraft:armor_stand":6,"minecraft:grindstone":3,"minecraft:barrel":4,"minecraft:polished_granite_slab":42,"minecraft:cherry_slab":54,"minecraft:calibrated_sculk_sensor":1,"minecraft:cooked_chicken":2,"minecraft:lightning_rod":1,"minecraft:cherry_boat":2,"minecraft:stone":7,"minecraft:stone_brick_slab":2612,"minecraft:bow":4,"minecraft:comparator":16,"minecraft:netherite_helmet":5,"minecraft:chest":402,"minecraft:polished_basalt":68,"minecraft:copper_block":1,"minecraft:rail":508,"minecraft:ender_eye":74,"minecraft:stone_bricks":2912,"minecraft:respawn_anchor":1,"minecraft:golden_boots":1,"minecraft:arrow":96,"minecraft:iron_helmet":12,"minecraft:brush":5,"minecraft:birch_pressure_plate":1,"minecraft:chainmail_chestplate":3,"minecraft:dispenser":3,"minecraft:apple":304,"minecraft:tnt":2317,"minecraft:spruce_trapdoor":312,"minecraft:purple_dye":2,"minecraft:yellow_dye":7,"minecraft:netherite_block":5,"minecraft:stick":12836,"minecraft:iron_ingot":3553,"minecraft:light_blue_shulker_box":1,"minecraft:deepslate_bricks":5102,"minecraft:beetroot_soup":1,"minecraft:oak_door":12,"minecraft:fishing_rod":7,"minecraft:netherite_sword":2,"minecraft:spruce_button":3,"minecraft:furnace":25,"minecraft:blast_furnace":1,"minecraft:piston":139,"minecraft:mushroom_stew":1,"minecraft:polished_andesite_slab":76,"minecraft:oak_trapdoor":84,"minecraft:flint_and_steel":6,"minecraft:scaffolding":2046,"minecraft:netherite_chestplate":7,"minecraft:polished_granite_stairs":96,"minecraft:chiseled_bookshelf":3,"minecraft:honey_block":1,"minecraft:glistering_melon_slice":1,"minecraft:purple_shulker_box":1,"minecraft:iron_sword":3,"minecraft:cooked_salmon":3,"minecraft:white_dye":34,"minecraft:anvil":16,"minecraft:stonecutter":1,"minecraft:torch":1346,"minecraft:diamond_chestplate":9,"minecraft:tide_armor_trim_smithing_template":16,"minecraft:ender_chest":1,"minecraft:smooth_stone":17,"minecraft:slime_block":17,"minecraft:polished_blackstone_slab":320,"minecraft:lever":107,"minecraft:bookshelf":215,"minecraft:cooked_mutton":8,"minecraft:iron_bars":16,"minecraft:deepslate_brick_stairs":40,"minecraft:glass":1637,"minecraft:quartz_block":64,"minecraft:repeater":25,"minecraft:diamond_leggings":10,"minecraft:netherite_boots":5,"minecraft:polished_blackstone":968,"minecraft:gray_bed":1,"minecraft:glass_bottle":390,"minecraft:furnace_minecart":2,"minecraft:emerald":8539,"minecraft:cooked_porkchop":47,"minecraft:diamond_axe":3,"minecraft:spruce_door":21,"minecraft:snout_armor_trim_smithing_template":6,"minecraft:clock":7,"minecraft:copper_ingot":7,"minecraft:campfire":11,"minecraft:lime_shulker_box":1,"minecraft:bamboo_planks":266,"minecraft:compass":26,"minecraft:iron_block":1595,"minecraft:gold_ingot":1685,"minecraft:light_gray_dye":2,"minecraft:spruce_fence_gate":28,"minecraft:packed_ice":21,"minecraft:rabbit_stew":1,"minecraft:stone_shovel":10,"minecraft:smooth_stone_slab":24,"minecraft:polished_deepslate_stairs":88,"minecraft:yellow_bed":2,"minecraft:bone_meal":2715,"minecraft:white_carpet":279,"minecraft:cherry_trapdoor":204,"minecraft:netherite_axe":1,"minecraft:diamond":2855,"minecraft:deepslate_brick_wall":198,"minecraft:ladder":153,"minecraft:spruce_slab":1594,"minecraft:ender_pearl":264,"minecraft:diamond_boots":13,"minecraft:redstone_block":71,"minecraft:dark_oak_planks":16,"minecraft:wheat":2122,"minecraft:coal_block":6,"minecraft:crossbow":8,"minecraft:netherite_pickaxe":1,"minecraft:polished_blackstone_brick_slab":8,"minecraft:deepslate_brick_slab":646,"minecraft:blue_bed":4,"minecraft:polished_granite":312,"minecraft:glowstone":280,"minecraft:golden_apple":58,"minecraft:andesite_slab":6,"minecraft:gray_shulker_box":1,"minecraft:wooden_axe":1,"minecraft:oak_stairs":64,"minecraft:iron_leggings":2,"minecraft:white_bed":66,"minecraft:music_disc_5":3,"minecraft:golden_hoe":1,"minecraft:oak_planks":3744,"minecraft:cobblestone_stairs":216,"minecraft:wayfinder_armor_trim_smithing_template":2,"minecraft:spruce_pressure_plate":242,"minecraft:suspicious_stew":8,"minecraft:hopper":118,"minecraft:netherite_upgrade_smithing_template":22,"minecraft:stone_hoe":1,"minecraft:spire_armor_trim_smithing_template":2,"minecraft:item_frame":27,"minecraft:oak_slab":30,"minecraft:map":13,"minecraft:crafting_table":52,"minecraft:spruce_planks":10036,"minecraft:wooden_pickaxe":2,"minecraft:baked_potato":6,"minecraft:silence_armor_trim_smithing_template":14,"minecraft:gold_block":86,"minecraft:hopper_minecart":1,"minecraft:birch_planks":300,"minecraft:brewing_stand":15,"minecraft:paper":3360,"minecraft:book":62,"minecraft:string":92,"minecraft:iron_chestplate":3,"minecraft:diamond_pickaxe":11,"minecraft:emerald_block":455,"minecraft:shield":6,"minecraft:light_blue_dye":2,"minecraft:stone_sword":14,"minecraft:polished_blackstone_brick_stairs":24,"minecraft:redstone_torch":142,"minecraft:shears":12,"minecraft:trident":3,"minecraft:polished_andesite":176,"minecraft:cherry_planks":312,"minecraft:nether_wart":54,"minecraft:cookie":568,"minecraft:raw_iron":9,"minecraft:redstone":956,"minecraft:coal":9,"minecraft:gray_dye":2,"minecraft:end_stone_bricks":4,"minecraft:diamond_block":495,"minecraft:glass_pane":240,"minecraft:blue_ice":3,"minecraft:netherite_leggings":4,"minecraft:polished_deepslate":5736,"minecraft:iron_axe":9,"minecraft:spruce_wood":100,"minecraft:iron_hoe":1,"minecraft:slime_ball":9,"minecraft:lime_dye":2,"minecraft:filled_map":9,"minecraft:netherite_scrap":68,"minecraft:minecart":14,"minecraft:blue_glazed_terracotta":12,"minecraft:observer":88,"minecraft:cooked_beef":51,"minecraft:sugar":87,"minecraft:red_dye":76,"minecraft:diamond_sword":6,"minecraft:spruce_sign":43,"minecraft:powered_rail":12,"minecraft:activator_rail":6,"minecraft:bowl":20,"minecraft:bucket":90,"minecraft:stone_axe":23,"minecraft:air":0,"minecraft:bread":4925,"minecraft:blue_dye":7,"minecraft:oak_boat":5,"minecraft:white_wool":1364,"minecraft:gold_nugget":1613,"minecraft:pumpkin_pie":1,"minecraft:acacia_planks":4,"minecraft:end_crystal":57,"minecraft:lapis_lazuli":272,"minecraft:lapis_block":2,"minecraft:clay":1,"minecraft:firework_rocket":8564},"minecraft:mined":{"minecraft:dragon_wall_head":2,"minecraft:white_bed":105,"minecraft:granite":654,"minecraft:acacia_log":6,"minecraft:bamboo_block":2,"minecraft:nether_wart":11,"minecraft:oak_wall_sign":1,"minecraft:spawner":147,"minecraft:polished_blackstone_bricks":287,"minecraft:magma_block":3958,"minecraft:dark_oak_trapdoor":1,"minecraft:barrel":5,"minecraft:cobbled_deepslate":412,"minecraft:fire":345,"minecraft:deepslate_lapis_ore":51,"minecraft:fletching_table":47,"minecraft:nether_brick_stairs":4,"minecraft:potted_dandelion":1,"minecraft:spruce_pressure_plate":3,"minecraft:white_shulker_box":42,"minecraft:spruce_wood":11,"minecraft:white_banner":1,"minecraft:player_head":14,"minecraft:orange_bed":3,"minecraft:cut_sandstone":15,"minecraft:kelp_plant":42,"minecraft:deepslate_brick_wall":14,"minecraft:smoker":1,"minecraft:crimson_nylium":59,"minecraft:deepslate_tile_slab":3,"minecraft:powder_snow":21,"minecraft:torch":41,"minecraft:melon":5,"minecraft:oxidized_copper":1,"minecraft:dead_bush":3,"minecraft:spruce_wall_sign":2,"minecraft:lime_shulker_box":34,"minecraft:sugar_cane":437,"minecraft:bricks":9,"minecraft:amethyst_block":12,"minecraft:cherry_slab":38,"minecraft:white_terracotta":33,"minecraft:chain":2,"minecraft:repeater":8,"minecraft:bamboo_planks":26,"minecraft:mud":2,"minecraft:jukebox":3,"minecraft:smooth_quartz":1,"minecraft:smooth_basalt":26,"minecraft:deepslate":15864,"minecraft:suspicious_gravel":44,"minecraft:deepslate_tiles":29,"minecraft:dark_prismarine":4,"minecraft:mossy_cobblestone":88,"minecraft:dark_oak_log":17,"minecraft:end_stone":284,"minecraft:dark_oak_fence":26,"minecraft:spruce_fence":123,"minecraft:redstone_wire":26,"minecraft:red_mushroom":5,"minecraft:cartography_table":1,"minecraft:suspicious_sand":2,"minecraft:andesite":728,"minecraft:vine":1,"minecraft:cobblestone_slab":19,"minecraft:respawn_anchor":1,"minecraft:rail":535,"minecraft:bone_block":89,"minecraft:ender_chest":422,"minecraft:oak_slab":73,"minecraft:birch_stairs":2,"minecraft:redstone_block":3,"minecraft:glass_pane":79,"minecraft:soul_sand":348,"minecraft:dandelion":44,"minecraft:cornflower":1,"minecraft:warped_roots":1,"minecraft:campfire":5,"minecraft:tall_grass":149,"minecraft:purpur_pillar":11,"minecraft:copper_ore":144,"minecraft:deepslate_gold_ore":87,"minecraft:diorite":733,"minecraft:coarse_dirt":36,"minecraft:stripped_spruce_wood":3,"minecraft:cobblestone_wall":4,"minecraft:gravel":2428,"minecraft:cobweb":39,"minecraft:polished_blackstone":1,"minecraft:stone_bricks":431,"minecraft:chipped_anvil":7,"minecraft:gold_ore":1,"minecraft:fern":25,"minecraft:stone_pressure_plate":11,"minecraft:oak_sapling":1,"minecraft:farmland":61,"minecraft:brewing_stand":20,"minecraft:spruce_trapdoor":105,"minecraft:budding_amethyst":1,"minecraft:cracked_polished_blackstone_bricks":68,"minecraft:polished_diorite":12,"minecraft:composter":40,"minecraft:gilded_blackstone":2,"minecraft:sculk_catalyst":5,"minecraft:turtle_egg":6,"minecraft:dragon_head":1,"minecraft:pointed_dripstone":17,"minecraft:flowering_azalea_leaves":1,"minecraft:iron_bars":19,"minecraft:azalea":1,"minecraft:spruce_slab":183,"minecraft:netherite_block":3,"minecraft:deepslate_redstone_ore":351,"minecraft:exposed_copper":1,"minecraft:purpur_stairs":7,"minecraft:light_gray_terracotta":2,"minecraft:beacon":16,"minecraft:wither_skeleton_wall_skull":3,"minecraft:nether_quartz_ore":1624,"minecraft:oak_planks":840,"minecraft:wall_torch":16,"minecraft:light_blue_terracotta":1,"minecraft:stone_stairs":1,"minecraft:warped_nylium":3,"minecraft:powered_rail":48,"minecraft:dark_oak_slab":33,"minecraft:blue_ice":12,"minecraft:tnt":92,"minecraft:smooth_stone_slab":8,"minecraft:oak_log":424,"minecraft:beetroots":11,"minecraft:dirt":8822,"minecraft:dispenser":4,"minecraft:ancient_debris":117,"minecraft:crying_obsidian":1,"minecraft:ladder":7,"minecraft:lever":13,"minecraft:glow_lichen":1,"minecraft:chiseled_bookshelf":2,"minecraft:decorated_pot":8,"minecraft:soul_campfire":1,"minecraft:birch_slab":2,"minecraft:spruce_leaves":266,"minecraft:bamboo_pressure_plate":1,"minecraft:crimson_stem":11,"minecraft:hay_block":245,"minecraft:raw_gold_block":1,"minecraft:polished_basalt":21,"minecraft:light_gray_shulker_box":61,"minecraft:peony":1,"minecraft:gold_block":70,"minecraft:nether_brick_fence":24,"minecraft:bookshelf":379,"minecraft:shroomlight":1,"minecraft:deepslate_iron_ore":69,"minecraft:stripped_oak_log":385,"minecraft:wet_sponge":480,"minecraft:scaffolding":232,"minecraft:magenta_stained_glass":3,"minecraft:snow_block":9,"minecraft:basalt":1231,"minecraft:polished_granite":51,"minecraft:oak_fence":60,"minecraft:honey_block":5,"minecraft:deepslate_coal_ore":2,"minecraft:red_glazed_terracotta":1,"minecraft:polished_blackstone_brick_stairs":12,"minecraft:prismarine_bricks":41,"minecraft:birch_planks":4,"minecraft:end_stone_brick_stairs":10,"minecraft:black_wall_banner":1,"minecraft:ice":297,"minecraft:white_wall_banner":1,"minecraft:bee_nest":27,"minecraft:black_wool":5,"minecraft:cocoa":1,"minecraft:cherry_leaves":1,"minecraft:purple_shulker_box":38,"minecraft:cracked_stone_bricks":2,"minecraft:mossy_stone_bricks":2,"minecraft:dark_oak_planks":19,"minecraft:polished_granite_slab":14,"minecraft:cherry_log":341,"minecraft:jungle_leaves":1,"minecraft:carved_pumpkin":1,"minecraft:obsidian":680,"minecraft:chiseled_polished_blackstone":15,"minecraft:yellow_carpet":4,"minecraft:jungle_log":4,"minecraft:deepslate_bricks":1491,"minecraft:deepslate_tile_stairs":1,"minecraft:purpur_slab":3,"minecraft:lime_stained_glass":8,"minecraft:hopper":147,"minecraft:oxeye_daisy":1,"minecraft:chiseled_stone_bricks":3,"minecraft:weeping_vines_plant":3,"minecraft:tall_seagrass":20,"minecraft:moss_carpet":1,"minecraft:pumpkin":3,"minecraft:enchanting_table":7,"minecraft:lime_stained_glass_pane":56,"minecraft:sculk_shrieker":18,"minecraft:oak_sign":8,"minecraft:polished_deepslate_slab":4,"minecraft:dirt_path":347,"minecraft:oak_stairs":214,"minecraft:deepslate_brick_stairs":51,"minecraft:iron_block":562,"minecraft:piston_head":4,"minecraft:brown_mushroom":34,"minecraft:red_bed":2,"minecraft:player_wall_head":42,"minecraft:soul_fire":63,"minecraft:amethyst_cluster":5,"minecraft:blast_furnace":2,"minecraft:glass":262,"minecraft:cyan_bed":2,"minecraft:damaged_anvil":13,"minecraft:spruce_sign":4,"minecraft:wheat":119,"minecraft:warped_fungus":10,"minecraft:oak_fence_gate":4,"minecraft:blue_shulker_box":50,"minecraft:stonecutter":8,"minecraft:piston":104,"minecraft:infested_deepslate":5,"minecraft:pink_shulker_box":20,"minecraft:shulker_box":598,"minecraft:nether_bricks":299,"minecraft:jungle_planks":2,"minecraft:crimson_roots":8,"minecraft:orange_shulker_box":12,"minecraft:magenta_concrete":1,"minecraft:cherry_wood":55,"minecraft:kelp":27,"minecraft:moss_block":8,"minecraft:snow":5,"minecraft:diamond_block":567,"minecraft:smooth_quartz_stairs":3,"minecraft:bamboo":314,"minecraft:white_wool":158,"minecraft:smithing_table":24,"minecraft:light_gray_carpet":1,"minecraft:cherry_planks":184,"minecraft:comparator":2,"minecraft:stone_brick_slab":206,"minecraft:observer":61,"minecraft:smooth_sandstone":22,"minecraft:spruce_button":1,"minecraft:short_grass":1196,"minecraft:emerald_ore":22,"minecraft:sponge":467,"minecraft:dropper":2,"minecraft:cracked_deepslate_bricks":4,"minecraft:purple_bed":1,"minecraft:white_carpet":40,"minecraft:torchflower":2,"minecraft:spruce_log":2577,"minecraft:birch_leaves":5,"minecraft:dripstone_block":64,"minecraft:spruce_fence_gate":46,"minecraft:deepslate_emerald_ore":2,"minecraft:black_shulker_box":75,"minecraft:cherry_pressure_plate":7,"minecraft:spruce_planks":811,"minecraft:jungle_slab":1,"minecraft:sculk_vein":47,"minecraft:cobblestone_stairs":15,"minecraft:cherry_trapdoor":25,"minecraft:cave_vines_plant":1,"minecraft:grass_block":8952,"minecraft:purple_stained_glass_pane":2,"minecraft:soul_soil":197,"minecraft:smooth_stone":9,"minecraft:raw_iron_block":2,"minecraft:glowstone":75,"minecraft:iron_ore":144,"minecraft:anvil":24,"minecraft:azure_bluet":31,"minecraft:dark_oak_stairs":16,"minecraft:end_stone_bricks":15,"minecraft:polished_granite_stairs":17,"minecraft:green_bed":3,"minecraft:blackstone":1052,"minecraft:polished_deepslate_stairs":80,"minecraft:soul_lantern":5,"minecraft:clay":14,"minecraft:calcite":15,"minecraft:poppy":13,"minecraft:chest":256,"minecraft:cobblestone":1235,"minecraft:grindstone":19,"minecraft:prismarine":45,"minecraft:deepslate_copper_ore":3,"minecraft:pink_petals":44,"minecraft:seagrass":28,"minecraft:birch_log":8,"minecraft:nether_wart_block":30,"minecraft:yellow_wool":6,"minecraft:activator_rail":1,"minecraft:cherry_door":6,"minecraft:stripped_oak_wood":2,"minecraft:purpur_block":45,"minecraft:cracked_deepslate_tiles":5,"minecraft:sand":4378,"minecraft:netherrack":67431,"minecraft:oak_leaves":335,"minecraft:emerald_block":7,"minecraft:nether_gold_ore":152,"minecraft:diamond_ore":23,"minecraft:tuff":1455,"minecraft:red_carpet":3,"minecraft:deepslate_diamond_ore":1700,"minecraft:oak_door":5,"minecraft:brick_stairs":2,"minecraft:weeping_vines":2,"minecraft:white_stained_glass":16,"minecraft:sandstone":409,"minecraft:large_fern":6,"minecraft:deepslate_brick_slab":162,"minecraft:furnace":39,"minecraft:oak_trapdoor":45,"minecraft:spruce_sapling":6,"minecraft:carrots":192,"minecraft:chiseled_sandstone":1,"minecraft:stripped_spruce_log":209,"minecraft:chiseled_deepslate":4,"minecraft:polished_deepslate":31,"minecraft:lantern":12,"minecraft:packed_ice":20,"minecraft:chorus_plant":1,"minecraft:stone":18669,"minecraft:cherry_stairs":63,"minecraft:yellow_shulker_box":66,"minecraft:birch_pressure_plate":2,"minecraft:redstone_wall_torch":6,"minecraft:podzol":930,"minecraft:light_blue_shulker_box":122,"minecraft:infested_stone_bricks":2,"minecraft:spruce_door":5,"minecraft:crafting_table":124,"minecraft:rose_bush":12,"minecraft:andesite_slab":1,"minecraft:sculk_sensor":27,"minecraft:lectern":549,"minecraft:lapis_ore":12,"minecraft:lily_pad":2,"minecraft:sculk":159,"minecraft:blue_bed":5,"minecraft:spruce_stairs":142,"minecraft:gray_wool":1426,"minecraft:cactus":6,"minecraft:lime_bed":15,"minecraft:brick_slab":4,"minecraft:polished_blackstone_stairs":3,"minecraft:redstone_torch":2,"minecraft:sweet_berry_bush":21,"minecraft:gray_bed":3,"minecraft:yellow_bed":25,"minecraft:coal_ore":307,"minecraft:gray_carpet":3,"minecraft:lodestone":2,"minecraft:terracotta":2},"minecraft:broken":{"minecraft:shears":2,"minecraft:diamond_shovel":1,"minecraft:fishing_rod":2,"minecraft:shield":1,"minecraft:iron_pickaxe":7,"minecraft:iron_shovel":1,"minecraft:stone_axe":2,"minecraft:iron_sword":2,"minecraft:iron_axe":3,"minecraft:golden_shovel":1,"minecraft:flint_and_steel":1,"minecraft:golden_pickaxe":1},"minecraft:used":{"minecraft:moss_block":2,"minecraft:writable_book":3,"minecraft:polished_granite_stairs":57,"minecraft:dispenser":11,"minecraft:stone":1971,"minecraft:rotten_flesh":57,"minecraft:soul_sand":75,"minecraft:deepslate_brick_slab":241,"minecraft:snowball":9,"minecraft:azure_bluet":1,"minecraft:spruce_boat":95,"minecraft:packed_ice":102,"minecraft:lava_bucket":411,"minecraft:netherite_hoe":1778,"minecraft:netherite_boots":9,"minecraft:bow":2245,"minecraft:oak_sapling":98,"minecraft:cooked_cod":1,"minecraft:end_stone_brick_stairs":1,"minecraft:deepslate_brick_wall":74,"minecraft:damaged_anvil":12,"minecraft:chorus_fruit":1,"minecraft:blackstone":133,"minecraft:wooden_pickaxe":24,"minecraft:composter":43,"minecraft:golden_apple":58,"minecraft:glow_berries":1,"minecraft:blast_furnace":2,"minecraft:deepslate_brick_stairs":62,"minecraft:diamond_sword":2514,"minecraft:smithing_table":23,"minecraft:poisonous_potato":1,"minecraft:oak_boat":76,"minecraft:compass":1,"minecraft:oak_trapdoor":24,"minecraft:enchanting_table":7,"minecraft:carved_pumpkin":1,"minecraft:armor_stand":3,"minecraft:cooked_salmon":3,"minecraft:torch":883,"minecraft:brewing_stand":32,"minecraft:nether_quartz_ore":130,"minecraft:yellow_carpet":3,"minecraft:golden_shovel":32,"minecraft:chipped_anvil":3,"minecraft:iron_block":864,"minecraft:cherry_slab":15,"minecraft:barrel":7,"minecraft:diamond_chestplate":6,"minecraft:basalt":514,"minecraft:cherry_log":1,"minecraft:deepslate_emerald_ore":1,"minecraft:wheat_seeds":208,"minecraft:chiseled_bookshelf":3,"minecraft:light_blue_shulker_box":122,"minecraft:birch_planks":8,"minecraft:bundle":2,"minecraft:cherry_planks":35,"minecraft:glow_ink_sac":1,"minecraft:spruce_fence_gate":62,"minecraft:deepslate_bricks":4406,"minecraft:polished_deepslate_slab":391,"minecraft:diamond_block":548,"minecraft:rail":688,"minecraft:red_bed":2,"minecraft:sculk_shrieker":1,"minecraft:campfire":14,"minecraft:white_bed":150,"minecraft:spruce_log":1725,"minecraft:diamond_pickaxe":50277,"minecraft:diamond_shovel":4208,"minecraft:suspicious_stew":1,"minecraft:spruce_trapdoor":204,"minecraft:spruce_sapling":222,"minecraft:enchanted_book":36,"minecraft:potion":51,"minecraft:porkchop":7,"minecraft:cooked_porkchop":2275,"minecraft:brush":122,"minecraft:stripped_oak_log":24,"minecraft:dandelion":4,"minecraft:diamond_leggings":1,"minecraft:cherry_sapling":1,"minecraft:moss_carpet":1,"minecraft:polished_deepslate":441,"minecraft:melon":2,"minecraft:polished_basalt":81,"minecraft:decorated_pot":4,"minecraft:nether_wart":17,"minecraft:spruce_leaves":2,"minecraft:mutton":4,"minecraft:furnace_minecart":3,"minecraft:obsidian":619,"minecraft:honey_bottle":2,"minecraft:spruce_wood":31,"minecraft:lantern":56,"minecraft:item_frame":16,"minecraft:deepslate_diamond_ore":732,"minecraft:golden_sword":7,"minecraft:written_book":6,"minecraft:blue_shulker_box":50,"minecraft:gold_block":62,"minecraft:diamond_boots":2,"minecraft:torchflower":1,"minecraft:dropper":1,"minecraft:wither_skeleton_skull":41,"minecraft:stone_pickaxe":172,"minecraft:oak_planks":220,"minecraft:sandstone":9,"minecraft:diamond_axe":3134,"minecraft:sugar_cane":59,"minecraft:white_wool":666,"minecraft:golden_hoe":6,"minecraft:netherite_leggings":10,"minecraft:mushroom_stew":1,"minecraft:crossbow":5,"minecraft:deepslate_lapis_ore":4,"minecraft:end_stone":153,"minecraft:lever":106,"minecraft:dark_oak_log":7,"minecraft:bread":3192,"minecraft:deepslate":2002,"minecraft:cooked_rabbit":8,"minecraft:chain":5,"minecraft:smooth_stone_slab":1,"minecraft:bone_meal":1520,"minecraft:netherite_sword":7142,"minecraft:rose_bush":6,"minecraft:flint_and_steel":295,"minecraft:redstone":193,"minecraft:dried_kelp":1,"minecraft:ender_chest":419,"minecraft:deepslate_gold_ore":17,"minecraft:stone_hoe":113,"minecraft:cooked_chicken":2,"minecraft:dirt":9057,"minecraft:cherry_pressure_plate":6,"minecraft:bee_nest":18,"minecraft:golden_chestplate":2,"minecraft:spruce_fence":171,"minecraft:iron_hoe":144,"minecraft:wooden_axe":11,"minecraft:oak_stairs":45,"minecraft:soul_soil":18,"minecraft:minecart":38,"minecraft:netherite_pickaxe":77403,"minecraft:cooked_beef":133,"minecraft:turtle_egg":6,"minecraft:enchanted_golden_apple":1,"minecraft:beetroot_soup":1,"minecraft:cobblestone_stairs":67,"minecraft:lodestone":3,"minecraft:baked_potato":69,"minecraft:brown_mushroom":1,"minecraft:spruce_sign":15,"minecraft:sniffer_egg":2,"minecraft:green_bed":3,"minecraft:spider_eye":1,"minecraft:netherite_block":3,"minecraft:piston":140,"minecraft:cherry_door":6,"minecraft:chicken":1,"minecraft:lapis_ore":5,"minecraft:stone_slab":3,"minecraft:stone_axe":189,"minecraft:end_crystal":20,"minecraft:pink_shulker_box":21,"minecraft:pumpkin_pie":1,"minecraft:gray_wool":1350,"minecraft:beetroot":1,"minecraft:peony":1,"minecraft:nether_brick_fence":2,"minecraft:spruce_slab":750,"minecraft:polished_blackstone":4,"minecraft:ladder":92,"minecraft:elytra":413,"minecraft:chest":264,"minecraft:white_shulker_box":42,"minecraft:stripped_spruce_log":140,"minecraft:honey_block":5,"minecraft:honeycomb":1,"minecraft:netherite_shovel":21793,"minecraft:grass_block":232,"minecraft:orange_shulker_box":17,"minecraft:wet_sponge":381,"minecraft:rabbit_stew":1,"minecraft:sweet_berries":2,"minecraft:furnace":33,"minecraft:egg":117,"minecraft:potato":11,"minecraft:dragon_head":3,"minecraft:emerald_ore":9,"minecraft:diorite":152,"minecraft:spruce_door":60,"minecraft:warped_fungus_on_a_stick":3,"minecraft:powered_rail":57,"minecraft:oak_leaves":129,"minecraft:cookie":8,"minecraft:respawn_anchor":2,"minecraft:sand":408,"minecraft:blue_ice":15,"minecraft:netherite_helmet":24,"minecraft:lightning_rod":1,"minecraft:deepslate_tiles":15,"minecraft:crying_obsidian":9,"minecraft:stone_button":1,"minecraft:lectern":548,"minecraft:polished_granite":165,"minecraft:diamond_ore":8,"minecraft:soul_lantern":4,"minecraft:pufferfish":1,"minecraft:fire_charge":1,"minecraft:iron_bars":8,"minecraft:stone_sword":145,"minecraft:netherrack":5971,"minecraft:orange_bed":3,"minecraft:light_gray_shulker_box":61,"minecraft:anvil":29,"minecraft:ancient_debris":2,"minecraft:polished_granite_slab":61,"minecraft:polished_diorite":6,"minecraft:iron_axe":691,"minecraft:spruce_button":1,"minecraft:smooth_quartz":1,"minecraft:totem_of_undying":56,"minecraft:glowstone":67,"minecraft:beef":9,"minecraft:goat_horn":4,"minecraft:cobbled_deepslate":1425,"minecraft:observer":62,"minecraft:water_bucket":1039,"minecraft:rabbit":1,"minecraft:yellow_shulker_box":65,"minecraft:cartography_table":1,"minecraft:fletching_table":43,"minecraft:cracked_stone_bricks":1,"minecraft:polished_blackstone_bricks":473,"minecraft:salmon":8,"minecraft:comparator":15,"minecraft:tnt":748,"minecraft:oak_slab":4,"minecraft:crafting_table":158,"minecraft:cod":1,"minecraft:lime_shulker_box":34,"minecraft:oak_log":87,"minecraft:iron_pickaxe":2477,"minecraft:crimson_nylium":3,"minecraft:cobblestone":732,"minecraft:glass_pane":195,"minecraft:jukebox":2,"minecraft:kelp":116,"minecraft:iron_shovel":516,"minecraft:diamond_hoe":64,"minecraft:oak_sign":8,"minecraft:shield":371,"minecraft:iron_sword":578,"minecraft:purple_shulker_box":37,"minecraft:player_head":56,"minecraft:sculk_sensor":2,"minecraft:birch_pressure_plate":3,"minecraft:nether_bricks":51,"minecraft:carrot":499,"minecraft:tuff":84,"minecraft:axolotl_bucket":8,"minecraft:milk_bucket":21,"minecraft:polished_deepslate_stairs":110,"minecraft:glass":564,"minecraft:coal_ore":17,"minecraft:hopper_minecart":4,"minecraft:stone_bricks":810,"minecraft:repeater":61,"minecraft:red_carpet":56,"minecraft:redstone_lamp":3,"minecraft:magma_block":227,"minecraft:warped_fungus":5,"minecraft:scaffolding":630,"minecraft:gray_bed":4,"minecraft:beetroot_seeds":10,"minecraft:polished_blackstone_stairs":91,"minecraft:chiseled_polished_blackstone":6,"minecraft:ender_pearl":161,"minecraft:redstone_block":5,"minecraft:blue_bed":8,"minecraft:deepslate_redstone_ore":64,"minecraft:sponge":472,"minecraft:dripstone_block":2,"minecraft:shears":1685,"minecraft:exposed_copper":1,"minecraft:redstone_torch":25,"minecraft:firework_rocket":8559,"minecraft:cyan_bed":1,"minecraft:melon_slice":6,"minecraft:gravel":24,"minecraft:torchflower_seeds":1,"minecraft:grindstone":19,"minecraft:andesite":117,"minecraft:air":1,"minecraft:tropical_fish_bucket":1,"minecraft:cherry_boat":6,"minecraft:golden_pickaxe":32,"minecraft:cobweb":54,"minecraft:experience_bottle":2570,"minecraft:oak_fence":2,"minecraft:purpur_block":5,"minecraft:trident":53,"minecraft:music_disc_otherside":1,"minecraft:tropical_fish":1,"minecraft:spruce_planks":723,"minecraft:sculk":1,"minecraft:oak_door":3,"minecraft:spyglass":3,"minecraft:white_carpet":158,"minecraft:hopper":163,"minecraft:spruce_stairs":612,"minecraft:shulker_box":599,"minecraft:raw_iron_block":1,"minecraft:salmon_bucket":1,"minecraft:granite":30,"minecraft:stone_brick_slab":1971,"minecraft:bookshelf":291,"minecraft:cherry_trapdoor":111,"minecraft:polished_blackstone_brick_stairs":6,"minecraft:golden_carrot":255,"minecraft:emerald_block":18,"minecraft:stone_pressure_plate":88,"minecraft:cooked_mutton":25,"minecraft:acacia_boat":2,"minecraft:iron_ore":9,"minecraft:glass_bottle":132,"minecraft:polished_andesite":77,"minecraft:netherite_chestplate":239,"minecraft:copper_block":1,"minecraft:andesite_slab":2,"minecraft:black_shulker_box":74,"minecraft:beacon":19,"minecraft:stonecutter":4,"minecraft:cobblestone_slab":3,"minecraft:lime_bed":14,"minecraft:book":1,"minecraft:jungle_chest_boat":6,"minecraft:apple":16,"minecraft:activator_rail":2,"minecraft:cracked_polished_blackstone_bricks":13,"minecraft:netherite_axe":7303,"minecraft:map":1,"minecraft:fishing_rod":161,"minecraft:cherry_stairs":38,"minecraft:white_banner":4,"minecraft:bucket":1496,"minecraft:yellow_bed":25,"minecraft:smooth_stone":1,"minecraft:splash_potion":54},"minecraft:killed_by":{"minecraft:zombie":1,"minecraft:ghast":1,"minecraft:skeleton":2,"minecraft:wither_skeleton":1,"minecraft:creeper":1,"minecraft:player":5}},"DataVersion":3700}