{"stats":{"minecraft:picked_up":{"minecraft:wooden_axe":1,"minecraft:crafting_table":5,"minecraft:ladder":2,"minecraft:diamond_sword":7,"minecraft:amethyst_block":76,"minecraft:moss_carpet":14,"minecraft:glass_pane":82,"minecraft:diamond_leggings":2,"minecraft:cobbled_deepslate":12,"minecraft:smooth_stone":68,"minecraft:spruce_planks":54,"minecraft:beef":2,"minecraft:player_head":12,"minecraft:azalea":12,"minecraft:wooden_shovel":7,"minecraft:iron_pickaxe":4,"minecraft:birch_sapling":83,"minecraft:furnace":2,"minecraft:stick":173,"minecraft:raw_iron":25,"minecraft:stone":77,"minecraft:torch":59,"minecraft:porkchop":4,"minecraft:diorite":3,"minecraft:light_blue_bed":1,"minecraft:golden_chestplate":4,"minecraft:stone_sword":8,"minecraft:diamond_chestplate":2,"minecraft:rotten_flesh":5,"minecraft:stone_shovel":4,"minecraft:diamond_boots":2,"minecraft:iron_block":99,"minecraft:mutton":8,"minecraft:white_wool":10,"minecraft:cobblestone":585,"minecraft:birch_log":5,"minecraft:golden_carrot":20,"minecraft:filled_map":7,"minecraft:tuff":84,"minecraft:oak_log":39,"minecraft:gunpowder":44,"minecraft:wooden_hoe":7,"minecraft:dirt":491,"minecraft:podzol":2,"minecraft:bone":70,"minecraft:apple":6,"minecraft:stone_bricks":2,"minecraft:wheat_seeds":42,"minecraft:iron_ingot":28,"minecraft:stone_pickaxe":2,"minecraft:diamond_helmet":2,"minecraft:bamboo":455,"minecraft:oak_planks":5,"minecraft:flowering_azalea":14,"minecraft:cooked_porkchop":51,"minecraft:sweet_berries":146,"minecraft:dandelion":8,"minecraft:gravel":2,"minecraft:spruce_log":14,"minecraft:grass_block":274,"minecraft:shulker_box":5,"minecraft:leather_helmet":2,"minecraft:diamond_shovel":2,"minecraft:coal_ore":262,"minecraft:diamond":42,"minecraft:diamond_axe":2,"minecraft:spruce_sign":2,"minecraft:oak_sapling":19,"minecraft:netherrack":63,"minecraft:black_wool":1,"minecraft:coal":183,"minecraft:diamond_pickaxe":2},"minecraft:used":{"minecraft:moss_carpet":2,"minecraft:stone_shovel":30,"minecraft:ladder":3,"minecraft:spruce_planks":24,"minecraft:stone":5,"minecraft:torch":11,"minecraft:dirt":162,"minecraft:mutton":8,"minecraft:shulker_box":4,"minecraft:wooden_axe":32,"minecraft:light_blue_bed":1,"minecraft:sweet_berries":62,"minecraft:furnace":2,"minecraft:cobbled_deepslate":6,"minecraft:oak_planks":48,"minecraft:spruce_sign":1,"minecraft:crafting_table":5,"minecraft:spruce_log":9,"minecraft:oak_log":2,"minecraft:diamond_pickaxe":11,"minecraft:apple":3,"minecraft:iron_pickaxe":330,"minecraft:diamond_sword":46,"minecraft:cobblestone":94,"minecraft:porkchop":4,"minecraft:cooked_porkchop":17,"minecraft:birch_log":5,"minecraft:glass_pane":6},"minecraft:dropped":{"minecraft:cobblestone":5,"minecraft:dirt":16,"minecraft:wooden_axe":1,"minecraft:dandelion":3,"minecraft:bone":67,"minecraft:furnace":2,"minecraft:sweet_berries":3,"minecraft:stone_sword":1,"minecraft:raw_iron":1,"minecraft:diamond_sword":1,"minecraft:oak_sapling":12,"minecraft:ladder":1,"minecraft:wooden_shovel":2,"minecraft:black_wool":1},"minecraft:custom":{"minecraft:mob_kills":12,"minecraft:interact_with_crafting_table":23,"minecraft:open_shulker_box":19,"minecraft:leave_game":21,"minecraft:time_since_death":5725,"minecraft:climb_one_cm":15397,"minecraft:sprint_one_cm":658399,"minecraft:walk_one_cm":587876,"minecraft:drop":37,"minecraft:play_time":456267,"minecraft:deaths":9,"minecraft:sneak_time":1785,"minecraft:walk_under_water_one_cm":2068,"minecraft:jump":4836,"minecraft:walk_on_water_one_cm":188301,"minecraft:total_world_time":456267,"minecraft:interact_with_furnace":28,"minecraft:sleep_in_bed":10,"minecraft:time_since_rest":5354,"minecraft:damage_taken":3758,"minecraft:damage_dealt":1480,"minecraft:fly_one_cm":921218,"minecraft:crouch_one_cm":2595,"minecraft:fall_one_cm":135775},"minecraft:mined":{"minecraft:shulker_box":3,"minecraft:ladder":1,"minecraft:grass_block":26,"minecraft:spruce_leaves":1,"minecraft:iron_ore":16,"minecraft:cobbled_deepslate":6,"minecraft:moss_carpet":2,"minecraft:stone":267,"minecraft:glass_pane":1,"minecraft:crafting_table":3,"minecraft:short_grass":2,"minecraft:cobblestone":17,"minecraft:oak_planks":5,"minecraft:diorite":3,"minecraft:wall_torch":1,"minecraft:birch_log":5,"minecraft:sweet_berry_bush":3,"minecraft:spruce_log":15,"minecraft:birch_leaves":22,"minecraft:coal_ore":19,"minecraft:oak_log":20,"minecraft:gravel":5,"minecraft:dirt":81,"minecraft:oak_leaves":30},"minecraft:broken":{"minecraft:iron_pickaxe":1},"minecraft:crafted":{"minecraft:smooth_stone":68,"minecraft:oak_planks":72,"minecraft:stone_shovel":1,"minecraft:furnace":2,"minecraft:stone":71,"minecraft:diamond_shovel":1,"minecraft:diamond_helmet":1,"minecraft:diamond_leggings":1,"minecraft:ladder":3,"minecraft:diamond_boots":1,"minecraft:diamond_sword":1,"minecraft:spruce_sign":3,"minecraft:diamond_axe":1,"minecraft:crafting_table":3,"minecraft:spruce_planks":20,"minecraft:diamond_pickaxe":1,"minecraft:shield":1,"minecraft:stick":12,"minecraft:iron_ingot":16,"minecraft:iron_pickaxe":1,"minecraft:wooden_axe":1,"minecraft:torch":64,"minecraft:diamond_chestplate":1},"minecraft:killed_by":{"minecraft:player":6,"minecraft:creeper":1,"minecraft:zombie":1},"minecraft:killed":{"minecraft:pig":2,"minecraft:sheep":5,"minecraft:zombie":2,"minecraft:donkey":1,"minecraft:cow":1}},"DataVersion":3700}