{"stats":{"minecraft:killed":{"minecraft:cave_spider":2,"minecraft:shulker":98,"minecraft:skeleton":70,"minecraft:chicken":17,"minecraft:magma_cube":1,"minecraft:salmon":5,"minecraft:ender_dragon":1,"minecraft:pillager":57,"minecraft:donkey":1,"minecraft:zombie":556,"minecraft:cow":2,"minecraft:evoker":5,"minecraft:vindicator":25,"minecraft:horse":4,"minecraft:rabbit":3,"minecraft:wandering_trader":2,"minecraft:ravager":2,"minecraft:enderman":568,"minecraft:witch":10,"minecraft:zombified_piglin":2,"minecraft:spider":23,"minecraft:bee":2,"minecraft:silverfish":5,"minecraft:piglin_brute":3,"minecraft:piglin":18,"minecraft:pig":22,"minecraft:zombie_villager":4,"minecraft:creeper":16,"minecraft:sheep":37,"minecraft:trader_llama":4,"minecraft:ghast":9,"minecraft:blaze":22,"minecraft:vex":1,"minecraft:slime":8,"minecraft:phantom":4,"minecraft:drowned":5,"minecraft:squid":5,"minecraft:player":16,"minecraft:villager":3},"minecraft:crafted":{"minecraft:cherry_wood":148,"minecraft:blaze_powder":4,"minecraft:diamond_shovel":1,"minecraft:cooked_mutton":21,"minecraft:iron_bars":16,"minecraft:deepslate_brick_stairs":264,"minecraft:glass":66,"minecraft:repeater":4,"minecraft:diamond_helmet":2,"minecraft:diamond_leggings":3,"minecraft:netherite_boots":4,"minecraft:melon_seeds":13,"minecraft:glass_bottle":18,"minecraft:deepslate":52,"minecraft:emerald":30,"minecraft:cooked_porkchop":2,"minecraft:diamond_axe":2,"minecraft:smithing_table":3,"minecraft:copper_ingot":34,"minecraft:campfire":1,"minecraft:bamboo_planks":16,"minecraft:cherry_sign":3,"minecraft:compass":1,"minecraft:iron_pickaxe":4,"minecraft:iron_block":72,"minecraft:gold_ingot":40,"minecraft:netherite_ingot":5,"minecraft:stone_shovel":4,"minecraft:jukebox":1,"minecraft:iron_nugget":108,"minecraft:bone_meal":129,"minecraft:cherry_trapdoor":24,"minecraft:lantern":10,"minecraft:spruce_stairs":32,"minecraft:polished_diorite":700,"minecraft:ladder":45,"minecraft:spruce_slab":42,"minecraft:cherry_stairs":56,"minecraft:ender_pearl":4,"minecraft:stone_pickaxe":15,"minecraft:diamond_boots":1,"minecraft:spruce_boat":1,"minecraft:golden_helmet":1,"minecraft:wheat":765,"minecraft:coal_block":1,"minecraft:netherite_pickaxe":1,"minecraft:deepslate_brick_slab":72,"minecraft:enchanted_book":3,"minecraft:iron_shovel":1,"minecraft:iron_leggings":2,"minecraft:oak_planks":272,"minecraft:barrel":10,"minecraft:cherry_slab":6,"minecraft:lightning_rod":1,"minecraft:stone":12,"minecraft:bamboo_block":8,"minecraft:hopper":40,"minecraft:iron_boots":3,"minecraft:chest":78,"minecraft:netherite_helmet":4,"minecraft:copper_block":38,"minecraft:netherite_upgrade_smithing_template":14,"minecraft:stone_hoe":3,"minecraft:ender_eye":3,"minecraft:item_frame":2,"minecraft:oak_slab":6,"minecraft:crafting_table":18,"minecraft:spruce_planks":584,"minecraft:iron_helmet":1,"minecraft:baked_potato":426,"minecraft:wooden_pickaxe":4,"minecraft:birch_planks":280,"minecraft:tnt":26,"minecraft:spruce_trapdoor":48,"minecraft:book":1,"minecraft:iron_chestplate":4,"minecraft:paper":267,"minecraft:diamond_pickaxe":1,"minecraft:shield":1,"minecraft:stick":1258,"minecraft:iron_ingot":239,"minecraft:stone_sword":3,"minecraft:redstone_torch":20,"minecraft:deepslate_bricks":444,"minecraft:polished_diorite_stairs":360,"minecraft:shears":1,"minecraft:polished_andesite":16,"minecraft:nether_wart":72,"minecraft:cherry_planks":624,"minecraft:raw_iron":9,"minecraft:netherite_sword":1,"minecraft:furnace":9,"minecraft:flint_and_steel":3,"minecraft:netherite_chestplate":6,"minecraft:netherite_leggings":5,"minecraft:leather":1,"minecraft:polished_deepslate":444,"minecraft:iron_axe":2,"minecraft:iron_hoe":2,"minecraft:chiseled_bookshelf":1,"minecraft:netherite_scrap":19,"minecraft:glistering_melon_slice":10,"minecraft:crimson_planks":4,"minecraft:diamond_sword":1,"minecraft:iron_sword":3,"minecraft:bucket":2,"minecraft:stone_axe":3,"minecraft:air":0,"minecraft:acacia_boat":1,"minecraft:bread":246,"minecraft:oak_boat":4,"minecraft:anvil":2,"minecraft:acacia_planks":12,"minecraft:torch":208,"minecraft:end_crystal":3,"minecraft:diamond_chestplate":3,"minecraft:firework_rocket":929},"minecraft:custom":{"minecraft:interact_with_crafting_table":408,"minecraft:open_barrel":34,"minecraft:bell_ring":98,"minecraft:leave_game":185,"minecraft:time_since_death":79438,"minecraft:damage_blocked_by_shield":2290,"minecraft:play_time":4446009,"minecraft:deaths":43,"minecraft:jump":41159,"minecraft:interact_with_furnace":300,"minecraft:play_record":8,"minecraft:traded_with_villager":33,"minecraft:sleep_in_bed":120,"minecraft:damage_dealt":192601,"minecraft:interact_with_smoker":1,"minecraft:horse_one_cm":96530,"minecraft:interact_with_smithing_table":80,"minecraft:interact_with_anvil":75,"minecraft:inspect_hopper":43,"minecraft:sneak_time":293518,"minecraft:interact_with_blast_furnace":20,"minecraft:total_world_time":4446009,"minecraft:time_since_rest":16727,"minecraft:swim_one_cm":1067338,"minecraft:fly_one_cm":8358988,"minecraft:open_chest":1512,"minecraft:fall_one_cm":1188201,"minecraft:open_shulker_box":551,"minecraft:damage_resisted":326,"minecraft:sprint_one_cm":10651168,"minecraft:drop":3662,"minecraft:talked_to_villager":111,"minecraft:interact_with_brewingstand":211,"minecraft:walk_on_water_one_cm":472490,"minecraft:open_enderchest":248,"minecraft:player_kills":19,"minecraft:crouch_one_cm":665572,"minecraft:mob_kills":1669,"minecraft:climb_one_cm":185066,"minecraft:walk_one_cm":6829914,"minecraft:raid_win":1,"minecraft:strider_one_cm":14801,"minecraft:walk_under_water_one_cm":347299,"minecraft:boat_one_cm":2009010,"minecraft:raid_trigger":2,"minecraft:interact_with_grindstone":2,"minecraft:damage_taken":49159,"minecraft:damage_absorbed":130,"minecraft:aviate_one_cm":25059522},"minecraft:picked_up":{"minecraft:iron_chestplate":7,"minecraft:anvil":20,"minecraft:smithing_table":4,"minecraft:lead":11,"minecraft:diamond_sword":21,"minecraft:oak_stairs":2,"minecraft:enchanted_book":22,"minecraft:brewing_stand":12,"minecraft:polished_blackstone_brick_stairs":1,"minecraft:string":60,"minecraft:soul_soil":61,"minecraft:diamond_leggings":12,"minecraft:gold_nugget":122,"minecraft:cobbled_deepslate":3836,"minecraft:spruce_planks":66,"minecraft:acacia_fence_gate":2,"minecraft:netherite_upgrade_smithing_template":4,"minecraft:melon_slice":667,"minecraft:golden_helmet":1,"minecraft:jukebox":7,"minecraft:acacia_log":3,"minecraft:bamboo_slab":1,"minecraft:purpur_pillar":30,"minecraft:lightning_rod":2,"minecraft:cherry_log":1345,"minecraft:end_crystal":4,"minecraft:golden_chestplate":3,"minecraft:rabbit_foot":1,"minecraft:orange_bed":15,"minecraft:stone_sword":4,"minecraft:tropical_fish":1,"minecraft:iron_block":121,"minecraft:glowstone":18,"minecraft:bookshelf":5,"minecraft:netherite_chestplate":11,"minecraft:blaze_rod":13,"minecraft:iron_bars":1,"minecraft:birch_log":71,"minecraft:feather":75,"minecraft:iron_door":2,"minecraft:cherry_leaves":392,"minecraft:water_bucket":24,"minecraft:copper_block":42,"minecraft:smoker":2,"minecraft:flint":109,"minecraft:netherite_leggings":6,"minecraft:lantern":4,"minecraft:chipped_anvil":11,"minecraft:diamond_helmet":19,"minecraft:rabbit":2,"minecraft:glowstone_dust":61,"minecraft:honeycomb":3,"minecraft:stripped_spruce_log":5,"minecraft:ink_sac":3,"minecraft:barrel":3,"minecraft:iron_hoe":4,"minecraft:polished_andesite":52,"minecraft:deepslate":25,"minecraft:granite":166,"minecraft:golden_horse_armor":1,"minecraft:bread":490,"minecraft:crimson_roots":2,"minecraft:diamond_pickaxe":29,"minecraft:mud":1,"minecraft:crafting_table":40,"minecraft:nether_wart":365,"minecraft:clay_ball":16,"minecraft:leather_leggings":2,"minecraft:stripped_cherry_log":7,"minecraft:dragon_head":1,"minecraft:purpur_block":19,"minecraft:elytra":9,"minecraft:flint_and_steel":10,"minecraft:netherite_scrap":1,"minecraft:compass":4,"minecraft:iron_shovel":3,"minecraft:cartography_table":1,"minecraft:music_disc_otherside":7,"minecraft:beef":6,"minecraft:iron_nugget":96,"minecraft:spruce_slab":28,"minecraft:minecart":1,"minecraft:chest":7,"minecraft:birch_sapling":14,"minecraft:piston":11,"minecraft:diamond_hoe":2,"minecraft:egg":37,"minecraft:lime_shulker_box":6,"minecraft:sandstone":101,"minecraft:polished_deepslate_slab":4,"minecraft:stone":93,"minecraft:fire_charge":1,"minecraft:carrot":499,"minecraft:redstone":783,"minecraft:tnt":36,"minecraft:stone_shovel":7,"minecraft:diamond_chestplate":10,"minecraft:beetroot_seeds":1,"minecraft:decorated_pot":1,"minecraft:deepslate_bricks":1648,"minecraft:shears":5,"minecraft:diamond_boots":16,"minecraft:hay_block":124,"minecraft:gold_ingot":67,"minecraft:totem_of_undying":11,"minecraft:white_shulker_box":32,"minecraft:mutton":88,"minecraft:rail":7,"minecraft:white_wool":69,"minecraft:stripped_oak_log":8,"minecraft:yellow_shulker_box":37,"minecraft:clock":1,"minecraft:filled_map":18,"minecraft:purpur_stairs":9,"minecraft:oak_log":73,"minecraft:lily_pad":5,"minecraft:ancient_debris":26,"minecraft:blue_bed":17,"minecraft:paper":65,"minecraft:white_banner":15,"minecraft:stone_bricks":5,"minecraft:apple":1,"minecraft:kelp":9,"minecraft:stone_pickaxe":10,"minecraft:cobweb":51,"minecraft:glass_bottle":242,"minecraft:iron_sword":8,"minecraft:sweet_berries":38,"minecraft:gravel":246,"minecraft:spruce_sapling":245,"minecraft:spruce_log":249,"minecraft:crying_obsidian":27,"minecraft:firework_rocket":469,"minecraft:diamond_shovel":10,"minecraft:purple_bed":3,"minecraft:slime_ball":29,"minecraft:stone_axe":5,"minecraft:polished_diorite":148,"minecraft:rib_armor_trim_smithing_template":1,"minecraft:diamond_axe":17,"minecraft:gray_wool":2,"minecraft:baked_potato":172,"minecraft:melon_seeds":117,"minecraft:mangrove_propagule":3,"minecraft:hopper":9,"minecraft:ender_pearl":85,"minecraft:shulker_shell":113,"minecraft:wheat":50,"minecraft:redstone_block":7,"minecraft:ender_chest":13,"minecraft:sentry_armor_trim_smithing_template":2,"minecraft:potion":44,"minecraft:turtle_egg":1,"minecraft:gilded_blackstone":3,"minecraft:nether_brick":5,"minecraft:raw_copper":540,"minecraft:iron_leggings":6,"minecraft:netherite_ingot":4,"minecraft:experience_bottle":64,"minecraft:pink_shulker_box":44,"minecraft:red_sand":13,"minecraft:black_shulker_box":12,"minecraft:bucket":5,"minecraft:eye_armor_trim_smithing_template":1,"minecraft:redstone_torch":6,"minecraft:cobblestone_slab":68,"minecraft:ender_eye":2,"minecraft:calcite":12,"minecraft:iron_pickaxe":8,"minecraft:iron_boots":5,"minecraft:furnace":12,"minecraft:stick":635,"minecraft:orange_shulker_box":11,"minecraft:acacia_fence":4,"minecraft:oak_fence":1,"minecraft:torch":489,"minecraft:spruce_stairs":8,"minecraft:porkchop":47,"minecraft:diorite":1298,"minecraft:pointed_dripstone":14,"minecraft:music_disc_pigstep":4,"minecraft:nether_gold_ore":8,"minecraft:rotten_flesh":279,"minecraft:deepslate_brick_stairs":285,"minecraft:obsidian":126,"minecraft:blaze_powder":68,"minecraft:cobblestone":6793,"minecraft:pink_petals":3585,"minecraft:cherry_planks":105,"minecraft:warped_fungus_on_a_stick":1,"minecraft:andesite":187,"minecraft:golden_leggings":1,"minecraft:beacon":1,"minecraft:potato":1143,"minecraft:tuff":150,"minecraft:acacia_boat":2,"minecraft:lapis_lazuli":230,"minecraft:dirt":3509,"minecraft:name_tag":16,"minecraft:leather_boots":1,"minecraft:glass":89,"minecraft:bone":191,"minecraft:acacia_planks":8,"minecraft:bow":9,"minecraft:wheat_seeds":270,"minecraft:deepslate_brick_slab":67,"minecraft:raw_gold":4,"minecraft:bamboo":195,"minecraft:powered_rail":13,"minecraft:stone_hoe":3,"minecraft:oak_planks":82,"minecraft:ghast_tear":3,"minecraft:cooked_porkchop":3,"minecraft:poisonous_potato":12,"minecraft:sand":842,"minecraft:light_blue_shulker_box":10,"minecraft:grass_block":1,"minecraft:diamond_block":15,"minecraft:spectral_arrow":30,"minecraft:shulker_box":12,"minecraft:sugar":29,"minecraft:diamond":418,"minecraft:spruce_boat":1,"minecraft:netherite_helmet":2,"minecraft:cracked_polished_blackstone_bricks":5,"minecraft:cherry_wood":68,"minecraft:crossbow":1,"minecraft:bone_meal":3,"minecraft:golden_apple":7,"minecraft:spruce_sign":1,"minecraft:emerald":90,"minecraft:oak_sapling":24,"minecraft:netherrack":967,"minecraft:oak_leaves":2,"minecraft:end_stone_bricks":24,"minecraft:cocoa_beans":12,"minecraft:end_stone_brick_stairs":30,"minecraft:splash_potion":1,"minecraft:chicken":10,"minecraft:ladder":2,"minecraft:brown_mushroom":2,"minecraft:packed_ice":128,"minecraft:wooden_pickaxe":4,"minecraft:gold_block":3,"minecraft:chain":4,"minecraft:shield":4,"minecraft:iron_axe":6,"minecraft:wooden_sword":3,"minecraft:blackstone":63,"minecraft:oak_boat":48,"minecraft:player_head":80,"minecraft:light_gray_wool":2,"minecraft:sugar_cane":584,"minecraft:blue_shulker_box":39,"minecraft:cherry_trapdoor":15,"minecraft:spruce_trapdoor":7,"minecraft:phantom_membrane":2,"minecraft:raw_iron":155,"minecraft:end_stone":134,"minecraft:cherry_stairs":193,"minecraft:copper_ingot":8,"minecraft:polished_blackstone_bricks":38,"minecraft:dark_oak_planks":4,"minecraft:arrow":77,"minecraft:pumpkin_pie":48,"minecraft:nether_bricks":17,"minecraft:saddle":3,"minecraft:glistering_melon_slice":28,"minecraft:black_banner":28,"minecraft:netherite_boots":5,"minecraft:golden_carrot":110,"minecraft:crimson_stem":1,"minecraft:salmon":4,"minecraft:leather":19,"minecraft:cut_sandstone":3,"minecraft:bedrock":1,"minecraft:yellow_bed":18,"minecraft:nether_wart_block":8,"minecraft:gunpowder":614,"minecraft:orange_terracotta":4,"minecraft:cooked_mutton":2,"minecraft:coast_armor_trim_smithing_template":4,"minecraft:iron_ingot":470,"minecraft:cooked_chicken":4,"minecraft:soul_sand":146,"minecraft:book":142,"minecraft:bamboo_planks":5,"minecraft:quartz":68,"minecraft:dandelion":4,"minecraft:raw_iron_block":1,"minecraft:amethyst_shard":36,"minecraft:white_bed":9,"minecraft:spider_eye":6,"minecraft:spruce_door":1,"minecraft:polished_diorite_stairs":265,"minecraft:iron_helmet":5,"minecraft:cherry_sapling":960,"minecraft:damaged_anvil":1,"minecraft:coal":344,"minecraft:sunflower":1},"minecraft:mined":{"minecraft:dark_oak_planks":14,"minecraft:dragon_wall_head":1,"minecraft:white_bed":3,"minecraft:cherry_log":1185,"minecraft:obsidian":98,"minecraft:granite":100,"minecraft:acacia_log":3,"minecraft:yellow_carpet":1,"minecraft:deepslate_bricks":1437,"minecraft:purpur_slab":7,"minecraft:hopper":18,"minecraft:nether_wart":52,"minecraft:spawner":29,"minecraft:polished_blackstone_bricks":70,"minecraft:tall_seagrass":12,"minecraft:barrel":3,"minecraft:cobbled_deepslate":276,"minecraft:fire":60,"minecraft:deepslate_lapis_ore":3,"minecraft:polished_deepslate_slab":6,"minecraft:dirt_path":1,"minecraft:oak_stairs":3,"minecraft:deepslate_brick_stairs":297,"minecraft:white_shulker_box":30,"minecraft:iron_block":55,"minecraft:player_head":14,"minecraft:orange_bed":14,"minecraft:bamboo_slab":2,"minecraft:cut_sandstone":21,"minecraft:brown_mushroom":1,"minecraft:kelp_plant":9,"minecraft:player_wall_head":10,"minecraft:smoker":1,"minecraft:crimson_nylium":1,"minecraft:soul_fire":13,"minecraft:amethyst_cluster":10,"minecraft:powder_snow":4,"minecraft:torch":11,"minecraft:melon":111,"minecraft:dead_bush":10,"minecraft:spruce_wall_sign":1,"minecraft:glass":11,"minecraft:lime_shulker_box":5,"minecraft:sugar_cane":268,"minecraft:damaged_anvil":1,"minecraft:polished_diorite_stairs":231,"minecraft:chain":4,"minecraft:bamboo_planks":5,"minecraft:mud":1,"minecraft:wheat":71,"minecraft:jukebox":6,"minecraft:stone_brick_stairs":1,"minecraft:smooth_basalt":1,"minecraft:blue_shulker_box":24,"minecraft:red_mushroom_block":1,"minecraft:deepslate":5296,"minecraft:pink_shulker_box":32,"minecraft:mossy_cobblestone":1,"minecraft:cherry_sapling":5,"minecraft:end_stone":128,"minecraft:shulker_box":7,"minecraft:nether_bricks":13,"minecraft:dark_oak_fence":4,"minecraft:orange_shulker_box":11,"minecraft:redstone_wire":7,"minecraft:cherry_wood":50,"minecraft:cartography_table":1,"minecraft:kelp":3,"minecraft:waxed_weathered_copper":2,"minecraft:snow":6,"minecraft:andesite":164,"minecraft:diamond_block":17,"minecraft:potatoes":300,"minecraft:vine":2,"minecraft:cobblestone_slab":6,"minecraft:rail":8,"minecraft:bamboo_sapling":1,"minecraft:bamboo":22,"minecraft:bone_block":1,"minecraft:white_wool":27,"minecraft:ender_chest":7,"minecraft:smithing_table":4,"minecraft:oak_slab":2,"minecraft:glass_pane":1,"minecraft:cherry_planks":51,"minecraft:soul_sand":88,"minecraft:dandelion":7,"minecraft:cornflower":2,"minecraft:short_grass":1015,"minecraft:purpur_pillar":35,"minecraft:tall_grass":137,"minecraft:copper_ore":68,"minecraft:deepslate_gold_ore":2,"minecraft:diorite":436,"minecraft:purple_bed":3,"minecraft:spruce_log":244,"minecraft:birch_leaves":13,"minecraft:mangrove_leaves":1,"minecraft:dripstone_block":2,"minecraft:sunflower":1,"minecraft:gravel":414,"minecraft:cobweb":7,"minecraft:stone_bricks":7,"minecraft:chipped_anvil":9,"minecraft:fern":11,"minecraft:black_shulker_box":13,"minecraft:spruce_planks":29,"minecraft:attached_melon_stem":17,"minecraft:farmland":74,"minecraft:sculk_vein":1,"minecraft:brewing_stand":11,"minecraft:spruce_trapdoor":10,"minecraft:cherry_trapdoor":7,"minecraft:grass_block":1493,"minecraft:cracked_polished_blackstone_bricks":12,"minecraft:purple_stained_glass_pane":3,"minecraft:soul_soil":15,"minecraft:polished_diorite":141,"minecraft:gilded_blackstone":3,"minecraft:raw_iron_block":1,"minecraft:glowstone":3,"minecraft:iron_ore":91,"minecraft:anvil":18,"minecraft:iron_bars":1,"minecraft:end_stone_bricks":38,"minecraft:spruce_slab":2,"minecraft:deepslate_redstone_ore":37,"minecraft:blackstone":78,"minecraft:melon_stem":21,"minecraft:orange_terracotta":3,"minecraft:purpur_stairs":14,"minecraft:clay":4,"minecraft:calcite":12,"minecraft:beacon":1,"minecraft:chest":8,"minecraft:nether_quartz_ore":235,"minecraft:cobblestone":150,"minecraft:oak_planks":23,"minecraft:iron_door":3,"minecraft:wall_torch":9,"minecraft:deepslate_copper_ore":2,"minecraft:pink_petals":830,"minecraft:seagrass":15,"minecraft:powered_rail":11,"minecraft:nether_wart_block":8,"minecraft:birch_log":71,"minecraft:light_gray_wool":2,"minecraft:tnt":11,"minecraft:purpur_block":26,"minecraft:oak_log":79,"minecraft:beetroots":2,"minecraft:sand":241,"minecraft:dirt":579,"minecraft:netherrack":7066,"minecraft:ancient_debris":5,"minecraft:oak_leaves":141,"minecraft:nether_gold_ore":37,"minecraft:diamond_ore":5,"minecraft:crying_obsidian":16,"minecraft:tuff":393,"minecraft:deepslate_diamond_ore":88,"minecraft:stripped_cherry_log":6,"minecraft:black_banner":1,"minecraft:decorated_pot":4,"minecraft:spruce_leaves":91,"minecraft:mangrove_propagule":5,"minecraft:sandstone":82,"minecraft:crimson_stem":1,"minecraft:large_fern":9,"minecraft:hay_block":86,"minecraft:deepslate_brick_slab":65,"minecraft:spruce_sapling":1,"minecraft:furnace":10,"minecraft:carrots":123,"minecraft:stripped_spruce_log":5,"minecraft:bookshelf":34,"minecraft:deepslate_iron_ore":7,"minecraft:lantern":2,"minecraft:stripped_oak_log":8,"minecraft:stone":6151,"minecraft:cherry_stairs":54,"minecraft:yellow_shulker_box":26,"minecraft:podzol":10,"minecraft:light_blue_shulker_box":7,"minecraft:acacia_leaves":1,"minecraft:magenta_stained_glass":2,"minecraft:infested_stone_bricks":1,"minecraft:basalt":21,"minecraft:oak_fence":1,"minecraft:crafting_table":32,"minecraft:lapis_ore":15,"minecraft:lily_pad":6,"minecraft:sculk":15,"minecraft:blue_bed":17,"minecraft:spruce_stairs":26,"minecraft:end_stone_brick_stairs":25,"minecraft:redstone_torch":6,"minecraft:sweet_berry_bush":9,"minecraft:black_wall_banner":25,"minecraft:ice":4,"minecraft:white_wall_banner":2,"minecraft:bee_nest":3,"minecraft:yellow_bed":7,"minecraft:coal_ore":168,"minecraft:cocoa":1,"minecraft:cherry_leaves":240,"minecraft:polished_andesite":45},"minecraft:used":{"minecraft:spruce_slab":22,"minecraft:ladder":45,"minecraft:elytra":11,"minecraft:chest":39,"minecraft:stone":1,"minecraft:white_shulker_box":37,"minecraft:rotten_flesh":3,"minecraft:soul_sand":67,"minecraft:deepslate_brick_slab":57,"minecraft:stripped_spruce_log":4,"minecraft:spruce_boat":2,"minecraft:lava_bucket":25,"minecraft:music_disc_pigstep":4,"minecraft:grass_block":1,"minecraft:orange_shulker_box":12,"minecraft:copper_ore":38,"minecraft:netherite_boots":5,"minecraft:bow":74,"minecraft:sweet_berries":11,"minecraft:furnace":12,"minecraft:egg":58,"minecraft:end_stone_brick_stairs":11,"minecraft:potato":343,"minecraft:diorite":339,"minecraft:end_stone_bricks":4,"minecraft:damaged_anvil":1,"minecraft:spruce_door":1,"minecraft:warped_fungus_on_a_stick":20,"minecraft:blackstone":33,"minecraft:wooden_pickaxe":29,"minecraft:purpur_pillar":6,"minecraft:golden_apple":5,"minecraft:sand":105,"minecraft:purpur_stairs":1,"minecraft:netherite_helmet":9,"minecraft:deepslate_brick_stairs":289,"minecraft:crying_obsidian":15,"minecraft:cherry_sign":1,"minecraft:diamond_sword":3000,"minecraft:fire_charge":1,"minecraft:wooden_sword":7,"minecraft:smithing_table":4,"minecraft:oak_boat":36,"minecraft:compass":1,"minecraft:iron_bars":7,"minecraft:stone_sword":149,"minecraft:netherrack":327,"minecraft:orange_bed":14,"minecraft:torch":165,"minecraft:brewing_stand":7,"minecraft:anvil":7,"minecraft:yellow_carpet":1,"minecraft:golden_shovel":33,"minecraft:polished_diorite":414,"minecraft:chipped_anvil":7,"minecraft:iron_block":1,"minecraft:iron_axe":454,"minecraft:totem_of_undying":13,"minecraft:barrel":13,"minecraft:bamboo":2,"minecraft:diamond_chestplate":9,"minecraft:glowstone":3,"minecraft:beef":5,"minecraft:cobbled_deepslate":1081,"minecraft:cherry_log":840,"minecraft:calcite":12,"minecraft:chiseled_bookshelf":1,"minecraft:water_bucket":199,"minecraft:light_blue_shulker_box":11,"minecraft:yellow_shulker_box":30,"minecraft:cherry_planks":73,"minecraft:deepslate_bricks":1996,"minecraft:polished_blackstone_bricks":19,"minecraft:polished_deepslate_slab":4,"minecraft:rail":1,"minecraft:tnt":49,"minecraft:crafting_table":42,"minecraft:white_bed":2,"minecraft:campfire":1,"minecraft:lime_shulker_box":7,"minecraft:spruce_log":62,"minecraft:oak_log":7,"minecraft:mud":1,"minecraft:ender_eye":1,"minecraft:diamond_pickaxe":22097,"minecraft:diamond_shovel":1591,"minecraft:iron_pickaxe":876,"minecraft:suspicious_stew":2,"minecraft:spruce_trapdoor":38,"minecraft:spruce_sapling":40,"minecraft:enchanted_book":7,"minecraft:potion":81,"minecraft:cobblestone":607,"minecraft:purple_bed":4,"minecraft:cooked_porkchop":5,"minecraft:porkchop":30,"minecraft:dandelion":1,"minecraft:jukebox":7,"minecraft:diamond_leggings":7,"minecraft:cherry_sapling":50,"minecraft:iron_shovel":264,"minecraft:diamond_hoe":16,"minecraft:decorated_pot":1,"minecraft:shield":26,"minecraft:iron_sword":511,"minecraft:nether_wart":20,"minecraft:player_head":25,"minecraft:iron_chestplate":5,"minecraft:mutton":7,"minecraft:nether_bricks":9,"minecraft:carrot":422,"minecraft:obsidian":40,"minecraft:glass":5,"minecraft:coal_ore":28,"minecraft:lantern":12,"minecraft:iron_helmet":5,"minecraft:item_frame":2,"minecraft:repeater":4,"minecraft:hay_block":1,"minecraft:written_book":1,"minecraft:blue_shulker_box":31,"minecraft:polished_diorite_stairs":399,"minecraft:diamond_boots":6,"minecraft:stone_pickaxe":1774,"minecraft:oak_planks":44,"minecraft:ender_pearl":5,"minecraft:sandstone":21,"minecraft:diamond_axe":1545,"minecraft:blue_bed":17,"minecraft:sugar_cane":11,"minecraft:white_wool":7,"minecraft:netherite_leggings":5,"minecraft:black_banner":10,"minecraft:crossbow":2,"minecraft:shears":85,"minecraft:end_stone":30,"minecraft:redstone_torch":6,"minecraft:firework_rocket":655,"minecraft:bread":376,"minecraft:melon_slice":341,"minecraft:deepslate":51,"minecraft:gravel":23,"minecraft:golden_helmet":6,"minecraft:andesite":9,"minecraft:chain":2,"minecraft:golden_pickaxe":45,"minecraft:bone_meal":130,"minecraft:cobweb":16,"minecraft:experience_bottle":64,"minecraft:purpur_block":3,"minecraft:cherry_wood":174,"minecraft:music_disc_otherside":4,"minecraft:flint_and_steel":221,"minecraft:tropical_fish":1,"minecraft:redstone":11,"minecraft:stone_shovel":580,"minecraft:spruce_planks":25,"minecraft:ender_chest":12,"minecraft:stone_hoe":119,"minecraft:cooked_chicken":4,"minecraft:dirt":685,"minecraft:hopper":43,"minecraft:spruce_stairs":31,"minecraft:shulker_box":8,"minecraft:diamond_helmet":19,"minecraft:bee_nest":1,"minecraft:granite":7,"minecraft:iron_hoe":95,"minecraft:cherry_trapdoor":16,"minecraft:polished_blackstone_brick_stairs":1,"minecraft:iron_boots":4,"minecraft:golden_carrot":139,"minecraft:soul_soil":2,"minecraft:netherite_pickaxe":4,"minecraft:bamboo_planks":20,"minecraft:iron_leggings":4,"minecraft:cooked_mutton":36,"minecraft:acacia_boat":3,"minecraft:glass_bottle":80,"minecraft:polished_andesite":20,"minecraft:netherite_chestplate":21,"minecraft:baked_potato":594,"minecraft:black_shulker_box":15,"minecraft:spruce_sign":1,"minecraft:cobblestone_slab":30,"minecraft:apple":2,"minecraft:cracked_polished_blackstone_bricks":2,"minecraft:map":5,"minecraft:stone_axe":336,"minecraft:pink_petals":193,"minecraft:cherry_stairs":54,"minecraft:end_crystal":7,"minecraft:white_banner":2,"minecraft:pink_shulker_box":35,"minecraft:bucket":227,"minecraft:yellow_bed":6,"minecraft:pumpkin_pie":19,"minecraft:splash_potion":24},"minecraft:dropped":{"minecraft:iron_sword":4,"minecraft:piston":11,"minecraft:porkchop":3,"minecraft:lapis_lazuli":1,"minecraft:glass_bottle":90,"minecraft:diamond":148,"minecraft:crafting_table":9,"minecraft:crossbow":1,"minecraft:saddle":4,"minecraft:purpur_stairs":3,"minecraft:elytra":1,"minecraft:rail":6,"minecraft:emerald":27,"minecraft:gold_block":1,"minecraft:dirt":1073,"minecraft:snout_armor_trim_smithing_template":1,"minecraft:netherite_boots":4,"minecraft:chain":2,"minecraft:gold_nugget":16,"minecraft:wooden_sword":1,"minecraft:acacia_fence_gate":1,"minecraft:bone_meal":4,"minecraft:sunflower":1,"minecraft:sand":563,"minecraft:sugar":15,"minecraft:iron_pickaxe":3,"minecraft:dark_oak_planks":4,"minecraft:white_wool":2,"minecraft:bone":31,"minecraft:compass":1,"minecraft:stone_axe":5,"minecraft:sugar_cane":159,"minecraft:ancient_debris":5,"minecraft:diamond_block":15,"minecraft:iron_nugget":50,"minecraft:golden_chestplate":3,"minecraft:cobbled_deepslate":341,"minecraft:nether_brick":5,"minecraft:wheat":4,"minecraft:birch_sapling":14,"minecraft:obsidian":29,"minecraft:deepslate_brick_slab":1,"minecraft:rotten_flesh":470,"minecraft:oak_planks":63,"minecraft:end_stone":96,"minecraft:glowstone_dust":2,"minecraft:rabbit_foot":1,"minecraft:leather_boots":1,"minecraft:ladder":1,"minecraft:leather_leggings":2,"minecraft:spruce_slab":5,"minecraft:end_stone_bricks":5,"minecraft:glass":4,"minecraft:beef":1,"minecraft:crying_obsidian":4,"minecraft:acacia_fence":2,"minecraft:egg":29,"minecraft:enchanted_book":11,"minecraft:iron_ingot":398,"minecraft:wheat_seeds":104,"minecraft:clock":1,"minecraft:copper_block":42,"minecraft:golden_horse_armor":2,"minecraft:netherite_helmet":1,"minecraft:book":1,"minecraft:feather":8,"minecraft:iron_helmet":3,"minecraft:cobblestone":1636,"minecraft:granite":11,"minecraft:coal":17,"minecraft:golden_apple":2,"minecraft:polished_andesite":20,"minecraft:cobweb":35,"minecraft:golden_carrot":2,"minecraft:ink_sac":3,"minecraft:rabbit":2,"minecraft:cherry_planks":73,"minecraft:diamond_helmet":1,"minecraft:potion":10,"minecraft:oak_stairs":2,"minecraft:white_banner":3,"minecraft:chipped_anvil":1,"minecraft:bamboo_slab":1,"minecraft:paper":15,"minecraft:iron_shovel":4,"minecraft:string":18,"minecraft:lily_pad":5,"minecraft:acacia_planks":7,"minecraft:spruce_sapling":10,"minecraft:bamboo_planks":1,"minecraft:purpur_pillar":12,"minecraft:soul_soil":50,"minecraft:player_head":21,"minecraft:cocoa_beans":9,"minecraft:bowl":2,"minecraft:deepslate":10,"minecraft:diamond_hoe":2,"minecraft:stone_shovel":1,"minecraft:chicken":8,"minecraft:iron_boots":2,"minecraft:name_tag":5,"minecraft:white_shulker_box":1,"minecraft:nether_bricks":7,"minecraft:lightning_rod":2,"minecraft:diamond_sword":4,"minecraft:cobblestone_slab":38,"minecraft:potato":33,"minecraft:stone":78,"minecraft:spruce_planks":65,"minecraft:diamond_pickaxe":5,"minecraft:pink_shulker_box":1,"minecraft:redstone_torch":1,"minecraft:spider_eye":2,"minecraft:bamboo":123,"minecraft:sandstone":10,"minecraft:red_sand":13,"minecraft:bow":8,"minecraft:blue_shulker_box":2,"minecraft:soul_sand":19,"minecraft:brown_mushroom":1,"minecraft:diamond_axe":5,"minecraft:oak_log":4,"minecraft:baked_potato":33,"minecraft:ender_pearl":70,"minecraft:lime_shulker_box":1,"minecraft:netherite_upgrade_smithing_template":2,"minecraft:lantern":1,"minecraft:leather":6,"minecraft:bedrock":1,"minecraft:black_banner":5,"minecraft:flint":43,"minecraft:cracked_polished_blackstone_bricks":2,"minecraft:packed_ice":64,"minecraft:polished_diorite_stairs":110,"minecraft:cherry_trapdoor":21,"minecraft:mutton":7,"minecraft:crimson_roots":2,"minecraft:coast_armor_trim_smithing_template":1,"minecraft:gilded_blackstone":3,"minecraft:pumpkin_pie":2,"minecraft:amethyst_shard":14,"minecraft:polished_blackstone_bricks":17,"minecraft:glistering_melon_slice":16,"minecraft:birch_log":1,"minecraft:gold_ingot":53,"minecraft:gravel":69,"minecraft:blackstone":29,"minecraft:purpur_block":13,"minecraft:music_disc_otherside":1,"minecraft:cherry_sapling":72,"minecraft:diamond_shovel":1,"minecraft:cooked_mutton":12,"minecraft:carrot":16,"minecraft:shulker_shell":64,"minecraft:leather_chestplate":1,"minecraft:gunpowder":293,"minecraft:beetroot_seeds":1,"minecraft:melon_seeds":2,"minecraft:arrow":48,"minecraft:powered_rail":18,"minecraft:iron_bars":26,"minecraft:quartz":68,"minecraft:written_book":1,"minecraft:oak_leaves":2,"minecraft:netherrack":699,"minecraft:firework_rocket":66,"minecraft:water_bucket":6,"minecraft:stone_hoe":3,"minecraft:bread":3,"minecraft:stripped_spruce_log":1,"minecraft:golden_helmet":2,"minecraft:cherry_log":14,"minecraft:minecart":1,"minecraft:bookshelf":1,"minecraft:diamond_leggings":2,"minecraft:poisonous_potato":8,"minecraft:mangrove_propagule":1,"minecraft:lead":2,"minecraft:spruce_stairs":5,"minecraft:stick":281,"minecraft:iron_block":70,"minecraft:deepslate_brick_stairs":7,"minecraft:diorite":245,"minecraft:nether_gold_ore":8,"minecraft:torch":28,"minecraft:melon_slice":46,"minecraft:iron_door":1,"minecraft:fire_charge":2,"minecraft:iron_leggings":2,"minecraft:iron_axe":4,"minecraft:pink_petals":1092,"minecraft:bucket":4,"minecraft:redstone_block":7,"minecraft:dandelion":2,"minecraft:redstone":146,"minecraft:cherry_wood":25,"minecraft:polished_diorite":65,"minecraft:anvil":2,"minecraft:kelp":9,"minecraft:sweet_berries":27,"minecraft:ender_chest":1,"minecraft:blaze_rod":1,"minecraft:nether_wart":19,"minecraft:raw_copper":68,"minecraft:jukebox":1,"minecraft:tuff":87,"minecraft:raw_iron":36,"minecraft:light_gray_wool":1,"minecraft:iron_hoe":2,"minecraft:smoker":1,"minecraft:ender_eye":1,"minecraft:totem_of_undying":1,"minecraft:flint_and_steel":2,"minecraft:deepslate_bricks":201,"minecraft:filled_map":2,"minecraft:shield":2,"minecraft:end_stone_brick_stairs":15,"minecraft:diamond_chestplate":2,"minecraft:iron_chestplate":4,"minecraft:andesite":98,"minecraft:golden_leggings":1,"minecraft:oak_sapling":6,"minecraft:oak_boat":1,"minecraft:diamond_boots":1,"minecraft:spruce_log":2,"minecraft:beacon":1,"minecraft:stone_pickaxe":3,"minecraft:wooden_pickaxe":4,"minecraft:light_blue_shulker_box":1},"minecraft:killed_by":{"minecraft:pillager":5,"minecraft:zombie":10,"minecraft:creeper":1,"minecraft:player":12,"minecraft:spider":1,"minecraft:skeleton":1},"minecraft:broken":{"minecraft:iron_axe":1,"minecraft:iron_pickaxe":3,"minecraft:golden_shovel":1,"minecraft:stone_pickaxe":11,"minecraft:stone_axe":2,"minecraft:stone_shovel":2,"minecraft:flint_and_steel":2}},"DataVersion":3700}