{"stats":{"minecraft:used":{"minecraft:peony":1,"minecraft:iron_shovel":9,"minecraft:ladder":12,"minecraft:diamond_hoe":185,"minecraft:oak_sign":1,"minecraft:chest":23,"minecraft:shield":59,"minecraft:stone":4,"minecraft:iron_sword":646,"minecraft:rotten_flesh":19,"minecraft:tuff":9,"minecraft:obsidian":12,"betternether:obsidian_tile":6,"minecraft:oak_sapling":1,"minecraft:furnace":14,"minecraft:egg":10,"minecraft:diorite":10,"minecraft:diamond_boots":1,"betterend:ender_block":1,"minecraft:stone_pickaxe":1068,"minecraft:oak_planks":69,"minecraft:orange_tulip":2,"minecraft:leather_chestplate":4,"minecraft:wooden_pickaxe":55,"minecraft:glow_berries":9,"minecraft:bread":3,"minecraft:melon_slice":16,"minecraft:gravel":6,"minecraft:diamond_sword":31,"minecraft:smithing_table":1,"minecraft:andesite":35,"minecraft:bone_meal":49,"minecraft:oak_fence":54,"minecraft:stone_sword":245,"minecraft:flint_and_steel":1,"minecraft:stone_shovel":694,"minecraft:cooked_salmon":38,"minecraft:stone_hoe":123,"minecraft:cooked_chicken":6,"minecraft:netherrack":24,"minecraft:oak_door":5,"minecraft:torch":175,"minecraft:dirt":591,"minecraft:spyglass":23,"minecraft:diamond_helmet":1,"minecraft:golden_chestplate":1,"minecraft:granite":26,"minecraft:oak_fence_gate":1,"minecraft:wooden_axe":41,"minecraft:red_tulip":1,"minecraft:iron_axe":121,"minecraft:oak_stairs":56,"minecraft:iron_boots":1,"minecraft:smooth_basalt":1,"minecraft:diamond_chestplate":1,"minecraft:basalt":12,"minecraft:glowstone":15,"minecraft:acacia_planks":3,"minecraft:cobbled_deepslate":105,"minecraft:pumpkin":3,"minecraft:wheat_seeds":179,"minecraft:cooked_mutton":4,"minecraft:acacia_boat":2,"minecraft:water_bucket":10,"minecraft:salmon":7,"minecraft:rail":2,"minecraft:crafting_table":15,"minecraft:campfire":1,"minecraft:cod":4,"minecraft:white_bed":4,"minecraft:diamond_pickaxe":1545,"minecraft:sunflower":1,"minecraft:chicken":1,"minecraft:iron_pickaxe":2119,"minecraft:golden_leggings":2,"minecraft:stone_axe":234,"minecraft:fishing_rod":11,"minecraft:cobblestone":228,"minecraft:porkchop":5,"minecraft:bucket":13,"minecraft:diamond_leggings":1},"minecraft:crafted":{"minecraft:oak_planks":600,"minecraft:oak_sign":3,"minecraft:cooked_chicken":6,"minecraft:stone":33,"minecraft:cooked_mutton":16,"minecraft:diamond_helmet":3,"minecraft:bow":1,"minecraft:diamond_leggings":3,"minecraft:iron_boots":2,"minecraft:chest":14,"minecraft:dried_kelp_block":11,"minecraft:stone_hoe":1,"minecraft:oak_fence":78,"minecraft:cooked_porkchop":3,"minecraft:diamond_axe":4,"minecraft:crafting_table":9,"minecraft:wooden_pickaxe":4,"minecraft:iron_helmet":1,"minecraft:smithing_table":1,"betterend:ender_block":4,"minecraft:copper_ingot":15,"minecraft:gold_block":5,"minecraft:campfire":1,"minecraft:spectral_arrow":2,"minecraft:iron_chestplate":2,"minecraft:charcoal":8,"minecraft:diamond_pickaxe":4,"minecraft:shield":5,"minecraft:stick":388,"minecraft:iron_ingot":122,"minecraft:iron_pickaxe":10,"minecraft:stone_sword":3,"minecraft:gold_ingot":76,"minecraft:netherite_ingot":2,"minecraft:oak_door":9,"minecraft:stone_shovel":27,"minecraft:fishing_rod":1,"betterend:diamond_hammer":1,"minecraft:spyglass":2,"minecraft:diamond_hoe":2,"minecraft:furnace":7,"minecraft:bone_meal":45,"minecraft:diamond_block":15,"minecraft:flint_and_steel":1,"minecraft:diamond":72,"minecraft:iron_axe":5,"minecraft:ladder":9,"minecraft:ender_pearl":12,"minecraft:stone_pickaxe":25,"minecraft:diamond_boots":3,"minecraft:netherite_scrap":8,"minecraft:cooked_cod":15,"minecraft:diamond_sword":3,"minecraft:dried_kelp":105,"minecraft:iron_sword":7,"minecraft:cooked_salmon":64,"minecraft:bucket":4,"minecraft:stone_axe":5,"minecraft:glowstone":18,"minecraft:air":0,"minecraft:acacia_boat":3,"minecraft:bread":31,"minecraft:oak_fence_gate":1,"betternether:obsidian_tile":4,"minecraft:wooden_axe":1,"minecraft:oak_stairs":96,"minecraft:iron_leggings":1,"minecraft:white_bed":2,"minecraft:acacia_planks":60,"minecraft:torch":368,"minecraft:diamond_chestplate":3},"minecraft:killed":{"minecraft:cave_spider":1,"minecraft:spider":12,"minecraft:cod":15,"betternether:firefly":1,"minecraft:skeleton":20,"minecraft:chicken":10,"minecraft:magma_cube":4,"minecraft:piglin":1,"minecraft:pig":8,"minecraft:zombie_villager":3,"minecraft:salmon":86,"minecraft:creeper":4,"minecraft:sheep":20,"minecraft:pillager":3,"minecraft:zombie":94,"minecraft:cow":1,"minecraft:bat":1,"minecraft:player":5,"minecraft:enderman":15},"minecraft:mined":{"minecraft:white_bed":3,"minecraft:attached_melon_stem":4,"minecraft:oak_sapling":1,"minecraft:farmland":10,"minecraft:jungle_leaves":5,"minecraft:obsidian":27,"minecraft:granite":82,"minecraft:budding_amethyst":3,"minecraft:chiseled_polished_blackstone":4,"minecraft:acacia_log":15,"minecraft:grass_block":274,"minecraft:jungle_log":8,"minecraft:cracked_polished_blackstone_bricks":5,"minecraft:composter":1,"minecraft:gilded_blackstone":1,"minecraft:polished_blackstone_bricks":8,"minecraft:tall_seagrass":19,"minecraft:magma_block":19,"minecraft:glowstone":25,"minecraft:iron_ore":171,"minecraft:cobbled_deepslate":12,"minecraft:fire":4,"minecraft:pumpkin":14,"minecraft:deepslate_lapis_ore":22,"minecraft:azure_bluet":5,"minecraft:red_tulip":4,"minecraft:oak_stairs":13,"minecraft:player_head":1,"minecraft:deepslate_redstone_ore":48,"minecraft:blackstone":80,"minecraft:kelp_plant":26,"minecraft:soul_fire":4,"minecraft:amethyst_cluster":31,"minecraft:torch":23,"minecraft:calcite":8,"minecraft:melon":28,"minecraft:chest":16,"minecraft:smooth_quartz_slab":2,"minecraft:nether_quartz_ore":61,"minecraft:cobblestone":52,"minecraft:oak_planks":18,"minecraft:wall_torch":34,"minecraft:amethyst_block":31,"minecraft:seagrass":16,"minecraft:wheat":248,"minecraft:orange_tulip":2,"minecraft:grass":365,"minecraft:oak_log":169,"minecraft:sand":2,"minecraft:dirt":1090,"minecraft:smooth_basalt":7,"minecraft:stonecutter":1,"minecraft:ancient_debris":16,"minecraft:netherrack":595,"minecraft:oak_leaves":120,"minecraft:deepslate":1230,"minecraft:nether_gold_ore":17,"minecraft:diamond_ore":4,"minecraft:tuff":121,"minecraft:deepslate_diamond_ore":201,"minecraft:oak_door":1,"minecraft:glow_lichen":1,"minecraft:ladder":1,"minecraft:kelp":12,"minecraft:cartography_table":1,"minecraft:redstone_ore":8,"minecraft:furnace":7,"minecraft:acacia_wood":2,"minecraft:andesite":113,"minecraft:peony":1,"minecraft:gold_block":3,"minecraft:vine":3,"minecraft:deepslate_iron_ore":29,"minecraft:rail":1,"minecraft:lantern":1,"minecraft:stone":1056,"minecraft:bone_block":27,"minecraft:smithing_table":1,"minecraft:acacia_leaves":1,"minecraft:glass_pane":1,"minecraft:soul_sand":3,"betterend:ender_block":1,"minecraft:basalt":13,"betternether:obsidian_tile":4,"minecraft:oak_fence":9,"minecraft:crafting_table":13,"minecraft:rose_bush":1,"minecraft:tall_grass":25,"minecraft:copper_ore":26,"minecraft:deepslate_gold_ore":72,"minecraft:lapis_ore":14,"minecraft:diorite":77,"minecraft:birch_leaves":4,"minecraft:bee_nest":1,"minecraft:coal_ore":323,"minecraft:sunflower":1,"minecraft:gravel":42,"minecraft:cobweb":4,"minecraft:acacia_planks":13,"minecraft:gold_ore":2,"minecraft:fern":15},"minecraft:custom":{"minecraft:interact_with_crafting_table":176,"minecraft:leave_game":30,"minecraft:time_since_death":16080,"minecraft:sprint_one_cm":2876236,"minecraft:damage_blocked_by_shield":3735,"minecraft:drop":68,"minecraft:talked_to_villager":5,"minecraft:play_time":1217928,"minecraft:deaths":154,"minecraft:jump":15632,"minecraft:walk_on_water_one_cm":128668,"minecraft:interact_with_furnace":298,"minecraft:interact_with_cartography_table":3,"minecraft:sleep_in_bed":13,"minecraft:open_enderchest":2,"minecraft:damage_dealt":44239,"minecraft:player_kills":5,"minecraft:crouch_one_cm":57191,"minecraft:interact_with_smithing_table":2,"minecraft:mob_kills":307,"minecraft:climb_one_cm":49305,"minecraft:walk_one_cm":2294860,"minecraft:sneak_time":32780,"minecraft:walk_under_water_one_cm":120259,"minecraft:boat_one_cm":296413,"minecraft:total_world_time":1217928,"minecraft:time_since_rest":12831,"minecraft:damage_taken":43252,"minecraft:swim_one_cm":352995,"minecraft:fly_one_cm":2729517,"minecraft:open_chest":593,"minecraft:aviate_one_cm":42162,"minecraft:fish_caught":4,"minecraft:fall_one_cm":539118},"minecraft:dropped":{"minecraft:acacia_boat":1,"minecraft:soul_sand":3,"minecraft:dirt":331,"minecraft:gold_nugget":1,"minecraft:iron_pickaxe":1,"minecraft:gravel":16,"minecraft:stone_axe":1,"minecraft:rotten_flesh":3,"minecraft:oak_planks":1,"minecraft:netherrack":128,"minecraft:water_bucket":2,"minecraft:wheat_seeds":2,"minecraft:cobblestone":12,"minecraft:granite":1,"minecraft:diorite":2,"minecraft:torch":8,"minecraft:bucket":1,"minecraft:smooth_basalt":6,"minecraft:player_head":3,"minecraft:stone_sword":1,"minecraft:stone_shovel":11,"minecraft:oak_sapling":4,"minecraft:stone_pickaxe":14,"minecraft:calcite":72},"minecraft:killed_by":{"minecraft:ghast":1,"minecraft:zombified_piglin":1,"minecraft:creeper":16,"minecraft:pillager":4,"minecraft:cave_spider":4,"minecraft:zombie":32,"minecraft:player":8,"minecraft:spider":4,"minecraft:enderman":3,"minecraft:skeleton":68},"minecraft:picked_up":{"minecraft:wooden_axe":1,"minecraft:iron_chestplate":3,"minecraft:wheat":193,"minecraft:smithing_table":1,"minecraft:diamond_sword":10,"minecraft:oak_stairs":385,"minecraft:enchanted_book":16,"minecraft:gilded_blackstone":1,"minecraft:amethyst_block":139,"minecraft:string":62,"minecraft:raw_copper":172,"minecraft:cooked_salmon":96,"minecraft:iron_leggings":3,"minecraft:netherite_ingot":2,"minecraft:oak_sign":8,"minecraft:diamond_leggings":1,"minecraft:gold_nugget":73,"minecraft:cobbled_deepslate":3227,"minecraft:bucket":1,"minecraft:calcite":135,"minecraft:iron_pickaxe":25,"minecraft:melon_slice":170,"minecraft:iron_boots":6,"minecraft:furnace":9,"minecraft:golden_helmet":2,"minecraft:stick":184,"minecraft:composter":3,"minecraft:oak_fence":157,"minecraft:torch":2135,"minecraft:acacia_log":15,"minecraft:porkchop":22,"minecraft:dried_kelp":8,"minecraft:diorite":234,"minecraft:golden_chestplate":9,"minecraft:stone_sword":29,"minecraft:rotten_flesh":343,"minecraft:tropical_fish":1,"minecraft:red_tulip":3,"minecraft:glowstone":9,"minecraft:obsidian":94,"minecraft:cod":19,"minecraft:cobblestone":2223,"minecraft:magma_block":47,"minecraft:leather_chestplate":7,"minecraft:feather":15,"minecraft:cherry_planks":31,"minecraft:andesite":140,"minecraft:water_bucket":8,"minecraft:jungle_log":8,"minecraft:golden_leggings":17,"minecraft:potato":5,"minecraft:flint":17,"minecraft:tuff":143,"minecraft:acacia_boat":1,"minecraft:lapis_lazuli":909,"minecraft:dirt":2764,"minecraft:lantern":1,"minecraft:name_tag":10,"minecraft:bone":72,"minecraft:acacia_planks":19,"minecraft:stonecutter":1,"minecraft:bow":10,"minecraft:orange_tulip":2,"minecraft:wheat_seeds":639,"minecraft:raw_gold":138,"minecraft:diamond_helmet":1,"minecraft:glowstone_dust":78,"minecraft:stone_hoe":6,"minecraft:oak_planks":316,"minecraft:chiseled_polished_blackstone":12,"minecraft:cooked_porkchop":10,"minecraft:sand":4,"minecraft:grass_block":6,"minecraft:diamond_block":12,"minecraft:spectral_arrow":2,"minecraft:iron_hoe":1,"minecraft:diamond":385,"minecraft:cracked_polished_blackstone_bricks":5,"minecraft:crossbow":7,"minecraft:granite":176,"minecraft:bone_meal":6,"minecraft:golden_apple":1,"minecraft:bread":23,"minecraft:oak_sapling":72,"minecraft:netherrack":1496,"minecraft:diamond_pickaxe":19,"minecraft:cocoa_beans":24,"minecraft:charcoal":16,"minecraft:crafting_table":15,"minecraft:azure_bluet":2,"minecraft:chicken":9,"minecraft:ladder":17,"minecraft:chest_minecart":9,"minecraft:wooden_pickaxe":8,"minecraft:gold_block":13,"minecraft:shield":21,"minecraft:iron_axe":17,"minecraft:flint_and_steel":2,"minecraft:iron_shovel":6,"minecraft:blackstone":289,"minecraft:cartography_table":1,"minecraft:beef":3,"minecraft:player_head":48,"minecraft:light_gray_wool":1,"minecraft:chest":26,"minecraft:diamond_hoe":3,"minecraft:egg":10,"minecraft:raw_iron":1061,"minecraft:sandstone":15,"minecraft:stone":4,"betternether:obsidian_tile":4,"minecraft:oak_door":10,"minecraft:copper_ingot":17,"minecraft:polished_blackstone_bricks":32,"origins:orb_of_origin":2,"minecraft:redstone":982,"minecraft:stone_shovel":22,"minecraft:arrow":172,"minecraft:diamond_chestplate":1,"minecraft:peony":1,"minecraft:shears":1,"minecraft:diamond_boots":1,"minecraft:gold_ingot":76,"minecraft:glow_berries":110,"minecraft:mutton":26,"minecraft:bone_block":26,"minecraft:rail":148,"minecraft:white_wool":16,"minecraft:clock":1,"minecraft:basalt":12,"minecraft:glow_ink_sac":5,"minecraft:salmon":135,"minecraft:leather":2,"minecraft:acacia_wood":2,"minecraft:oak_log":175,"minecraft:ancient_debris":24,"minecraft:golden_boots":4,"minecraft:gunpowder":17,"minecraft:white_banner":3,"minecraft:cooked_mutton":16,"minecraft:apple":4,"minecraft:kelp":212,"minecraft:iron_ingot":50,"minecraft:stone_pickaxe":52,"minecraft:cooked_chicken":8,"minecraft:iron_sword":45,"minecraft:acacia_sapling":1,"minecraft:soul_sand":13,"minecraft:smooth_basalt":31,"minecraft:pumpkin":43,"minecraft:quartz":67,"minecraft:spyglass":6,"minecraft:gravel":192,"minecraft:amethyst_shard":490,"betterend:ender_block":1,"minecraft:white_bed":3,"minecraft:spider_eye":24,"minecraft:leather_helmet":1,"minecraft:dried_kelp_block":19,"minecraft:stone_axe":37,"minecraft:diamond_axe":3,"minecraft:cherry_sapling":14,"minecraft:gray_wool":3,"minecraft:baked_potato":11,"minecraft:black_wool":11,"minecraft:melon_seeds":8,"minecraft:smooth_quartz_slab":1,"minecraft:coal":1215,"minecraft:ender_pearl":8,"minecraft:sunflower":1},"minecraft:broken":{"minecraft:golden_helmet":1,"minecraft:golden_leggings":2,"minecraft:stone_pickaxe":6,"minecraft:stone_shovel":5,"minecraft:golden_chestplate":1,"minecraft:leather_helmet":1,"minecraft:stone_sword":1,"minecraft:iron_pickaxe":6}},"DataVersion":3465}