{
    "processors": [
        {
            "processor_type": "rule",
            "rules": [
                {
                    "input_predicate": {
                        "predicate_type": "random_block_match",
                        "block": "minecraft:cobbled_deepslate",
                        "probability": 0.04
                    },
                    "output_state": {
                        "Name": "minecraft:deepslate_coal_ore"
                    },
                    "location_predicate": {
                        "predicate_type": "always_true"
                    }
                },
                {
                    "input_predicate": {
                        "predicate_type": "random_block_match",
                        "block": "minecraft:cobbled_deepslate",
                        "probability": 0.02
                    },
                    "output_state": {
                        "Name": "minecraft:deepslate_iron_ore"
                    },
                    "location_predicate": {
                        "predicate_type": "always_true"
                    }
                },
                {
                    "input_predicate": {
                        "predicate_type": "random_block_match",
                        "block": "minecraft:cobbled_deepslate",
                        "probability": 0.07
                    },
                    "output_state": {
                        "Name": "minecraft:deepslate"
                    },
                    "location_predicate": {
                        "predicate_type": "always_true"
                    }
                },
                {
                    "input_predicate": {
                        "predicate_type": "random_block_match",
                        "block": "minecraft:cobbled_deepslate",
                        "probability": 0.05
                    },
                    "output_state": {
                        "Name": "minecraft:polished_deepslate"
                    },
                    "location_predicate": {
                        "predicate_type": "always_true"
                    }
                }
            ]
        }
    ]
}