{"stats":{"minecraft:used":{"minecraft:iron_shovel":8,"minecraft:flint_and_steel":1,"minecraft:spruce_slab":57,"minecraft:stone_shovel":53,"minecraft:polished_blackstone":104,"minecraft:chest":6,"minecraft:spruce_planks":30,"minecraft:stone":36,"minecraft:iron_sword":112,"minecraft:stone_hoe":3,"minecraft:torch":54,"minecraft:brewing_stand":1,"minecraft:dirt":1,"minecraft:carrot":129,"minecraft:snowball":48,"minecraft:stripped_spruce_log":1,"minecraft:sea_lantern":3,"minecraft:lava_bucket":25,"minecraft:iron_axe":2301,"minecraft:iron_helmet":1,"minecraft:repeater":3,"minecraft:basalt":287,"minecraft:sweet_berries":50,"minecraft:cooked_cod":82,"minecraft:potato":8,"minecraft:wheat_seeds":9,"minecraft:chiseled_polished_blackstone":1,"minecraft:water_bucket":121,"minecraft:leather_leggings":3,"minecraft:snow_block":55,"minecraft:prismarine_stairs":29,"minecraft:prismarine":31,"minecraft:birch_boat":6,"minecraft:leather_chestplate":3,"minecraft:sugar_cane":12,"minecraft:blue_bed":7,"minecraft:spruce_sign":4,"minecraft:leather_boots":3,"minecraft:crafting_table":3,"minecraft:cod":87,"minecraft:spruce_log":340,"minecraft:firework_rocket":12,"minecraft:iron_pickaxe":777,"minecraft:bread":4,"minecraft:leather_helmet":3,"minecraft:stone_slab":1135,"minecraft:spruce_trapdoor":2,"minecraft:spruce_sapling":33,"minecraft:cobblestone":43,"minecraft:chainmail_boots":5,"minecraft:bucket":146,"minecraft:smooth_stone_slab":20,"minecraft:bone_meal":192},"minecraft:broken":{"minecraft:leather_helmet":1,"minecraft:iron_axe":9,"minecraft:leather_boots":1,"minecraft:iron_pickaxe":1},"minecraft:dropped":{"minecraft:enchanted_book":1,"minecraft:stone_hoe":1,"minecraft:iron_ingot":2,"minecraft:iron_sword":2,"minecraft:polished_blackstone":71,"minecraft:prismarine_shard":88,"minecraft:cobblestone":39,"minecraft:prismarine_crystals":28,"minecraft:cod":63,"minecraft:stick":1,"minecraft:dirt":76,"minecraft:torch":6,"minecraft:cooked_cod":1,"minecraft:bone_meal":4,"minecraft:iron_pickaxe":3,"minecraft:iron_shovel":1,"minecraft:spruce_sapling":1,"minecraft:blackstone":65,"minecraft:player_head":8,"minecraft:stone_slab":1,"minecraft:carrot":1,"minecraft:prismarine_stairs":35,"minecraft:stone":17,"minecraft:spruce_planks":1,"minecraft:ladder":6,"minecraft:spruce_log":912,"minecraft:spruce_slab":9,"minecraft:basalt":521,"minecraft:prismarine_bricks":46},"minecraft:killed":{"minecraft:guardian":1547},"minecraft:picked_up":{"minecraft:prismarine_stairs":154,"minecraft:crafting_table":5,"minecraft:iron_chestplate":2,"minecraft:wheat":3,"minecraft:azure_bluet":1,"minecraft:chainmail_boots":3,"minecraft:ladder":3,"minecraft:prismarine_shard":464,"minecraft:leather_leggings":4,"minecraft:stone_slab":46,"minecraft:brewing_stand":1,"minecraft:cornflower":2,"minecraft:iron_axe":12,"minecraft:iron_leggings":1,"minecraft:armor_stand":2,"minecraft:blackstone":309,"minecraft:bucket":1,"minecraft:spruce_planks":80,"minecraft:white_tulip":6,"minecraft:player_head":12,"minecraft:iron_pickaxe":9,"minecraft:spruce_slab":111,"minecraft:sugar_cane":71,"minecraft:chest":2,"minecraft:spruce_trapdoor":2,"minecraft:iron_boots":1,"minecraft:stick":36,"minecraft:stone":438,"minecraft:torch":16,"minecraft:snow_block":15,"minecraft:carrot":279,"minecraft:prismarine_crystals":286,"minecraft:stone_sword":1,"minecraft:stone_shovel":2,"minecraft:rotten_flesh":4,"minecraft:cooked_cod":205,"minecraft:pink_tulip":3,"minecraft:polished_blackstone":146,"minecraft:cod":439,"minecraft:snowball":650,"minecraft:cobblestone":309,"minecraft:emerald_ore":1,"minecraft:birch_log":10,"minecraft:leather_chestplate":4,"minecraft:basalt":1572,"minecraft:repeater":3,"minecraft:water_bucket":8,"minecraft:salmon":3,"minecraft:leather":2,"minecraft:flint":1,"minecraft:prismarine_bricks":28,"minecraft:gunpowder":64,"minecraft:paper":10,"minecraft:lapis_lazuli":40,"minecraft:dirt":86,"minecraft:blue_bed":7,"minecraft:leather_boots":4,"minecraft:bone":1,"minecraft:kelp":29,"minecraft:wheat_seeds":10,"minecraft:orange_tulip":1,"minecraft:iron_ingot":22,"minecraft:prismarine":1,"minecraft:stone_hoe":1,"minecraft:iron_sword":2,"minecraft:book":4,"minecraft:birch_boat":6,"minecraft:pumpkin":1,"minecraft:sweet_berries":92,"minecraft:dripstone_block":3,"minecraft:stripped_spruce_log":1,"minecraft:spruce_sapling":71,"minecraft:white_bed":1,"minecraft:spruce_log":2467,"minecraft:leather_helmet":4,"minecraft:firework_rocket":40,"minecraft:purple_bed":1,"minecraft:iron_helmet":2,"minecraft:bone_meal":139,"minecraft:spruce_sign":1,"minecraft:netherrack":86},"minecraft:killed_by":{"minecraft:player":3,"minecraft:skeleton":1,"minecraft:guardian":1},"minecraft:crafted":{"minecraft:smooth_stone":10,"minecraft:smooth_stone_slab":20,"minecraft:leather_leggings":1,"minecraft:leather_boots":1,"minecraft:birch_boat":3,"minecraft:stone":55,"minecraft:bone_meal":192,"minecraft:pink_dye":3,"minecraft:glass":4,"minecraft:leather":1,"minecraft:iron_axe":7,"minecraft:ladder":3,"minecraft:spruce_slab":6,"minecraft:chest":4,"minecraft:sea_lantern":16,"minecraft:sugar":1,"minecraft:red_dye":2,"minecraft:cooked_cod":87,"minecraft:spruce_sign":3,"minecraft:crafting_table":3,"minecraft:spruce_planks":64,"minecraft:iron_sword":1,"minecraft:prismarine_bricks":28,"minecraft:leather_helmet":1,"minecraft:chiseled_polished_blackstone":1,"minecraft:bucket":1,"minecraft:birch_planks":40,"minecraft:orange_dye":1,"minecraft:bread":1,"minecraft:air":0,"minecraft:blue_dye":2,"minecraft:white_wool":64,"minecraft:book":4,"minecraft:paper":57,"minecraft:charcoal":17,"minecraft:purple_dye":4,"minecraft:stick":4,"minecraft:stone_slab":1200,"minecraft:leather_chestplate":1,"minecraft:iron_pickaxe":6,"minecraft:iron_block":4,"minecraft:snow_block":130,"minecraft:iron_shovel":1,"minecraft:light_gray_dye":7,"minecraft:torch":68,"minecraft:firework_rocket":117},"minecraft:mined":{"minecraft:spruce_planks":20,"minecraft:white_bed":1,"minecraft:brewing_stand":1,"minecraft:spruce_trapdoor":1,"minecraft:grass_block":65,"minecraft:spruce_leaves":28,"minecraft:spruce_sapling":2,"minecraft:carrots":22,"minecraft:snow":9,"minecraft:stripped_spruce_log":1,"minecraft:pumpkin":1,"minecraft:azure_bluet":1,"minecraft:pink_tulip":3,"minecraft:white_tulip":6,"minecraft:stone":158,"minecraft:spruce_slab":45,"minecraft:blackstone":129,"minecraft:player_wall_head":2,"minecraft:snow_block":45,"minecraft:basalt":294,"minecraft:powder_snow":134,"minecraft:cornflower":2,"minecraft:crafting_table":4,"minecraft:torch":2,"minecraft:emerald_ore":2,"minecraft:chest":2,"minecraft:spruce_wall_sign":1,"minecraft:stone_slab":127,"minecraft:tall_grass":3,"minecraft:cobblestone":8,"minecraft:prismarine":1,"minecraft:sugar_cane":26,"minecraft:blue_bed":7,"minecraft:purple_bed":1,"minecraft:repeater":3,"minecraft:sweet_berry_bush":35,"minecraft:birch_log":10,"minecraft:wheat":4,"minecraft:ice":10,"minecraft:spruce_log":19,"minecraft:birch_leaves":6,"minecraft:orange_tulip":1,"minecraft:grass":2,"minecraft:dripstone_block":3,"minecraft:dirt":19,"minecraft:prismarine_stairs":1,"minecraft:polished_blackstone":11,"minecraft:netherrack":32,"minecraft:oak_leaves":27,"minecraft:fern":2},"minecraft:custom":{"minecraft:interact_with_anvil":5,"minecraft:mob_kills":1548,"minecraft:inspect_hopper":10,"minecraft:interact_with_crafting_table":106,"minecraft:open_barrel":39,"minecraft:leave_game":84,"minecraft:time_since_death":127534,"minecraft:climb_one_cm":107016,"minecraft:sprint_one_cm":2033577,"minecraft:walk_one_cm":1054311,"minecraft:drop":916,"minecraft:talked_to_villager":10,"minecraft:play_time":991146,"minecraft:deaths":31,"minecraft:sneak_time":90628,"minecraft:walk_under_water_one_cm":612409,"minecraft:boat_one_cm":1005665,"minecraft:jump":9055,"minecraft:interact_with_brewingstand":2,"minecraft:walk_on_water_one_cm":167585,"minecraft:enchant_item":6,"minecraft:total_world_time":991146,"minecraft:interact_with_furnace":46,"minecraft:interact_with_stonecutter":18,"minecraft:interact_with_grindstone":3,"minecraft:sleep_in_bed":31,"minecraft:time_since_rest":90736,"minecraft:damage_taken":21675,"minecraft:open_enderchest":15,"minecraft:damage_dealt":2798,"minecraft:swim_one_cm":459913,"minecraft:fly_one_cm":1363305,"minecraft:open_chest":516,"minecraft:crouch_one_cm":171313,"minecraft:aviate_one_cm":1588961,"minecraft:interact_with_smoker":1,"minecraft:fall_one_cm":227623}},"DataVersion":3120}