{"stats":{"minecraft:used":{"minecraft:ladder":33,"minecraft:poppy":1,"minecraft:chest":36,"minecraft:shield":170,"minecraft:iron_sword":124,"minecraft:player_head":3,"minecraft:rotten_flesh":2,"minecraft:spruce_leaves":4,"minecraft:iron_chestplate":2,"minecraft:mutton":10,"minecraft:stripped_spruce_log":3,"minecraft:spruce_boat":44,"minecraft:glass":3,"minecraft:lava_bucket":8,"minecraft:lantern":2,"minecraft:iron_helmet":2,"minecraft:raw_gold_block":1,"minecraft:stone_bricks":33,"minecraft:item_frame":1,"minecraft:bow":18,"minecraft:dark_oak_boat":5,"minecraft:sweet_berries":226,"minecraft:furnace":11,"minecraft:cooked_cod":32,"minecraft:gold_block":1,"minecraft:diorite":28,"minecraft:spruce_door":5,"minecraft:oak_planks":37,"minecraft:stone_pickaxe":1853,"minecraft:wooden_pickaxe":45,"minecraft:sugar_cane":28,"minecraft:blue_bed":24,"minecraft:diamond_axe":969,"minecraft:white_wool":24,"minecraft:sand":5,"minecraft:note_block":2,"minecraft:shears":129,"minecraft:bread":22,"minecraft:gravel":20,"minecraft:nether_wart_block":2,"minecraft:diamond_sword":1093,"minecraft:grindstone":1,"minecraft:oak_boat":12,"minecraft:coarse_dirt":2,"minecraft:bone_meal":1,"minecraft:enchanting_table":3,"minecraft:stone_sword":280,"minecraft:flint_and_steel":63,"minecraft:armor_stand":7,"minecraft:spruce_planks":21,"minecraft:stone_hoe":90,"minecraft:netherrack":803,"minecraft:torch":215,"minecraft:dirt":668,"minecraft:white_carpet":2,"minecraft:spruce_stairs":7,"minecraft:golden_chestplate":2,"minecraft:granite":59,"minecraft:spruce_fence":53,"minecraft:bookshelf":11,"minecraft:filled_map":1,"minecraft:iron_axe":26,"minecraft:iron_boots":3,"minecraft:light_gray_wool":32,"minecraft:beef":25,"minecraft:cooked_beef":4,"minecraft:cobbled_deepslate":213,"minecraft:iron_leggings":4,"minecraft:wheat_seeds":76,"minecraft:cooked_mutton":5,"minecraft:water_bucket":101,"minecraft:cobblestone_stairs":59,"minecraft:cartography_table":3,"minecraft:birch_boat":9,"minecraft:spruce_sign":6,"minecraft:cobblestone_slab":11,"minecraft:stonecutter":2,"minecraft:crafting_table":40,"minecraft:white_bed":7,"minecraft:spruce_log":355,"minecraft:diamond_pickaxe":4742,"minecraft:diamond_shovel":1291,"minecraft:iron_pickaxe":506,"minecraft:map":8,"minecraft:spruce_trapdoor":23,"minecraft:stone_axe":145,"minecraft:cobblestone":642,"minecraft:white_banner":1,"minecraft:porkchop":33,"minecraft:cooked_porkchop":7,"minecraft:bucket":111,"minecraft:gray_wool":27,"minecraft:jukebox":2},"minecraft:killed":{"minecraft:spider":10,"minecraft:skeleton":12,"minecraft:chicken":4,"minecraft:silverfish":7,"minecraft:pig":24,"minecraft:zombie_villager":1,"minecraft:creeper":3,"minecraft:sheep":33,"minecraft:zombie":28,"minecraft:ghast":1,"minecraft:cow":45,"minecraft:rabbit":1,"minecraft:hoglin":2,"minecraft:player":2},"minecraft:dropped":{"minecraft:moss_block":10,"minecraft:birch_planks":4,"minecraft:lapis_lazuli":2,"minecraft:cooked_beef":1,"minecraft:leather":2,"minecraft:flint":6,"minecraft:dirt":81,"minecraft:dark_oak_planks":30,"minecraft:dark_oak_boat":1,"minecraft:white_wool":2,"minecraft:gravel":25,"minecraft:compass":1,"minecraft:sugar_cane":26,"minecraft:cobbled_deepslate":207,"minecraft:wheat":2,"minecraft:rotten_flesh":4,"minecraft:arrow":4,"minecraft:quartz":2,"minecraft:egg":4,"minecraft:golden_boots":2,"minecraft:bread":3,"minecraft:wheat_seeds":28,"minecraft:clock":2,"minecraft:iron_helmet":1,"minecraft:cobblestone":968,"minecraft:granite":71,"minecraft:deepslate_brick_stairs":1,"minecraft:diorite":48,"minecraft:torch":3,"minecraft:map":10,"minecraft:fire_charge":1,"minecraft:pumpkin":3,"minecraft:flowering_azalea":2,"minecraft:paper":64,"minecraft:lily_pad":10,"minecraft:acacia_planks":104,"minecraft:spruce_sapling":5,"minecraft:moss_carpet":6,"minecraft:stone_sword":1,"minecraft:raw_copper":158,"minecraft:filled_map":2,"minecraft:spruce_boat":1,"minecraft:stone":3,"minecraft:spruce_trapdoor":3,"minecraft:spruce_planks":56,"minecraft:diamond_pickaxe":1,"minecraft:andesite":136,"minecraft:golden_sword":1,"minecraft:spruce_log":116,"minecraft:stone_pickaxe":1,"minecraft:wooden_pickaxe":1},"minecraft:broken":{"minecraft:stone_pickaxe":8,"minecraft:stone_axe":1,"minecraft:stone_sword":1,"minecraft:shield":1,"minecraft:iron_pickaxe":1},"minecraft:custom":{"minecraft:animals_bred":15,"minecraft:interact_with_crafting_table":165,"minecraft:leave_game":59,"minecraft:time_since_death":862459,"minecraft:sprint_one_cm":4312912,"minecraft:damage_blocked_by_shield":4590,"minecraft:drop":140,"minecraft:play_noteblock":2,"minecraft:talked_to_villager":2,"minecraft:play_time":1288256,"minecraft:deaths":17,"minecraft:jump":21496,"minecraft:walk_on_water_one_cm":142406,"minecraft:enchant_item":8,"minecraft:interact_with_furnace":111,"minecraft:interact_with_cartography_table":12,"minecraft:sleep_in_bed":66,"minecraft:damage_dealt":23811,"minecraft:player_kills":3,"minecraft:crouch_one_cm":242788,"minecraft:mob_kills":174,"minecraft:climb_one_cm":119865,"minecraft:walk_one_cm":2033346,"minecraft:sneak_time":104656,"minecraft:walk_under_water_one_cm":60751,"minecraft:boat_one_cm":2455020,"minecraft:total_world_time":1288256,"minecraft:tune_noteblock":274,"minecraft:interact_with_stonecutter":40,"minecraft:interact_with_grindstone":1,"minecraft:time_since_rest":8327,"minecraft:damage_taken":7546,"minecraft:swim_one_cm":313193,"minecraft:fly_one_cm":4850326,"minecraft:open_chest":483,"minecraft:fall_one_cm":448109},"minecraft:mined":{"minecraft:spruce_planks":15,"minecraft:stone_pressure_plate":1,"minecraft:white_bed":5,"minecraft:cobblestone_stairs":3,"minecraft:jungle_leaves":8,"minecraft:obsidian":8,"minecraft:spruce_trapdoor":11,"minecraft:cave_vines_plant":1,"minecraft:granite":284,"minecraft:red_sand":23,"minecraft:acacia_log":9,"minecraft:grass_block":574,"minecraft:soul_soil":36,"minecraft:magma_block":9,"minecraft:iron_ore":95,"minecraft:cobbled_deepslate":5,"minecraft:fire":67,"minecraft:pumpkin":30,"minecraft:moss_carpet":1,"minecraft:deepslate_lapis_ore":4,"minecraft:enchanting_table":2,"minecraft:pointed_dripstone":1,"minecraft:cave_vines":1,"minecraft:dirt_path":4,"minecraft:deepslate_brick_stairs":1,"minecraft:player_head":1,"minecraft:deepslate_redstone_ore":63,"minecraft:cut_sandstone":3,"minecraft:player_wall_head":2,"minecraft:crimson_nylium":8,"minecraft:soul_fire":5,"minecraft:orange_terracotta":6,"minecraft:clay":36,"minecraft:torch":88,"minecraft:note_block":2,"minecraft:calcite":5,"minecraft:poppy":4,"minecraft:chest":6,"minecraft:dead_bush":6,"minecraft:nether_quartz_ore":2,"minecraft:cobblestone":186,"minecraft:sugar_cane":217,"minecraft:oak_planks":37,"minecraft:wall_torch":34,"minecraft:amethyst_block":4,"minecraft:deepslate_copper_ore":4,"minecraft:seagrass":5,"minecraft:nether_wart_block":23,"minecraft:birch_log":66,"minecraft:wheat":80,"minecraft:lilac":1,"minecraft:jukebox":2,"minecraft:light_gray_wool":2,"minecraft:grass":233,"minecraft:oak_log":31,"minecraft:beetroots":1,"minecraft:sand":38,"minecraft:dirt":489,"minecraft:smooth_basalt":4,"minecraft:stonecutter":2,"minecraft:netherrack":832,"minecraft:oak_leaves":126,"minecraft:deepslate":729,"minecraft:diamond_ore":1,"minecraft:tuff":52,"minecraft:dark_oak_leaves":20,"minecraft:deepslate_diamond_ore":48,"minecraft:dark_oak_log":14,"minecraft:ladder":13,"minecraft:spruce_fence":43,"minecraft:spruce_leaves":270,"minecraft:moss_block":6,"minecraft:cartography_table":1,"minecraft:sandstone":39,"minecraft:large_fern":19,"minecraft:redstone_ore":9,"minecraft:furnace":8,"minecraft:carrots":4,"minecraft:chiseled_sandstone":1,"minecraft:andesite":186,"minecraft:stripped_spruce_log":11,"minecraft:gold_block":1,"minecraft:bookshelf":3,"minecraft:deepslate_iron_ore":9,"minecraft:shroomlight":1,"minecraft:cobblestone_slab":2,"minecraft:lantern":1,"minecraft:packed_ice":9,"minecraft:stone":3626,"minecraft:white_wool":8,"minecraft:acacia_leaves":1,"minecraft:flowering_azalea":1,"minecraft:soul_sand":11,"minecraft:lily_of_the_valley":3,"minecraft:dandelion":5,"minecraft:oak_fence":1,"minecraft:crafting_table":34,"minecraft:cornflower":1,"minecraft:rose_bush":21,"minecraft:copper_ore":71,"minecraft:tall_grass":37,"minecraft:deepslate_gold_ore":10,"minecraft:lapis_ore":31,"minecraft:lily_pad":3,"minecraft:diorite":159,"minecraft:blue_bed":23,"minecraft:spruce_stairs":3,"minecraft:gray_wool":10,"minecraft:birch_planks":32,"minecraft:coarse_dirt":2,"minecraft:sweet_berry_bush":109,"minecraft:spruce_log":635,"minecraft:birch_leaves":55,"minecraft:coal_ore":266,"minecraft:mycelium":3,"minecraft:gravel":129,"minecraft:dripstone_block":5,"minecraft:terracotta":7,"minecraft:stone_bricks":33,"minecraft:gold_ore":8,"minecraft:fern":33,"minecraft:infested_stone":8},"minecraft:picked_up":{"minecraft:iron_chestplate":6,"minecraft:wheat":75,"minecraft:lead":4,"minecraft:golden_sword":1,"minecraft:string":6,"minecraft:raw_copper":376,"minecraft:soul_soil":35,"minecraft:iron_leggings":6,"minecraft:armor_stand":6,"minecraft:shroomlight":1,"minecraft:cobbled_deepslate":594,"minecraft:spruce_planks":27,"minecraft:rose_bush":19,"minecraft:cobblestone_slab":3,"minecraft:furnace":10,"minecraft:stick":122,"minecraft:jukebox":2,"minecraft:oak_fence":1,"minecraft:torch":134,"minecraft:acacia_log":9,"minecraft:spruce_stairs":3,"minecraft:porkchop":52,"minecraft:pointed_dripstone":1,"minecraft:diorite":124,"minecraft:stone_sword":4,"minecraft:rotten_flesh":42,"minecraft:deepslate_brick_stairs":1,"minecraft:obsidian":18,"minecraft:cobblestone":3952,"minecraft:enchanting_table":2,"minecraft:birch_log":66,"minecraft:magma_block":9,"minecraft:feather":4,"minecraft:lilac":1,"minecraft:andesite":263,"minecraft:dark_oak_boat":6,"minecraft:flint":16,"minecraft:tuff":52,"minecraft:lantern":1,"minecraft:map":22,"minecraft:lapis_lazuli":235,"minecraft:dirt":1113,"minecraft:bone":19,"minecraft:acacia_planks":80,"minecraft:stonecutter":2,"minecraft:wheat_seeds":252,"minecraft:raw_gold":18,"minecraft:moss_block":15,"minecraft:oak_planks":127,"minecraft:sand":27,"minecraft:stripped_spruce_log":3,"minecraft:lily_of_the_valley":3,"minecraft:dark_oak_log":22,"minecraft:diamond":49,"minecraft:spruce_boat":42,"minecraft:granite":323,"minecraft:grass":3,"minecraft:spruce_sign":4,"minecraft:oak_sapling":1,"minecraft:netherrack":803,"minecraft:diamond_pickaxe":1,"minecraft:spruce_leaves":93,"minecraft:coarse_dirt":6,"minecraft:crafting_table":36,"minecraft:chicken":6,"minecraft:ladder":12,"minecraft:brown_mushroom":2,"minecraft:wooden_pickaxe":7,"minecraft:gold_block":1,"minecraft:shield":2,"minecraft:moss_carpet":6,"minecraft:compass":2,"minecraft:cartography_table":1,"minecraft:beef":89,"minecraft:oak_boat":12,"minecraft:player_head":10,"minecraft:poppy":4,"minecraft:light_gray_wool":34,"minecraft:chest":3,"minecraft:sugar_cane":352,"minecraft:birch_sapling":25,"minecraft:spruce_trapdoor":12,"minecraft:egg":7,"minecraft:raw_iron":107,"minecraft:stone":3,"minecraft:spruce_fence":8,"minecraft:note_block":1,"minecraft:fire_charge":1,"minecraft:carrot":4,"minecraft:redstone":301,"minecraft:dark_oak_planks":24,"minecraft:arrow":22,"minecraft:cooked_cod":32,"minecraft:mutton":38,"minecraft:white_wool":173,"minecraft:clock":2,"minecraft:glow_ink_sac":2,"minecraft:leather":36,"minecraft:filled_map":4,"minecraft:birch_planks":4,"minecraft:oak_log":31,"minecraft:lily_pad":21,"minecraft:golden_boots":8,"minecraft:nether_wart_block":23,"minecraft:gunpowder":1,"minecraft:cobblestone_stairs":3,"minecraft:blue_bed":23,"minecraft:paper":64,"minecraft:apple":1,"minecraft:stone_bricks":7,"minecraft:kelp":5,"minecraft:stone_pickaxe":2,"minecraft:flowering_azalea":3,"minecraft:acacia_sapling":5,"minecraft:soul_sand":5,"minecraft:book":9,"minecraft:birch_boat":9,"minecraft:pumpkin":31,"minecraft:sweet_berries":336,"minecraft:quartz":2,"minecraft:dandelion":4,"minecraft:dripstone_block":5,"minecraft:gravel":192,"minecraft:spruce_sapling":175,"minecraft:white_bed":5,"minecraft:spruce_log":749,"minecraft:spider_eye":2,"minecraft:stone_axe":2,"minecraft:iron_helmet":4,"minecraft:gray_wool":28,"minecraft:black_wool":1,"minecraft:coal":281},"minecraft:killed_by":{"minecraft:zombie":3,"minecraft:player":1,"minecraft:skeleton":4},"minecraft:crafted":{"minecraft:grindstone":1,"minecraft:oak_planks":124,"minecraft:smooth_stone":1,"minecraft:dark_oak_boat":1,"minecraft:birch_boat":1,"minecraft:cooked_chicken":1,"minecraft:stone":50,"minecraft:cobblestone_stairs":2,"minecraft:diamond_shovel":1,"minecraft:bookshelf":11,"minecraft:cooked_mutton":5,"minecraft:glass":6,"minecraft:bow":1,"minecraft:diamond_helmet":1,"minecraft:diamond_leggings":1,"minecraft:iron_boots":2,"minecraft:chest":34,"minecraft:stone_hoe":1,"minecraft:stone_bricks":1,"minecraft:white_banner":1,"minecraft:item_frame":1,"minecraft:cooked_porkchop":9,"minecraft:diamond_axe":1,"minecraft:crafting_table":13,"minecraft:spruce_planks":812,"minecraft:wooden_pickaxe":3,"minecraft:iron_helmet":3,"minecraft:raw_gold_block":1,"minecraft:spruce_door":6,"minecraft:birch_planks":44,"minecraft:cartography_table":2,"minecraft:spruce_trapdoor":24,"minecraft:iron_chestplate":2,"minecraft:book":28,"minecraft:paper":207,"minecraft:diamond_pickaxe":3,"minecraft:shield":4,"minecraft:stick":308,"minecraft:iron_ingot":98,"minecraft:iron_pickaxe":4,"minecraft:stone_sword":3,"minecraft:gold_ingot":1,"minecraft:shears":2,"minecraft:smooth_stone_slab":2,"minecraft:jukebox":1,"minecraft:furnace":3,"minecraft:bone_meal":15,"minecraft:spruce_fence":69,"minecraft:white_carpet":3,"minecraft:flint_and_steel":1,"minecraft:lantern":1,"minecraft:spruce_stairs":8,"minecraft:leather":12,"minecraft:iron_axe":1,"minecraft:ladder":33,"minecraft:stone_pickaxe":19,"minecraft:diamond_boots":1,"minecraft:spruce_boat":5,"minecraft:dark_oak_planks":56,"minecraft:cooked_beef":5,"minecraft:red_dye":38,"minecraft:diamond_sword":1,"minecraft:spruce_sign":30,"minecraft:enchanting_table":1,"minecraft:iron_sword":2,"minecraft:blue_bed":1,"minecraft:bucket":2,"minecraft:stone_axe":2,"minecraft:air":0,"minecraft:bread":15,"minecraft:blue_dye":1,"minecraft:oak_boat":1,"minecraft:iron_leggings":3,"minecraft:stonecutter":1,"minecraft:armor_stand":1,"minecraft:white_bed":4,"minecraft:note_block":1,"minecraft:acacia_planks":36,"minecraft:torch":156,"minecraft:diamond_chestplate":1}},"DataVersion":3120}