{"stats":{"minecraft:used":{"minecraft:peony":1,"minecraft:moss_block":20,"minecraft:dispenser":12,"minecraft:spruce_slab":3860,"minecraft:polished_blackstone":1188,"minecraft:poppy":11,"minecraft:ladder":41,"minecraft:chest":69,"minecraft:stone":1176,"minecraft:red_nether_brick_stairs":4,"minecraft:quartz_stairs":11,"minecraft:soul_sand":5,"minecraft:weathered_copper":1,"minecraft:snowball":202,"minecraft:azure_bluet":7,"minecraft:stripped_spruce_log":14,"minecraft:spruce_boat":1,"minecraft:lava_bucket":31,"minecraft:copper_ore":11,"minecraft:red_stained_glass_pane":84,"minecraft:sweet_berries":543,"minecraft:furnace":25,"minecraft:egg":2,"minecraft:emerald_ore":1,"minecraft:diorite":13,"minecraft:spruce_door":9,"minecraft:prismarine":12,"minecraft:blackstone_stairs":6,"minecraft:blackstone":37,"minecraft:wooden_pickaxe":21,"minecraft:composter":3,"minecraft:clay":1,"minecraft:smooth_quartz_stairs":18,"minecraft:deepslate_tiles":239,"minecraft:birch_slab":14,"minecraft:stone_sword":88,"minecraft:armor_stand":2,"minecraft:netherrack":158,"minecraft:orange_bed":7,"minecraft:torch":200,"minecraft:brewing_stand":4,"minecraft:anvil":2,"minecraft:wheat":1,"minecraft:polished_diorite":29,"minecraft:shroomlight":2,"minecraft:sea_lantern":225,"minecraft:flowering_azalea":1,"minecraft:chipped_anvil":2,"minecraft:iron_axe":4321,"minecraft:iron_block":1,"minecraft:prismarine_slab":20,"minecraft:barrel":12,"minecraft:basalt":2908,"minecraft:oxidized_copper":1,"minecraft:cobbled_deepslate":104,"minecraft:observer":11,"minecraft:pointed_dripstone":1,"minecraft:wheat_seeds":148,"minecraft:water_bucket":712,"minecraft:birch_planks":2,"minecraft:cauldron":4,"minecraft:polished_blackstone_bricks":29,"minecraft:comparator":3,"minecraft:crafting_table":19,"minecraft:oak_slab":6,"minecraft:red_bed":1,"minecraft:white_bed":27,"minecraft:cod":448,"minecraft:spruce_log":3077,"minecraft:oxeye_daisy":10,"minecraft:diamond_pickaxe":5728,"minecraft:cornflower":15,"minecraft:iron_pickaxe":4130,"minecraft:spruce_trapdoor":144,"minecraft:spruce_sapling":290,"minecraft:cobblestone":309,"minecraft:porkchop":4,"minecraft:cooked_porkchop":7,"minecraft:glass_pane":158,"minecraft:kelp":92,"minecraft:dandelion":66,"minecraft:moss_carpet":12,"minecraft:iron_shovel":329,"minecraft:bone_block":215,"minecraft:white_concrete_powder":9,"minecraft:iron_sword":456,"minecraft:nether_wart":5,"minecraft:player_head":25,"minecraft:soul_campfire":9,"minecraft:iron_chestplate":4,"minecraft:nether_bricks":2,"minecraft:carrot":860,"minecraft:tuff":38,"minecraft:obsidian":28,"minecraft:bricks":60,"minecraft:coal_ore":8,"minecraft:spruce_wood":20,"minecraft:lantern":4,"minecraft:stone_bricks":1,"minecraft:item_frame":27,"minecraft:golden_sword":19,"minecraft:repeater":59,"minecraft:magma_block":3,"minecraft:oxidized_cut_copper_stairs":8,"minecraft:polished_blackstone_stairs":3,"minecraft:golden_boots":1,"minecraft:chiseled_polished_blackstone":4,"minecraft:stone_pickaxe":705,"minecraft:birch_wood":2,"minecraft:prismarine_stairs":783,"minecraft:ender_pearl":2,"minecraft:sugar_cane":22,"minecraft:white_wool":8,"minecraft:stone_brick_wall":12,"minecraft:lever":3,"minecraft:dark_oak_log":5,"minecraft:string":1,"minecraft:deepslate":6,"minecraft:gravel":127,"minecraft:chain":1,"minecraft:smooth_stone_slab":278,"minecraft:white_concrete":6,"minecraft:coarse_dirt":12,"minecraft:bone_meal":236,"minecraft:azalea":3,"minecraft:oak_fence":5,"minecraft:flint_and_steel":4,"minecraft:stone_shovel":2101,"minecraft:redstone":6,"minecraft:spruce_planks":1743,"minecraft:ender_chest":3,"minecraft:stone_hoe":69,"minecraft:dirt":618,"minecraft:white_carpet":3,"minecraft:hopper":18,"minecraft:spruce_stairs":399,"minecraft:cobblestone_wall":11,"minecraft:spruce_fence":234,"minecraft:granite":56,"minecraft:polished_blackstone_brick_stairs":3,"minecraft:iron_boots":2,"minecraft:soul_soil":8,"minecraft:deepslate_tile_stairs":16,"minecraft:white_stained_glass_pane":4,"minecraft:cooked_beef":10,"minecraft:powder_snow_bucket":1,"minecraft:iron_leggings":7,"minecraft:cooked_mutton":11,"minecraft:iron_ore":3,"minecraft:amethyst_block":2,"minecraft:cobblestone_stairs":22,"minecraft:snow_block":165,"minecraft:glass_bottle":8,"minecraft:red_nether_bricks":2,"minecraft:copper_block":16,"minecraft:spruce_sign":23,"minecraft:stonecutter":6,"minecraft:cobblestone_slab":591,"minecraft:spider_eye":1,"minecraft:painting":39,"minecraft:smoker":1,"minecraft:dark_oak_door":7,"minecraft:flower_pot":5,"minecraft:cracked_polished_blackstone_bricks":2,"minecraft:chicken":2,"minecraft:stone_slab":2,"minecraft:stone_axe":1241,"minecraft:fishing_rod":3,"minecraft:crimson_fungus":1,"minecraft:bucket":761,"minecraft:yellow_bed":3,"minecraft:gray_wool":16,"minecraft:splash_potion":1,"minecraft:smooth_stone":11},"minecraft:broken":{"minecraft:golden_boots":1,"minecraft:golden_sword":1,"minecraft:iron_axe":16,"minecraft:iron_pickaxe":16,"minecraft:iron_shovel":1,"minecraft:stone_pickaxe":4,"minecraft:stone_axe":9,"minecraft:stone_shovel":16},"minecraft:dropped":{"minecraft:iron_sword":3,"minecraft:crafting_table":5,"minecraft:cut_copper_slab":1,"minecraft:leather_helmet":1,"minecraft:emerald":1,"minecraft:dirt":178,"minecraft:gold_nugget":1,"minecraft:iron_pickaxe":6,"minecraft:white_wool":1,"minecraft:bone":8,"minecraft:sugar_cane":12,"minecraft:cobbled_deepslate":96,"minecraft:wheat":1,"minecraft:obsidian":2,"minecraft:rotten_flesh":25,"minecraft:white_bed":3,"minecraft:red_stained_glass_pane":13,"minecraft:sea_lantern":1,"minecraft:deepslate_tiles":3,"minecraft:hopper":1,"minecraft:leather_boots":1,"minecraft:leather_leggings":1,"minecraft:spruce_slab":113,"minecraft:red_nether_bricks":1,"minecraft:enchanted_book":1,"minecraft:iron_ingot":35,"minecraft:wheat_seeds":3,"minecraft:tnt":4,"minecraft:polished_blackstone":92,"minecraft:prismarine_crystals":3,"minecraft:iron_helmet":1,"minecraft:cobblestone":56,"minecraft:deepslate_tile_slab":8,"minecraft:coal":7,"minecraft:potion":2,"minecraft:string":8,"minecraft:spruce_sapling":2,"minecraft:furnace":1,"minecraft:bricks":1,"minecraft:player_head":13,"minecraft:netherite_ingot":1,"minecraft:stone_sword":1,"minecraft:stone_shovel":2,"minecraft:iron_boots":3,"minecraft:spruce_fence":88,"minecraft:shears":2,"minecraft:stone":31,"minecraft:flower_pot":2,"minecraft:spruce_trapdoor":20,"minecraft:spruce_planks":1882,"minecraft:diamond_pickaxe":2,"minecraft:carved_pumpkin":1,"minecraft:spider_eye":6,"minecraft:spruce_sign":1,"minecraft:lantern":1,"minecraft:deepslate_tile_wall":3,"minecraft:leather":4,"minecraft:cod":108,"minecraft:flint":1,"minecraft:deepslate_tile_stairs":4,"minecraft:cooked_cod":56,"minecraft:snowball":19,"minecraft:blackstone":168,"minecraft:pointed_dripstone":3,"minecraft:carrot":199,"minecraft:leather_chestplate":1,"minecraft:gunpowder":8,"minecraft:chest":13,"minecraft:basalt":969,"minecraft:arrow":12,"minecraft:netherrack":37,"minecraft:stone_hoe":1,"minecraft:water_bucket":6,"minecraft:prismarine_shard":47,"minecraft:spruce_stairs":18,"minecraft:stick":18,"minecraft:brewing_stand":2,"minecraft:nether_wart_block":2,"minecraft:iron_leggings":2,"minecraft:iron_axe":8,"minecraft:bucket":1,"minecraft:dandelion":1,"minecraft:sweet_berries":9,"minecraft:nether_wart":20,"minecraft:blaze_rod":1,"minecraft:composter":1,"minecraft:glass_pane":6,"minecraft:prismarine_stairs":103,"minecraft:filled_map":1,"minecraft:iron_chestplate":2,"minecraft:andesite":32,"minecraft:spruce_log":687,"minecraft:stone_pickaxe":2,"minecraft:wooden_pickaxe":3,"minecraft:brick":3},"minecraft:killed":{"minecraft:skeleton":9,"minecraft:guardian":1657,"minecraft:chicken":2,"minecraft:magma_cube":20,"minecraft:pillager":3,"minecraft:zombie":10,"minecraft:cow":6,"minecraft:wandering_trader":2,"minecraft:enderman":4,"minecraft:zombified_piglin":1,"minecraft:spider":10,"minecraft:pig":2,"minecraft:creeper":6,"minecraft:sheep":6,"minecraft:trader_llama":4,"minecraft:blaze":2,"minecraft:player":11},"minecraft:picked_up":{"minecraft:iron_chestplate":10,"minecraft:chainmail_boots":1,"minecraft:flower_pot":7,"minecraft:prismarine_shard":828,"minecraft:lead":6,"minecraft:stone_slab":2,"minecraft:enchanted_book":2,"minecraft:brewing_stand":7,"minecraft:golden_sword":1,"minecraft:amethyst_block":4,"minecraft:string":26,"minecraft:soul_soil":8,"minecraft:red_nether_bricks":12,"minecraft:shroomlight":3,"minecraft:gold_nugget":219,"minecraft:cobbled_deepslate":1792,"minecraft:spruce_planks":4410,"minecraft:dark_oak_door":10,"minecraft:composter":3,"minecraft:deepslate_tile_stairs":2,"minecraft:orange_bed":6,"minecraft:stone_sword":3,"minecraft:honey_bottle":1,"minecraft:light_blue_wool":5,"minecraft:red_tulip":8,"minecraft:iron_block":1,"minecraft:carved_pumpkin":1,"minecraft:blaze_rod":1,"minecraft:blackstone_stairs":2,"minecraft:snowball":1193,"minecraft:birch_log":22,"minecraft:magma_block":5,"minecraft:oxidized_copper":21,"minecraft:feather":8,"minecraft:cooked_beef":13,"minecraft:birch_slab":2,"minecraft:water_bucket":25,"minecraft:copper_block":3,"minecraft:smoker":1,"minecraft:flint":26,"minecraft:lantern":5,"minecraft:chipped_anvil":2,"minecraft:stonecutter":4,"minecraft:glowstone_dust":12,"minecraft:moss_block":16,"minecraft:chiseled_polished_blackstone":1,"minecraft:stripped_spruce_log":14,"minecraft:dark_oak_log":21,"minecraft:barrel":6,"minecraft:dispenser":12,"minecraft:deepslate":6,"minecraft:lever":5,"minecraft:granite":107,"minecraft:spruce_button":2,"minecraft:bricks":196,"minecraft:diamond_pickaxe":7,"minecraft:crafting_table":21,"minecraft:nether_wart":58,"minecraft:clay_ball":88,"minecraft:leather_leggings":1,"minecraft:redstone_lamp":4,"minecraft:cornflower":15,"minecraft:flint_and_steel":1,"minecraft:white_carpet":1,"minecraft:iron_shovel":3,"minecraft:glass_pane":6,"minecraft:beef":13,"minecraft:cyan_wool":4,"minecraft:poppy":51,"minecraft:spruce_slab":4401,"minecraft:quartz_stairs":7,"minecraft:chest":43,"minecraft:egg":2,"minecraft:copper_ore":32,"minecraft:sandstone":1,"minecraft:stone":5721,"minecraft:spruce_fence":143,"minecraft:fire_charge":1,"minecraft:carrot":2081,"minecraft:redstone":266,"minecraft:prismarine_crystals":230,"minecraft:tnt":4,"minecraft:stone_shovel":5,"minecraft:cooked_cod":56,"minecraft:peony":6,"minecraft:shears":3,"minecraft:deepslate_bricks":30,"minecraft:polished_blackstone":234,"minecraft:mutton":12,"minecraft:white_wool":79,"minecraft:bone_block":74,"minecraft:emerald_ore":2,"minecraft:oxeye_daisy":10,"minecraft:filled_map":1,"minecraft:oak_log":47,"minecraft:ancient_debris":4,"minecraft:stone_bricks":1,"minecraft:kelp":227,"minecraft:stone_pickaxe":10,"minecraft:iron_ore":8,"minecraft:glass_bottle":5,"minecraft:iron_sword":11,"minecraft:flowering_azalea":1,"minecraft:smooth_basalt":6,"minecraft:sculk":8,"minecraft:sweet_berries":658,"minecraft:weathered_copper":1,"minecraft:gravel":537,"minecraft:spruce_sapling":453,"minecraft:spruce_log":4871,"minecraft:crying_obsidian":4,"minecraft:sea_lantern":50,"minecraft:leather_helmet":1,"minecraft:coal_ore":58,"minecraft:stone_axe":4,"minecraft:painting":38,"minecraft:gray_wool":27,"minecraft:warped_nylium":1,"minecraft:hopper":3,"minecraft:ender_pearl":5,"minecraft:prismarine_stairs":258,"minecraft:wheat":24,"minecraft:redstone_block":2,"minecraft:ender_chest":2,"minecraft:potion":4,"minecraft:nether_brick":9,"minecraft:raw_copper":173,"minecraft:smooth_stone_slab":21,"minecraft:iron_leggings":15,"minecraft:sticky_piston":5,"minecraft:deepslate_tiles":12,"minecraft:smooth_stone":335,"minecraft:comparator":6,"minecraft:bucket":18,"minecraft:redstone_torch":7,"minecraft:cobblestone_slab":17,"minecraft:azalea":3,"minecraft:iron_pickaxe":19,"minecraft:deepslate_tile_wall":3,"minecraft:iron_boots":3,"minecraft:furnace":7,"minecraft:stick":307,"minecraft:oak_fence":7,"minecraft:torch":131,"minecraft:spruce_stairs":115,"minecraft:porkchop":4,"minecraft:snow_block":89,"minecraft:target":1,"minecraft:diorite":71,"minecraft:pointed_dripstone":7,"minecraft:quartz_block":7,"minecraft:rotten_flesh":91,"minecraft:obsidian":46,"minecraft:cod":408,"minecraft:cobblestone":3854,"minecraft:leather_chestplate":1,"minecraft:magma_cream":8,"minecraft:repeater":116,"minecraft:andesite":76,"minecraft:potato":16,"minecraft:tuff":117,"minecraft:prismarine_bricks":46,"minecraft:lapis_lazuli":33,"minecraft:dirt":3730,"minecraft:leather_boots":1,"minecraft:glass":94,"minecraft:bone":78,"minecraft:wheat_seeds":120,"minecraft:raw_gold":2,"minecraft:birch_wood":2,"minecraft:prismarine":161,"minecraft:oak_planks":21,"minecraft:stone_hoe":11,"minecraft:cooked_porkchop":8,"minecraft:sand":96,"minecraft:grass_block":2,"minecraft:clay":1,"minecraft:diamond":10,"minecraft:spruce_boat":3,"minecraft:bone_meal":27,"minecraft:white_concrete":9,"minecraft:spruce_sign":19,"minecraft:emerald":5,"minecraft:netherrack":610,"minecraft:azure_bluet":7,"minecraft:splash_potion":2,"minecraft:chicken":2,"minecraft:ladder":302,"minecraft:brown_mushroom":56,"minecraft:wooden_pickaxe":6,"minecraft:brick":6,"minecraft:moss_carpet":12,"minecraft:iron_axe":4,"minecraft:item_frame":22,"minecraft:blackstone":1315,"minecraft:candle":10,"minecraft:player_head":77,"minecraft:observer":3,"minecraft:lectern":1,"minecraft:sugar_cane":212,"minecraft:spruce_trapdoor":269,"minecraft:raw_iron":59,"minecraft:orange_dye":3,"minecraft:copper_ingot":18,"minecraft:red_stained_glass_pane":47,"minecraft:polished_blackstone_bricks":1,"minecraft:arrow":19,"minecraft:nether_bricks":93,"minecraft:oxidized_cut_copper_stairs":8,"minecraft:prismarine_slab":3,"minecraft:basalt":4496,"minecraft:leather":48,"minecraft:birch_planks":6,"minecraft:crimson_fungus":3,"minecraft:gunpowder":122,"minecraft:yellow_bed":3,"minecraft:nether_wart_block":4,"minecraft:cobblestone_wall":8,"minecraft:cobblestone_stairs":2,"minecraft:deepslate_tile_slab":12,"minecraft:cut_copper_slab":1,"minecraft:cooked_mutton":12,"minecraft:iron_ingot":47,"minecraft:soul_sand":14,"minecraft:sculk_catalyst":1,"minecraft:oak_slab":16,"minecraft:birch_boat":1,"minecraft:pumpkin":4,"minecraft:dripstone_block":59,"minecraft:quartz":162,"minecraft:dandelion":69,"minecraft:raw_iron_block":10,"minecraft:lava_bucket":2,"minecraft:amethyst_shard":8,"minecraft:white_bed":32,"minecraft:spruce_door":5,"minecraft:spider_eye":7,"minecraft:sculk_sensor":2,"minecraft:white_concrete_powder":1,"minecraft:iron_helmet":2,"minecraft:black_wool":3,"minecraft:coal":159},"minecraft:killed_by":{"minecraft:creeper":1,"minecraft:blaze":3,"minecraft:player":18,"minecraft:spider":3,"minecraft:skeleton":4},"minecraft:crafted":{"minecraft:ender_chest":2,"minecraft:red_stained_glass_pane":72,"minecraft:smooth_stone":503,"minecraft:oxidized_cut_copper_slab":8,"minecraft:chain":1,"minecraft:oxidized_cut_copper_stairs":4,"minecraft:birch_slab":12,"minecraft:lever":1,"minecraft:nether_brick":121,"minecraft:cooked_mutton":11,"minecraft:quartz_block":27,"minecraft:glass":104,"minecraft:repeater":24,"minecraft:polished_blackstone":1158,"minecraft:flower_pot":2,"minecraft:glass_bottle":9,"minecraft:emerald":2,"minecraft:smooth_quartz":22,"minecraft:soul_campfire":9,"minecraft:spruce_door":6,"minecraft:copper_ingot":135,"minecraft:red_nether_bricks":11,"minecraft:painting":2,"minecraft:iron_pickaxe":19,"minecraft:red_nether_brick_stairs":8,"minecraft:iron_block":712,"minecraft:gold_ingot":17,"minecraft:netherite_ingot":1,"minecraft:composter":2,"minecraft:polished_blackstone_bricks":22,"minecraft:prismarine":706,"minecraft:stone_shovel":17,"minecraft:smooth_stone_slab":106,"minecraft:leather_leggings":1,"minecraft:iron_nugget":27,"minecraft:bone_meal":2829,"minecraft:spruce_fence":225,"minecraft:white_carpet":3,"minecraft:cracked_polished_blackstone_bricks":2,"minecraft:lantern":2,"minecraft:spruce_stairs":2896,"minecraft:polished_diorite":29,"minecraft:ladder":75,"minecraft:spruce_slab":18080,"minecraft:stone_pickaxe":9,"minecraft:spruce_boat":2,"minecraft:prismarine_slab":16,"minecraft:dark_oak_planks":16,"minecraft:red_bed":1,"minecraft:leather_helmet":1,"minecraft:polished_blackstone_stairs":3,"minecraft:deepslate_tiles":246,"minecraft:orange_dye":2,"minecraft:cobblestone":33,"minecraft:iron_shovel":1,"minecraft:iron_leggings":5,"minecraft:deepslate_tile_stairs":16,"minecraft:armor_stand":2,"minecraft:white_bed":31,"minecraft:brick":81,"minecraft:oak_planks":29,"minecraft:cobblestone_slab":596,"minecraft:barrel":6,"minecraft:birch_wood":4,"minecraft:cobblestone_stairs":1544,"minecraft:stone":116,"minecraft:dark_oak_door":3,"minecraft:hopper":16,"minecraft:iron_boots":4,"minecraft:comparator":2,"minecraft:chest":65,"minecraft:copper_block":13,"minecraft:bricks":72,"minecraft:stone_hoe":3,"minecraft:oak_fence":6,"minecraft:golden_boots":1,"minecraft:smoker":1,"minecraft:sea_lantern":232,"minecraft:dropper":11,"minecraft:quartz_stairs":4,"minecraft:oak_slab":12,"minecraft:item_frame":12,"minecraft:cauldron":4,"minecraft:crafting_table":10,"minecraft:spruce_planks":23307,"minecraft:iron_helmet":4,"minecraft:chiseled_polished_blackstone":3,"minecraft:birch_planks":20,"minecraft:white_stained_glass_pane":8,"minecraft:oxidized_cut_copper":4,"minecraft:dispenser":11,"minecraft:spruce_trapdoor":324,"minecraft:string":40,"minecraft:dark_oak_slab":6,"minecraft:book":2,"minecraft:iron_chestplate":5,"minecraft:paper":6,"minecraft:diamond_pickaxe":1,"minecraft:charcoal":10,"minecraft:yellow_dye":1,"minecraft:stick":776,"minecraft:iron_ingot":192,"minecraft:leather_chestplate":1,"minecraft:stone_sword":2,"minecraft:snow_block":254,"minecraft:polished_blackstone_brick_stairs":3,"minecraft:redstone_torch":54,"minecraft:deepslate_bricks":196,"minecraft:nether_wart":9,"minecraft:coarse_dirt":12,"minecraft:raw_iron":90,"minecraft:stone_brick_wall":12,"minecraft:fishing_rod":1,"minecraft:leather_boots":1,"minecraft:spruce_button":2,"minecraft:furnace":21,"minecraft:smooth_quartz_stairs":26,"minecraft:glass_pane":240,"minecraft:flint_and_steel":2,"minecraft:white_concrete_powder":8,"minecraft:leather":33,"minecraft:polished_deepslate":196,"minecraft:iron_axe":24,"minecraft:spruce_wood":20,"minecraft:cobblestone_wall":13,"minecraft:netherite_scrap":4,"minecraft:blackstone_stairs":4,"minecraft:observer":10,"minecraft:cooked_beef":18,"minecraft:red_dye":11,"minecraft:bone_block":260,"minecraft:spruce_sign":12,"minecraft:iron_sword":3,"minecraft:nether_bricks":25,"minecraft:bucket":32,"minecraft:stone_axe":10,"minecraft:amethyst_block":2,"minecraft:air":0,"minecraft:white_wool":94,"minecraft:white_dye":2,"minecraft:stonecutter":2,"minecraft:anvil":2,"minecraft:prismarine_stairs":830,"minecraft:torch":176,"minecraft:orange_bed":1},"minecraft:mined":{"minecraft:blackstone_stairs":2,"minecraft:white_bed":10,"minecraft:obsidian":45,"minecraft:granite":64,"minecraft:chiseled_polished_blackstone":1,"minecraft:hopper":3,"minecraft:crimson_fungus":2,"minecraft:nether_wart":40,"minecraft:oxeye_daisy":9,"minecraft:red_stained_glass_pane":38,"minecraft:polished_blackstone_bricks":1,"minecraft:magma_block":4,"minecraft:cobbled_deepslate":3,"minecraft:fire":141,"minecraft:sticky_piston":5,"minecraft:barrel":4,"minecraft:pumpkin":2,"minecraft:moss_carpet":12,"minecraft:deepslate_lapis_ore":1,"minecraft:sculk_shrieker":1,"minecraft:iron_block":1,"minecraft:player_head":6,"minecraft:tripwire":1,"minecraft:orange_bed":6,"minecraft:kelp_plant":11,"minecraft:player_wall_head":6,"minecraft:smoker":1,"minecraft:oxidized_cut_copper_stairs":4,"minecraft:powder_snow":66,"minecraft:torch":16,"minecraft:oxidized_copper":11,"minecraft:spruce_wall_sign":5,"minecraft:glass":2,"minecraft:white_candle":1,"minecraft:sugar_cane":131,"minecraft:bricks":43,"minecraft:spruce_sign":2,"minecraft:amethyst_block":2,"minecraft:cyan_wool":5,"minecraft:repeater":20,"minecraft:wheat":25,"minecraft:copper_block":3,"minecraft:grass":313,"minecraft:stonecutter":4,"minecraft:deepslate":1071,"minecraft:deepslate_tiles":2,"minecraft:light_blue_wool":5,"minecraft:dark_oak_log":12,"minecraft:sea_lantern":10,"minecraft:nether_bricks":6,"minecraft:spruce_fence":9,"minecraft:redstone_wire":36,"minecraft:moss_block":10,"minecraft:kelp":6,"minecraft:white_concrete_powder":1,"minecraft:snow":9,"minecraft:andesite":20,"minecraft:cobblestone_slab":18,"minecraft:bone_block":27,"minecraft:white_wool":8,"minecraft:ender_chest":2,"minecraft:oak_slab":1,"minecraft:redstone_block":2,"minecraft:glass_pane":4,"minecraft:comparator":2,"minecraft:soul_sand":14,"minecraft:observer":1,"minecraft:dandelion":64,"minecraft:cornflower":11,"minecraft:emerald_ore":3,"minecraft:prismarine_slab":3,"minecraft:tall_grass":57,"minecraft:copper_ore":40,"minecraft:deepslate_gold_ore":2,"minecraft:diorite":73,"minecraft:cobblestone_wall":1,"minecraft:white_carpet":1,"minecraft:spruce_log":4314,"minecraft:birch_leaves":1,"minecraft:gravel":138,"minecraft:dripstone_block":30,"minecraft:polished_blackstone":131,"minecraft:stone_bricks":1,"minecraft:chipped_anvil":2,"minecraft:spruce_planks":457,"minecraft:farmland":4,"minecraft:sculk_vein":1,"minecraft:brewing_stand":3,"minecraft:spruce_trapdoor":9,"minecraft:grass_block":1396,"minecraft:white_concrete":9,"minecraft:soul_soil":9,"minecraft:composter":1,"minecraft:smooth_stone":4,"minecraft:sculk_catalyst":2,"minecraft:iron_ore":60,"minecraft:target":1,"minecraft:azure_bluet":6,"minecraft:red_tulip":8,"minecraft:pointed_dripstone":5,"minecraft:azalea":3,"minecraft:spruce_slab":208,"minecraft:deepslate_redstone_ore":50,"minecraft:blackstone":1040,"minecraft:clay":22,"minecraft:poppy":30,"minecraft:chest":26,"minecraft:nether_quartz_ore":137,"minecraft:cobblestone":1181,"minecraft:wall_torch":23,"minecraft:dark_oak_door":6,"minecraft:nether_wart_block":1,"minecraft:birch_log":7,"minecraft:smooth_stone_slab":20,"minecraft:oak_log":15,"minecraft:sand":101,"minecraft:dirt":1071,"minecraft:prismarine_stairs":34,"minecraft:dispenser":1,"minecraft:netherrack":507,"minecraft:ancient_debris":4,"minecraft:oak_leaves":3,"minecraft:redstone_lamp":4,"minecraft:nether_gold_ore":40,"minecraft:tuff":82,"minecraft:quartz_stairs":7,"minecraft:dark_oak_leaves":3,"minecraft:deepslate_diamond_ore":8,"minecraft:candle":3,"minecraft:lever":1,"minecraft:weathered_copper":1,"minecraft:birch_slab":1,"minecraft:spruce_leaves":105,"minecraft:sandstone":1,"minecraft:spruce_sapling":10,"minecraft:furnace":5,"minecraft:carrots":318,"minecraft:stripped_spruce_log":11,"minecraft:peony":2,"minecraft:deepslate_iron_ore":1,"minecraft:shroomlight":3,"minecraft:stone":5867,"minecraft:redstone_wall_torch":5,"minecraft:podzol":1,"minecraft:flowering_azalea":1,"minecraft:snow_block":356,"minecraft:basalt":3199,"minecraft:spruce_door":4,"minecraft:oak_fence":1,"minecraft:crafting_table":8,"minecraft:sculk_sensor":9,"minecraft:lectern":1,"minecraft:stone_slab":2,"minecraft:sculk":20,"minecraft:spruce_stairs":43,"minecraft:gray_wool":24,"minecraft:birch_planks":2,"minecraft:redstone_torch":2,"minecraft:sweet_berry_bush":22,"minecraft:ice":93,"minecraft:yellow_bed":3,"minecraft:coal_ore":83,"minecraft:flower_pot":3},"minecraft:custom":{"minecraft:interact_with_crafting_table":667,"minecraft:open_barrel":214,"minecraft:leave_game":97,"minecraft:time_since_death":9853,"minecraft:play_time":3170695,"minecraft:deaths":78,"minecraft:jump":34197,"minecraft:enchant_item":12,"minecraft:interact_with_furnace":414,"minecraft:traded_with_villager":4,"minecraft:sleep_in_bed":183,"minecraft:damage_dealt":24254,"minecraft:inspect_dispenser":28,"minecraft:horse_one_cm":4087,"minecraft:interact_with_anvil":25,"minecraft:inspect_hopper":23,"minecraft:sneak_time":299876,"minecraft:total_world_time":3170695,"minecraft:interact_with_stonecutter":85,"minecraft:time_since_rest":9883,"minecraft:swim_one_cm":418127,"minecraft:fly_one_cm":5866486,"minecraft:open_chest":2967,"minecraft:fall_one_cm":888125,"minecraft:animals_bred":9,"minecraft:sprint_one_cm":4903951,"minecraft:drop":376,"minecraft:talked_to_villager":29,"minecraft:interact_with_brewingstand":23,"minecraft:walk_on_water_one_cm":444596,"minecraft:open_enderchest":44,"minecraft:player_kills":15,"minecraft:crouch_one_cm":746689,"minecraft:mob_kills":1746,"minecraft:climb_one_cm":268356,"minecraft:walk_one_cm":6263248,"minecraft:walk_under_water_one_cm":937335,"minecraft:boat_one_cm":392449,"minecraft:pot_flower":2,"minecraft:interact_with_grindstone":5,"minecraft:damage_taken":45033}},"DataVersion":3120}