{"stats":{"minecraft:used":{"minecraft:moss_block":2,"minecraft:spruce_slab":33,"minecraft:oak_sign":1,"minecraft:ladder":5,"minecraft:stone":95,"minecraft:iron_sword":165,"minecraft:player_head":30,"minecraft:rotten_flesh":5,"minecraft:iron_chestplate":15,"minecraft:soul_sand":4,"minecraft:mutton":11,"minecraft:carrot":53,"minecraft:obsidian":3,"minecraft:stripped_spruce_log":10,"minecraft:honey_bottle":2,"minecraft:spruce_boat":1,"minecraft:glass":3,"minecraft:lava_bucket":5,"minecraft:bricks":8,"minecraft:birch_sapling":8,"minecraft:iron_helmet":9,"minecraft:item_frame":6,"minecraft:red_stained_glass_pane":13,"minecraft:bow":4,"minecraft:scaffolding":15,"minecraft:sweet_berries":39,"minecraft:cooked_cod":5,"minecraft:egg":8,"minecraft:potato":1,"minecraft:diorite":7,"minecraft:leather_leggings":1,"minecraft:stone_pickaxe":73,"minecraft:leather_chestplate":1,"minecraft:wooden_pickaxe":50,"minecraft:white_wool":35,"minecraft:glow_berries":3,"minecraft:sand":8,"minecraft:deepslate_tiles":23,"minecraft:bread":1,"minecraft:stone_button":2,"minecraft:gravel":24,"minecraft:lilac":1,"minecraft:wooden_sword":3,"minecraft:birch_log":9,"minecraft:smooth_stone_slab":2,"minecraft:oak_boat":19,"minecraft:air":20,"minecraft:flint_and_steel":173,"minecraft:spruce_planks":196,"minecraft:ender_chest":1,"minecraft:cooked_salmon":2,"minecraft:stone_hoe":2,"minecraft:cooked_chicken":1,"minecraft:netherrack":16,"minecraft:torch":7,"minecraft:dirt":319,"minecraft:chainmail_chestplate":1,"minecraft:golden_chestplate":1,"minecraft:granite":1,"minecraft:spruce_fence":10,"minecraft:polished_diorite":1,"minecraft:dark_oak_planks":1,"minecraft:wooden_axe":145,"minecraft:iron_axe":26,"minecraft:rooted_dirt":11,"minecraft:iron_boots":8,"minecraft:polished_blackstone_brick_stairs":2,"minecraft:barrel":2,"minecraft:basalt":4,"minecraft:beef":24,"minecraft:white_stained_glass_pane":4,"minecraft:pointed_dripstone":7,"minecraft:cooked_beef":4,"minecraft:pumpkin":21,"minecraft:cobbled_deepslate":7,"minecraft:iron_leggings":13,"minecraft:wheat_seeds":23,"minecraft:cooked_mutton":2,"minecraft:water_bucket":2,"minecraft:birch_planks":82,"minecraft:glass_bottle":20,"minecraft:red_nether_bricks":2,"minecraft:birch_boat":9,"minecraft:cauldron":3,"minecraft:tnt":4,"minecraft:crafting_table":26,"minecraft:red_bed":1,"minecraft:red_mushroom":1,"minecraft:white_bed":8,"minecraft:cod":9,"minecraft:spruce_log":3,"minecraft:dark_oak_door":3,"minecraft:diamond_pickaxe":107,"minecraft:apple":2,"minecraft:iron_pickaxe":529,"minecraft:spruce_trapdoor":1,"minecraft:spruce_sapling":3,"minecraft:stone_axe":1,"minecraft:fishing_rod":8,"minecraft:cobblestone":370,"minecraft:potion":20,"minecraft:cooked_porkchop":5,"minecraft:bucket":10,"minecraft:dandelion":1,"minecraft:gray_wool":1,"minecraft:splash_potion":3,"minecraft:smooth_stone":15,"minecraft:chainmail_leggings":1},"minecraft:killed":{"minecraft:spider":2,"minecraft:skeleton":6,"minecraft:zombie_villager":1,"minecraft:creeper":3,"minecraft:sheep":17,"minecraft:trader_llama":1,"minecraft:zombie":19,"minecraft:glow_squid":1,"minecraft:cow":6,"minecraft:player":12},"minecraft:dropped":{"minecraft:clay":2,"minecraft:iron_sword":1,"minecraft:brown_mushroom":56,"minecraft:birch_planks":9,"minecraft:glass_bottle":7,"minecraft:leather":4,"minecraft:rail":50,"minecraft:item_frame":14,"minecraft:flint":4,"minecraft:cooked_cod":9,"minecraft:snowball":36,"minecraft:gold_nugget":14,"minecraft:sugar":64,"minecraft:gravel":34,"minecraft:blackstone":64,"minecraft:golden_chestplate":1,"minecraft:nether_brick":4,"minecraft:obsidian":1,"minecraft:rotten_flesh":4,"minecraft:carrot":2,"minecraft:red_stained_glass_pane":1,"minecraft:poppy":285,"minecraft:leather_chestplate":1,"minecraft:gunpowder":2,"minecraft:coal_ore":17,"minecraft:leather_leggings":1,"minecraft:glass":41,"minecraft:scaffolding":23,"minecraft:splash_potion":1,"minecraft:water_bucket":1,"minecraft:iron_ingot":31,"minecraft:wheat_seeds":1,"minecraft:tnt":4,"minecraft:dripstone_block":2,"minecraft:cobblestone":4,"minecraft:spruce_stairs":2,"minecraft:stick":5,"minecraft:lava_bucket":1,"minecraft:brown_wool":2,"minecraft:potion":3,"minecraft:iron_leggings":2,"minecraft:iron_axe":1,"minecraft:smooth_stone":129,"minecraft:iron_shovel":1,"minecraft:string":47,"minecraft:bucket":7,"minecraft:polished_deepslate":2,"minecraft:dandelion":1,"minecraft:redstone":1,"minecraft:bricks":47,"minecraft:sweet_berries":1,"minecraft:player_head":4,"minecraft:clay_ball":8,"minecraft:nether_bricks":29,"minecraft:flint_and_steel":2,"minecraft:filled_map":2,"minecraft:spruce_boat":1,"minecraft:stone":13,"minecraft:spruce_planks":31,"minecraft:iron_chestplate":1,"minecraft:blue_ice":42,"minecraft:oak_boat":1},"minecraft:broken":{"minecraft:stone_pickaxe":1,"minecraft:wooden_axe":1,"minecraft:bow":1,"minecraft:flint_and_steel":1},"minecraft:custom":{"minecraft:interact_with_crafting_table":74,"minecraft:open_barrel":16,"minecraft:leave_game":11,"minecraft:time_since_death":0,"minecraft:sprint_one_cm":2332291,"minecraft:drop":254,"minecraft:talked_to_villager":70,"minecraft:play_time":841065,"minecraft:deaths":166,"minecraft:jump":12813,"minecraft:interact_with_brewingstand":5,"minecraft:walk_on_water_one_cm":27415,"minecraft:interact_with_furnace":24,"minecraft:sleep_in_bed":11,"minecraft:open_enderchest":17,"minecraft:damage_dealt":12738,"minecraft:player_kills":14,"minecraft:crouch_one_cm":268057,"minecraft:interact_with_anvil":4,"minecraft:mob_kills":58,"minecraft:inspect_hopper":1,"minecraft:climb_one_cm":176266,"minecraft:walk_one_cm":1358421,"minecraft:sneak_time":98958,"minecraft:walk_under_water_one_cm":84962,"minecraft:boat_one_cm":771660,"minecraft:total_world_time":841065,"minecraft:tune_noteblock":5,"minecraft:interact_with_stonecutter":1,"minecraft:time_since_rest":131,"minecraft:damage_taken":51243,"minecraft:swim_one_cm":37630,"minecraft:fly_one_cm":1819038,"minecraft:open_chest":530,"minecraft:fall_one_cm":510191},"minecraft:mined":{"minecraft:spruce_planks":11,"minecraft:white_bed":7,"minecraft:farmland":18,"minecraft:cobblestone_stairs":4,"minecraft:sculk_vein":55,"minecraft:obsidian":2,"minecraft:spruce_trapdoor":1,"minecraft:granite":1,"minecraft:budding_amethyst":4,"minecraft:grass_block":116,"minecraft:oak_wall_sign":1,"minecraft:red_stained_glass_pane":13,"minecraft:smooth_stone":2,"minecraft:tall_seagrass":1,"minecraft:sculk_catalyst":1,"minecraft:iron_ore":78,"minecraft:fire":51,"minecraft:barrel":1,"minecraft:pumpkin":12,"minecraft:pointed_dripstone":10,"minecraft:cave_vines":9,"minecraft:flowering_azalea_leaves":3,"minecraft:azalea_leaves":1,"minecraft:player_head":1,"minecraft:spruce_slab":10,"minecraft:red_bed":1,"minecraft:player_wall_head":20,"minecraft:soul_fire":2,"minecraft:amethyst_cluster":13,"minecraft:clay":17,"minecraft:torch":5,"minecraft:chest":2,"minecraft:mushroom_stem":1,"minecraft:glass":16,"minecraft:cobblestone":75,"minecraft:sugar_cane":25,"minecraft:wall_torch":3,"minecraft:spruce_sign":1,"minecraft:amethyst_block":6,"minecraft:dark_oak_door":3,"minecraft:birch_log":71,"minecraft:wheat":9,"minecraft:lilac":1,"minecraft:smooth_stone_slab":2,"minecraft:grass":105,"minecraft:oak_log":45,"minecraft:sand":8,"minecraft:dirt":165,"minecraft:oak_leaves":19,"minecraft:deepslate":7,"minecraft:deepslate_tiles":1,"minecraft:dark_oak_leaves":3,"minecraft:deepslate_diamond_ore":5,"minecraft:dark_oak_log":3,"minecraft:crimson_fence_gate":1,"minecraft:sea_lantern":1,"minecraft:glow_lichen":1,"minecraft:ladder":8,"minecraft:spruce_leaves":12,"minecraft:moss_block":6,"minecraft:red_mushroom":1,"minecraft:rooted_dirt":58,"minecraft:large_fern":16,"minecraft:furnace":2,"minecraft:carrots":8,"minecraft:stripped_spruce_log":4,"minecraft:deepslate_iron_ore":3,"minecraft:shroomlight":1,"minecraft:vine":1,"minecraft:stone":285,"minecraft:white_wool":2,"minecraft:glass_pane":5,"minecraft:hanging_roots":2,"minecraft:basalt":4,"minecraft:dandelion":1,"minecraft:crafting_table":26,"minecraft:emerald_ore":6,"minecraft:sculk_sensor":1,"minecraft:tall_grass":20,"minecraft:sculk":262,"minecraft:diorite":7,"minecraft:birch_planks":4,"minecraft:sweet_berry_bush":75,"minecraft:spruce_log":16,"minecraft:birch_leaves":46,"minecraft:coal_ore":98,"minecraft:gravel":23,"minecraft:dripstone_block":13,"minecraft:fern":7},"minecraft:picked_up":{"minecraft:wooden_axe":3,"minecraft:iron_chestplate":14,"minecraft:wheat":1,"minecraft:ender_chest":1,"minecraft:lead":2,"minecraft:potion":9,"minecraft:enchanted_book":31,"minecraft:nether_brick":12,"minecraft:amethyst_block":8,"minecraft:polished_deepslate":2,"minecraft:polished_blackstone_brick_stairs":2,"minecraft:string":47,"minecraft:soul_soil":2,"minecraft:smooth_stone_slab":2,"minecraft:red_nether_bricks":10,"minecraft:iron_leggings":13,"minecraft:shroomlight":2,"minecraft:oak_sign":1,"minecraft:deepslate_tiles":220,"minecraft:cobbled_deepslate":139,"minecraft:gold_nugget":14,"minecraft:smooth_stone":412,"minecraft:bucket":30,"minecraft:spruce_planks":1103,"minecraft:iron_pickaxe":13,"minecraft:furnace":2,"minecraft:iron_boots":7,"minecraft:dark_oak_door":3,"minecraft:stick":119,"minecraft:torch":49,"minecraft:spruce_stairs":2,"minecraft:pointed_dripstone":32,"minecraft:diorite":7,"minecraft:rotten_flesh":23,"minecraft:iron_block":36,"minecraft:obsidian":2,"minecraft:cod":419,"minecraft:snowball":56,"minecraft:cobblestone":1138,"minecraft:birch_log":74,"minecraft:leather_chestplate":1,"minecraft:cooked_beef":3,"minecraft:lilac":2,"minecraft:magma_cream":2,"minecraft:water_bucket":4,"minecraft:brown_wool":2,"minecraft:flint":25,"minecraft:dirt":321,"minecraft:glass":80,"minecraft:bone":2,"minecraft:bow":1,"minecraft:wheat_seeds":70,"minecraft:glowstone_dust":6,"minecraft:moss_block":7,"minecraft:stone_hoe":4,"minecraft:oak_planks":1,"minecraft:cooked_porkchop":5,"minecraft:sand":167,"minecraft:stripped_spruce_log":13,"minecraft:dark_oak_log":3,"minecraft:barrel":2,"minecraft:sugar":128,"minecraft:clay":1,"minecraft:diamond":9,"minecraft:spruce_boat":4,"minecraft:lever":6,"minecraft:blue_ice":42,"minecraft:granite":2,"minecraft:spruce_button":1,"minecraft:spruce_sign":3,"minecraft:emerald":8,"minecraft:rooted_dirt":58,"minecraft:oak_sapling":9,"minecraft:netherrack":17,"minecraft:bricks":91,"minecraft:diamond_pickaxe":4,"minecraft:crafting_table":32,"minecraft:splash_potion":12,"minecraft:ladder":18,"minecraft:clay_ball":68,"minecraft:leather_leggings":1,"minecraft:brown_mushroom":56,"minecraft:wooden_pickaxe":3,"minecraft:brick":3,"minecraft:red_bed":1,"minecraft:iron_axe":8,"minecraft:wooden_sword":1,"minecraft:flint_and_steel":9,"minecraft:item_frame":20,"minecraft:iron_shovel":3,"minecraft:blackstone":60,"minecraft:beef":9,"minecraft:oak_boat":19,"minecraft:player_head":64,"minecraft:spruce_slab":76,"minecraft:poppy":1,"minecraft:light_gray_wool":2,"minecraft:birch_sapling":11,"minecraft:sugar_cane":73,"minecraft:chest":31,"minecraft:spruce_trapdoor":65,"minecraft:egg":12,"minecraft:raw_iron":136,"minecraft:stone":1876,"minecraft:red_stained_glass_pane":14,"minecraft:spruce_fence":1,"minecraft:carrot":274,"minecraft:redstone":124,"minecraft:prismarine_crystals":3,"minecraft:tnt":8,"minecraft:arrow":391,"minecraft:cooked_cod":9,"minecraft:nether_bricks":58,"minecraft:glow_berries":3,"minecraft:mutton":23,"minecraft:rail":50,"minecraft:white_wool":94,"minecraft:emerald_ore":1,"minecraft:basalt":4,"minecraft:glow_ink_sac":3,"minecraft:leather":11,"minecraft:red_mushroom":1,"minecraft:filled_map":10,"minecraft:birch_planks":58,"minecraft:oak_log":48,"minecraft:chainmail_chestplate":5,"minecraft:nether_wart_block":3,"minecraft:gunpowder":442,"minecraft:cobblestone_stairs":4,"minecraft:apple":2,"minecraft:stone_bricks":285,"minecraft:stone_pickaxe":3,"minecraft:iron_ingot":1752,"minecraft:glass_bottle":6,"minecraft:iron_sword":7,"minecraft:soul_sand":4,"minecraft:scaffolding":38,"minecraft:birch_boat":11,"minecraft:pumpkin":22,"minecraft:sweet_berries":282,"minecraft:dandelion":2,"minecraft:dripstone_block":21,"minecraft:gravel":243,"minecraft:lava_bucket":3,"minecraft:amethyst_shard":42,"minecraft:spruce_sapling":4,"minecraft:white_bed":12,"minecraft:spruce_log":17,"minecraft:sea_lantern":18,"minecraft:coal_ore":36,"minecraft:polished_diorite":1,"minecraft:chainmail_leggings":5,"minecraft:iron_helmet":7,"minecraft:gray_wool":2,"minecraft:black_wool":1,"minecraft:coal":96},"minecraft:killed_by":{"minecraft:ghast":3,"minecraft:wither_skeleton":2,"minecraft:creeper":7,"minecraft:pillager":2,"minecraft:piglin":2,"minecraft:blaze":2,"minecraft:zombie":5,"minecraft:player":31,"minecraft:spider":3,"minecraft:enderman":1,"minecraft:hoglin":2,"minecraft:skeleton":16},"minecraft:crafted":{"minecraft:brick":35,"minecraft:oak_planks":44,"minecraft:cooked_chicken":1,"minecraft:birch_boat":7,"minecraft:iron_boots":5,"minecraft:bricks":36,"minecraft:cauldron":3,"minecraft:crafting_table":12,"minecraft:spruce_planks":16,"minecraft:wooden_pickaxe":5,"minecraft:iron_helmet":5,"minecraft:birch_planks":196,"minecraft:iron_chestplate":4,"minecraft:stick":68,"minecraft:iron_ingot":1,"minecraft:iron_pickaxe":5,"minecraft:stone_sword":1,"minecraft:wooden_sword":2,"minecraft:stone_button":2,"minecraft:flint_and_steel":1,"minecraft:iron_axe":4,"minecraft:spruce_slab":36,"minecraft:stone_pickaxe":2,"minecraft:dark_oak_planks":12,"minecraft:cooked_beef":3,"minecraft:sugar":64,"minecraft:cooked_cod":11,"minecraft:iron_sword":3,"minecraft:cooked_salmon":2,"minecraft:bucket":9,"minecraft:stone_axe":1,"minecraft:bread":1,"minecraft:oak_boat":4,"minecraft:wooden_axe":6,"minecraft:iron_leggings":4,"minecraft:white_bed":2,"minecraft:torch":40,"minecraft:clay":1}},"DataVersion":3120}