{"stats":{"minecraft:used":{"minecraft:stone_sword":84,"minecraft:chiseled_deepslate":1,"minecraft:spruce_planks":5,"minecraft:iron_sword":11,"minecraft:stone_hoe":104,"minecraft:torch":5,"minecraft:dirt":30,"minecraft:mutton":1,"minecraft:carrot":3,"minecraft:tuff":12,"minecraft:granite":1,"minecraft:wooden_axe":1,"minecraft:birch_door":6,"minecraft:birch_sapling":1,"minecraft:golden_sword":29,"minecraft:dark_oak_boat":4,"minecraft:furnace":3,"minecraft:egg":2,"minecraft:cooked_beef":1,"minecraft:cobbled_deepslate":256,"minecraft:golden_axe":43,"minecraft:water_bucket":34,"minecraft:diorite":3,"minecraft:oak_planks":25,"minecraft:stone_pickaxe":280,"minecraft:wooden_pickaxe":19,"minecraft:birch_boat":23,"minecraft:sandstone":3,"minecraft:leather_boots":1,"minecraft:sand":9,"minecraft:crafting_table":23,"minecraft:white_bed":10,"minecraft:smoker":1,"minecraft:diamond_shovel":1,"minecraft:bread":82,"minecraft:iron_pickaxe":254,"minecraft:stone_axe":96,"minecraft:diamond_sword":5,"minecraft:cobblestone":71,"minecraft:cooked_porkchop":7,"minecraft:bucket":35},"minecraft:broken":{"minecraft:leather_helmet":1,"minecraft:stone_pickaxe":1,"minecraft:leather_boots":1},"minecraft:dropped":{"minecraft:stone_hoe":3,"minecraft:moss_block":3,"minecraft:birch_planks":1,"minecraft:wheat_seeds":1,"minecraft:lapis_lazuli":3,"minecraft:dark_oak_sapling":1,"minecraft:leather":2,"minecraft:apple":1,"minecraft:granite":1,"minecraft:coal":7,"minecraft:stick":1,"minecraft:dirt":3,"minecraft:diorite":1,"minecraft:mutton":5,"minecraft:wooden_axe":1,"minecraft:fire_charge":1,"minecraft:gold_nugget":16,"minecraft:sand":14,"minecraft:string":2,"minecraft:fishing_rod":1,"minecraft:lily_pad":24,"minecraft:white_wool":4,"minecraft:bone":6,"minecraft:gravel":27,"minecraft:stone_axe":1,"minecraft:kelp":2,"minecraft:sugar_cane":10,"minecraft:player_head":3,"minecraft:stone_sword":2,"minecraft:tuff":39,"minecraft:rotten_flesh":1,"minecraft:filled_map":1,"minecraft:leather_chestplate":2,"minecraft:hay_block":39,"minecraft:stone":1,"minecraft:iron_chestplate":1,"minecraft:golden_leggings":2,"minecraft:golden_sword":1,"minecraft:sandstone":3,"minecraft:arrow":2,"minecraft:wooden_pickaxe":1,"minecraft:stone_pickaxe":1},"minecraft:killed":{"minecraft:spider":4,"minecraft:skeleton":12,"minecraft:pig":4,"minecraft:creeper":3,"minecraft:zombie":14,"minecraft:player":3,"minecraft:cow":15},"minecraft:picked_up":{"minecraft:chiseled_deepslate":1,"minecraft:crafting_table":23,"minecraft:iron_chestplate":1,"minecraft:birch_door":4,"minecraft:wheat":12,"minecraft:string":2,"minecraft:cobbled_deepslate":272,"minecraft:spruce_planks":5,"minecraft:beef":26,"minecraft:player_head":5,"minecraft:sugar_cane":10,"minecraft:birch_sapling":1,"minecraft:furnace":3,"minecraft:egg":2,"minecraft:stick":3,"minecraft:raw_iron":79,"minecraft:sandstone":6,"minecraft:stone":1,"minecraft:porkchop":7,"minecraft:diorite":9,"minecraft:stone_sword":1,"minecraft:arrow":9,"minecraft:rotten_flesh":1,"minecraft:hay_block":111,"minecraft:cobblestone":143,"minecraft:birch_log":8,"minecraft:leather_chestplate":3,"minecraft:andesite":2,"minecraft:dark_oak_boat":4,"minecraft:leather":14,"minecraft:golden_leggings":1,"minecraft:smoker":1,"minecraft:birch_planks":39,"minecraft:flint":6,"minecraft:tuff":51,"minecraft:oak_log":20,"minecraft:lily_pad":24,"minecraft:lapis_lazuli":39,"minecraft:dirt":36,"minecraft:bone":7,"minecraft:apple":1,"minecraft:kelp":2,"minecraft:wheat_seeds":66,"minecraft:iron_ingot":1,"minecraft:stone_pickaxe":2,"minecraft:stone_hoe":1,"minecraft:oak_planks":24,"minecraft:birch_boat":24,"minecraft:dandelion":1,"minecraft:gravel":27,"minecraft:sand":23,"minecraft:spruce_sapling":2,"minecraft:spruce_log":6,"minecraft:white_bed":11,"minecraft:dark_oak_log":9,"minecraft:diamond":28,"minecraft:granite":2,"minecraft:bread":32,"minecraft:oak_sapling":1,"minecraft:netherrack":63,"minecraft:coal":13},"minecraft:killed_by":{"minecraft:player":1},"minecraft:crafted":{"minecraft:oak_planks":80,"minecraft:dark_oak_boat":1,"minecraft:birch_boat":1,"minecraft:furnace":3,"minecraft:diamond_shovel":1,"minecraft:diamond_leggings":1,"minecraft:stone_pickaxe":4,"minecraft:diamond_boots":1,"minecraft:dark_oak_planks":36,"minecraft:stone_hoe":2,"minecraft:smoker":1,"minecraft:wheat":636,"minecraft:cooked_beef":1,"minecraft:diamond_sword":1,"minecraft:cooked_porkchop":7,"minecraft:crafting_table":2,"minecraft:spruce_planks":8,"minecraft:wooden_pickaxe":2,"minecraft:iron_sword":1,"minecraft:bucket":1,"minecraft:birch_planks":32,"minecraft:stone_axe":2,"minecraft:bread":231,"minecraft:air":0,"minecraft:iron_chestplate":2,"minecraft:diamond_pickaxe":2,"minecraft:shield":1,"minecraft:stick":44,"minecraft:iron_ingot":19,"minecraft:iron_pickaxe":2,"minecraft:wooden_axe":1,"minecraft:stone_sword":2,"minecraft:iron_leggings":1,"minecraft:white_bed":1,"minecraft:torch":8,"minecraft:diamond_chestplate":1},"minecraft:mined":{"minecraft:tuff":35,"minecraft:spruce_planks":5,"minecraft:white_bed":11,"minecraft:dark_oak_leaves":4,"minecraft:deepslate_diamond_ore":28,"minecraft:sculk_vein":1,"minecraft:dark_oak_log":9,"minecraft:granite":2,"minecraft:grass_block":14,"minecraft:spruce_leaves":4,"minecraft:kelp":1,"minecraft:sandstone":7,"minecraft:hay_block":73,"minecraft:tall_seagrass":5,"minecraft:sculk_catalyst":1,"minecraft:furnace":3,"minecraft:polished_basalt":2,"minecraft:iron_ore":72,"minecraft:cobbled_deepslate":6,"minecraft:andesite":2,"minecraft:chiseled_deepslate":2,"minecraft:deepslate_lapis_ore":4,"minecraft:sculk_shrieker":3,"minecraft:deepslate_iron_ore":10,"minecraft:stone":137,"minecraft:smoker":1,"minecraft:crafting_table":23,"minecraft:sculk_sensor":11,"minecraft:cobblestone":6,"minecraft:lapis_ore":2,"minecraft:lily_pad":1,"minecraft:sugar_cane":3,"minecraft:oak_planks":25,"minecraft:sculk":27,"minecraft:diorite":9,"minecraft:birch_log":6,"minecraft:ice":4,"minecraft:lilac":1,"minecraft:spruce_log":7,"minecraft:birch_door":2,"minecraft:grass":15,"minecraft:oak_log":20,"minecraft:coal_ore":11,"minecraft:gravel":35,"minecraft:sand":17,"minecraft:dirt":14,"minecraft:oak_leaves":3,"minecraft:deepslate":295},"minecraft:custom":{"minecraft:mob_kills":52,"minecraft:interact_with_crafting_table":39,"minecraft:leave_game":14,"minecraft:time_since_death":121208,"minecraft:climb_one_cm":7327,"minecraft:sprint_one_cm":611423,"minecraft:walk_one_cm":191552,"minecraft:drop":92,"minecraft:play_time":206961,"minecraft:deaths":3,"minecraft:sneak_time":12000,"minecraft:walk_under_water_one_cm":19316,"minecraft:boat_one_cm":1016799,"minecraft:jump":4420,"minecraft:walk_on_water_one_cm":28643,"minecraft:total_world_time":206961,"minecraft:interact_with_furnace":17,"minecraft:sleep_in_bed":7,"minecraft:time_since_rest":957,"minecraft:damage_taken":3753,"minecraft:damage_dealt":8661,"minecraft:swim_one_cm":62747,"minecraft:player_kills":3,"minecraft:fly_one_cm":912530,"minecraft:open_chest":29,"minecraft:crouch_one_cm":21481,"minecraft:aviate_one_cm":239491,"minecraft:interact_with_smoker":2,"minecraft:fall_one_cm":115311}},"DataVersion":3120}