{
  "type": "minecraft:jigsaw",
  "biomes": [
    "minecraft:plains",
    "minecraft:forest",
    "minecraft:taiga",
    "minecraft:desert",
    "minecraft:savanna",
    "minecraft:savanna_plateau",
    "minecraft:badlands",
    "minecraft:wooded_badlands"
  ],
  "max_distance_from_center": 60,
  "project_start_to_heightmap": "WORLD_SURFACE_WG",
  "size": 7,
  "spawn_overrides": {},
  "start_height": {
    "absolute": 0
  },
  "start_pool": "dohst:ancient_tower/tower",
  "step": "surface_structures",
  "terrain_adaptation": "beard_box",
  "use_expansion_hack": false
}