{
  "name": "dohst:deepslate_dungeon/caves",
  "fallback": "minecraft:empty",
  "elements": [
    {
      "weight": 9,
      "element": {
        "location": "dohst:deepslate_dungeon/caves/cave_1",
        "processors": "dohst:deepslate_dungeon/caves_deepslate",
        "projection": "rigid",
        "element_type": "single_pool_element"
      }
    },
    {
      "weight": 9,
      "element": {
        "location": "dohst:deepslate_dungeon/caves/cave_2",
        "processors": "dohst:deepslate_dungeon/caves_deepslate",
        "projection": "rigid",
        "element_type": "single_pool_element"
      }
    },
    {
      "weight": 9,
      "element": {
        "location": "dohst:deepslate_dungeon/caves/cave_3",
        "processors": "dohst:deepslate_dungeon/caves_deepslate",
        "projection": "rigid",
        "element_type": "single_pool_element"
      }
    },
    {
      "weight": 9,
      "element": {
        "location": "dohst:deepslate_dungeon/caves/tunnel_1",
        "processors": "dohst:deepslate_dungeon/caves_deepslate",
        "projection": "rigid",
        "element_type": "single_pool_element"
      }
    },
    {
      "weight": 9,
      "element": {
        "location": "dohst:deepslate_dungeon/caves/tunnel_2",
        "processors": "dohst:deepslate_dungeon/caves_deepslate",
        "projection": "rigid",
        "element_type": "single_pool_element"
      }
    },
    {
      "weight": 4,
      "element": {
        "location": "dohst:deepslate_dungeon/rooms/chest_room",
        "processors": "dohst:deepslate_dungeon/caves_deepslate",
        "projection": "rigid",
        "element_type": "single_pool_element"
      }
    },
    {
      "weight": 5,
      "element": {
        "location": "dohst:deepslate_dungeon/rooms/enchantment_room",
        "processors": "dohst:deepslate_dungeon/caves_deepslate",
        "projection": "rigid",
        "element_type": "single_pool_element"
      }
    },
    {
      "weight": 5,
      "element": {
        "location": "dohst:deepslate_dungeon/rooms/spawner_skeleton",
        "processors": "dohst:deepslate_dungeon/caves_deepslate",
        "projection": "rigid",
        "element_type": "single_pool_element"
      }
    },
    {
      "weight": 5,
      "element": {
        "location": "dohst:deepslate_dungeon/rooms/spawner_spider",
        "processors": "dohst:deepslate_dungeon/caves_deepslate",
        "projection": "rigid",
        "element_type": "single_pool_element"
      }
    },
    {
      "weight": 5,
      "element": {
        "location": "dohst:deepslate_dungeon/rooms/spawner_zombie",
        "processors": "dohst:deepslate_dungeon/caves_deepslate",
        "projection": "rigid",
        "element_type": "single_pool_element"
      }
    },
    {
      "weight": 2,
      "element": {
        "location": "dohst:deepslate_dungeon/main/ruined",
        "processors": "dohst:deepslate_dungeon/caves_deepslate",
        "projection": "rigid",
        "element_type": "single_pool_element"
      }
    },
    {
      "weight": 3,
      "element": {
        "location": "dohst:deepslate_dungeon/rooms/ore_cave",
        "processors": "dohst:deepslate_dungeon/caves_deepslate",
        "projection": "rigid",
        "element_type": "single_pool_element"
      }
    },
    {
      "weight": 3,
      "element": {
        "location": "dohst:deepslate_dungeon/rooms/ore_cave",
        "processors": "dohst:deepslate_dungeon/ore_cave/iron",
        "projection": "rigid",
        "element_type": "single_pool_element"
      }
    },
    {
      "weight": 3,
      "element": {
        "location": "dohst:deepslate_dungeon/rooms/ore_cave",
        "processors": "dohst:deepslate_dungeon/ore_cave/copper",
        "projection": "rigid",
        "element_type": "single_pool_element"
      }
    },
    {
      "weight": 2,
      "element": {
        "location": "dohst:deepslate_dungeon/rooms/ore_cave",
        "processors": "dohst:deepslate_dungeon/ore_cave/gold",
        "projection": "rigid",
        "element_type": "single_pool_element"
      }
    },
    {
      "weight": 2,
      "element": {
        "location": "dohst:deepslate_dungeon/rooms/ore_cave",
        "processors": "dohst:deepslate_dungeon/ore_cave/emerald",
        "projection": "rigid",
        "element_type": "single_pool_element"
      }
    },
    {
      "weight": 3,
      "element": {
        "location": "dohst:deepslate_dungeon/rooms/ore_cave",
        "processors": "dohst:deepslate_dungeon/ore_cave/redstone",
        "projection": "rigid",
        "element_type": "single_pool_element"
      }
    },
    {
      "weight": 3,
      "element": {
        "location": "dohst:deepslate_dungeon/rooms/ore_cave",
        "processors": "dohst:deepslate_dungeon/ore_cave/lapis",
        "projection": "rigid",
        "element_type": "single_pool_element"
      }
    },
    {
      "weight": 1,
      "element": {
        "location": "dohst:deepslate_dungeon/rooms/ore_cave",
        "processors": "dohst:deepslate_dungeon/ore_cave/diamond_netherite",
        "projection": "rigid",
        "element_type": "single_pool_element"
      }
    },
    {
      "weight": 3,
      "element": {
        "location": "dohst:deepslate_dungeon/rooms/ore_room",
        "processors": "dohst:deepslate_dungeon/ore_room/coal",
        "projection": "rigid",
        "element_type": "single_pool_element"
      }
    },
    {
      "weight": 3,
      "element": {
        "location": "dohst:deepslate_dungeon/rooms/ore_room",
        "processors": "dohst:deepslate_dungeon/ore_room/iron",
        "projection": "rigid",
        "element_type": "single_pool_element"
      }
    },
    {
      "weight": 3,
      "element": {
        "location": "dohst:deepslate_dungeon/rooms/ore_room",
        "processors": "dohst:deepslate_dungeon/ore_room/copper",
        "projection": "rigid",
        "element_type": "single_pool_element"
      }
    },
    {
      "weight": 2,
      "element": {
        "location": "dohst:deepslate_dungeon/rooms/ore_room",
        "processors": "dohst:deepslate_dungeon/ore_room/gold",
        "projection": "rigid",
        "element_type": "single_pool_element"
      }
    },
    {
      "weight": 2,
      "element": {
        "location": "dohst:deepslate_dungeon/rooms/ore_room",
        "processors": "dohst:deepslate_dungeon/ore_room/emerald",
        "projection": "rigid",
        "element_type": "single_pool_element"
      }
    },
    {
      "weight": 3,
      "element": {
        "location": "dohst:deepslate_dungeon/rooms/ore_room",
        "processors": "dohst:deepslate_dungeon/ore_room/redstone",
        "projection": "rigid",
        "element_type": "single_pool_element"
      }
    },
    {
      "weight": 3,
      "element": {
        "location": "dohst:deepslate_dungeon/rooms/ore_room",
        "processors": "dohst:deepslate_dungeon/ore_room/lapis",
        "projection": "rigid",
        "element_type": "single_pool_element"
      }
    },
    {
      "weight": 1,
      "element": {
        "location": "dohst:deepslate_dungeon/rooms/ore_room",
        "processors": "dohst:deepslate_dungeon/ore_room/diamond_netherite",
        "projection": "rigid",
        "element_type": "single_pool_element"
      }
    }
  ]
}