{
  "name": "dohst:deepslate_dungeon/main",
  "fallback": "minecraft:empty",
  "elements": [
    {
      "weight": 3,
      "element": {
        "location": "dohst:deepslate_dungeon/main/ruined",
        "processors": "dohst:deepslate_dungeon/caves_deepslate",
        "projection": "rigid",
        "element_type": "single_pool_element"
      }
    },
    {
      "weight": 1,
      "element": {
        "location": "dohst:deepslate_dungeon/main/semi_ruined",
        "processors": "dohst:deepslate_dungeon/caves_deepslate",
        "projection": "rigid",
        "element_type": "single_pool_element"
      }
    }
  ]
}